indexKey,rank,name,ticker,isin,sector,weight,cap,ref
cac40,1,TotalEnergies,TTE,FR0000120271,Énergie,8.21,148 Md€,ok
cac40,2,LVMH,MC,FR0000121014,Consommation discrétionnaire,7.72,312 Md€,ok
cac40,3,Schneider Electric,SU,FR0000121972,Industrie,7.11,132 Md€,ok
cac40,4,Sanofi,SAN,FR0000120578,Santé,5.99,124 Md€,ok
cac40,5,Air Liquide,AI,FR0000120073,Matériaux,5.48,104 Md€,ok
cac40,6,Airbus,AIR,NL0000235190,Aéronautique,5.08,128 Md€,none
cac40,7,L'Oréal,OR,FR0000120321,Consommation courante,4.87,200 Md€,none
cac40,8,EssilorLuxottica,EL,FR0000121667,Santé,4.47,110 Md€,none
cac40,9,Hermès International,RMS,FR0000052292,Consommation discrétionnaire,4.06,228 Md€,none
cac40,10,Safran,SAF,FR0000073272,Aéronautique,3.96,98 Md€,none
cac40,11,BNP Paribas,BNP,FR0000131104,Finance,3.65,78 Md€,ok
cac40,12,AXA,CS,FR0000120628,Assurance,3.45,82 Md€,none
cac40,13,Vinci,DG,FR0000125486,Industrie,3.15,68 Md€,ok
cac40,14,Dassault Systèmes,DSY,FR0014003TT8,Technologie,2.13,44 Md€,none
cac40,15,Thales,HO,FR0000121329,Aéronautique,1.93,36 Md€,none
cac40,16,Engie,ENGI,FR0010208488,Services aux collectivités,1.88,42 Md€,none
cac40,17,Danone,BN,FR0000120644,Consommation courante,1.88,44 Md€,none
cac40,18,Crédit Agricole,ACA,FR0000045072,Finance,1.83,44 Md€,none
cac40,19,Saint-Gobain,SGO,FR0000125007,Matériaux,1.78,40 Md€,none
cac40,20,Société Générale,GLE,FR0000130809,Finance,1.62,32 Md€,none
cac40,21,Orange,ORA,FR0000133308,Télécommunications,1.57,32 Md€,none
cac40,22,Legrand,LR,FR0010307819,Industrie,1.52,28 Md€,none
cac40,23,Capgemini,CAP,FR0000125338,Technologie,1.47,26 Md€,none
cac40,24,Publicis Groupe,PUB,FR0000130577,Communication,1.42,24 Md€,none
cac40,25,Michelin,ML,FR001400AJ45,Automobile,1.37,24 Md€,none
cac40,26,Stellantis,STLAP,NL00150001Q9,Automobile,1.32,26 Md€,none
cac40,27,Veolia Environnement,VIE,FR0000124141,Services aux collectivités,1.27,24 Md€,none
cac40,28,Kering,KER,FR0000121485,Consommation discrétionnaire,1.22,26 Md€,none
cac40,29,Pernod Ricard,RI,FR0000120693,Consommation courante,1.17,24 Md€,none
cac40,30,STMicroelectronics,STMPA,NL0000226223,Technologie,1.07,31 Md€,none
cac40,31,ArcelorMittal,MT,LU1598757687,Matériaux,0.91,18 Md€,none
cac40,32,Accor,AC,FR0000120404,Consommation discrétionnaire,0.76,11 Md€,none
cac40,33,Carrefour,CA,FR0000120172,Consommation courante,0.71,9 Md€,none
cac40,34,Bouygues,EN,FR0000120503,Industrie,0.66,13 Md€,none
cac40,35,Renault,RNO,FR0000131906,Automobile,0.66,13 Md€,none
cac40,36,Bureau Veritas,BVI,FR0006174348,Industrie,0.61,13 Md€,none
cac40,37,Unibail-Rodamco-Westfield,URW,FR0013326246,Immobilier,0.56,11 Md€,none
cac40,38,Eurofins Scientific,ERF,FR0014000MR3,Santé,0.51,10 Md€,none
cac40,39,Edenred,EDEN,FR0010908533,Technologie,0.46,7 Md€,none
cac40,40,Teleperformance,TEP,FR0000051807,Industrie,0.51,5 Md€,none
dax,1,SAP,SAP,DE0007164600,Technologie,12.74,240 Md€,none
dax,2,Siemens,SIE,DE0007236101,Industrie,8.51,160 Md€,none
dax,3,Deutsche Telekom,DTE,DE0005557508,Télécommunications,7.71,145 Md€,none
dax,4,Airbus,AIR,NL0000235190,Aéronautique,6.81,128 Md€,none
dax,5,Allianz,ALV,DE0008404005,Assurance,6.12,115 Md€,none
dax,6,Porsche AG,P911,DE000PAG9113,Automobile,3.46,65 Md€,none
dax,7,Munich Re,MUV2,DE0008430026,Assurance,3.4,64 Md€,none
dax,8,Merck KGaA,MRK,DE0006599905,Santé,3.3,62 Md€,none
dax,9,Siemens Healthineers,SHL,DE000SHL1006,Santé,3.09,58 Md€,none
dax,10,Mercedes-Benz Group,MBG,DE0007100000,Automobile,2.87,54 Md€,none
dax,11,BMW,BMW,DE0005190003,Automobile,2.66,50 Md€,none
dax,12,DHL Group,DHL,DE0005552004,Industrie,2.39,45 Md€,none
dax,13,Volkswagen,VOW3,DE0007664039,Automobile,2.39,45 Md€,none
dax,14,Infineon Technologies,IFX,DE0006231004,Technologie,2.34,44 Md€,none
dax,15,Deutsche Börse,DB1,DE0005810055,Finance,2.29,43 Md€,none
dax,16,BASF,BAS,DE000BASF111,Matériaux,2.13,40 Md€,none
dax,17,Adidas,ADS,DE000A1EWWW0,Consommation discrétionnaire,2.13,40 Md€,none
dax,18,Deutsche Bank,DBK,DE0005140008,Finance,1.7,32 Md€,none
dax,19,E.ON,EOAN,DE000ENAG999,Services aux collectivités,1.7,32 Md€,none
dax,20,Henkel,HEN3,DE0006048432,Consommation courante,1.7,32 Md€,none
dax,21,Beiersdorf,BEI,DE0005200000,Consommation courante,1.7,32 Md€,none
dax,22,Siemens Energy,ENR,DE000ENER6Y0,Industrie,1.6,30 Md€,none
dax,23,Hannover Rück,HNR1,DE0008402215,Assurance,1.54,29 Md€,none
dax,24,Rheinmetall,RHM,DE0007030009,Aéronautique,1.49,28 Md€,none
dax,25,Daimler Truck,DTG,DE000DTR0CK8,Automobile,1.44,27 Md€,none
dax,26,Bayer,BAYN,DE000BAY0017,Santé,1.38,26 Md€,none
dax,27,RWE,RWE,DE0007037129,Services aux collectivités,1.28,24 Md€,none
dax,28,Vonovia,VNA,DE000A1ML7J1,Immobilier,1.28,24 Md€,none
dax,29,Heidelberg Materials,HEI,DE0006047004,Matériaux,0.96,18 Md€,none
dax,30,Fresenius,FRE,DE0005785604,Santé,0.96,18 Md€,none
dax,31,Sartorius,SRT3,DE0007165631,Santé,0.96,18 Md€,none
dax,32,Commerzbank,CBK,DE000CBK1001,Finance,0.96,18 Md€,none
dax,33,Symrise,SY1,DE000SYM9999,Matériaux,0.8,15 Md€,none
dax,34,MTU Aero Engines,MTX,DE000A0D9PT0,Aéronautique,0.8,15 Md€,none
dax,35,Porsche Automobil Holding,PAH3,DE000PAH0038,Automobile,0.69,13 Md€,none
dax,36,Fresenius Medical Care,FME,DE0005785802,Santé,0.64,12 Md€,none
dax,37,Continental,CON,DE0005439004,Automobile,0.64,12 Md€,none
dax,38,Brenntag,BNR,DE000A1DAHH0,Matériaux,0.53,10 Md€,none
dax,39,Qiagen,QIA,NL0012169213,Santé,0.48,9 Md€,none
dax,40,Zalando,ZAL,DE000ZAL1111,Consommation discrétionnaire,0.43,8 Md€,none
sx5e,1,LVMH,MC,FR0000121014,Consommation discrétionnaire,6.312,312 Md€,none
sx5e,2,ASML Holding,ASML,NL0010273215,Technologie,5.713,280 Md€,none
sx5e,3,SAP,SAP,DE0007164600,Technologie,4.899,240 Md€,none
sx5e,4,Hermès International,RMS,FR0000052292,Consommation discrétionnaire,4.655,228 Md€,none
sx5e,5,L’Oréal,OR,FR0000120321,Consommation courante,4.084,200 Md€,none
sx5e,6,Siemens,SIE,DE0007236101,Industrie,3.269,160 Md€,none
sx5e,7,Inditex,ITX,ES0148396007,Consommation discrétionnaire,3.063,150 Md€,none
sx5e,8,TotalEnergies,TTE,FR0000120271,Énergie,3.016,148 Md€,none
sx5e,9,Deutsche Telekom,DTE,DE0005557508,Télécommunications,2.96,145 Md€,none
sx5e,10,Schneider Electric,SU,FR0000121972,Industrie,2.697,132 Md€,none
sx5e,11,Airbus,AIR,NL0000235190,Aéronautique,2.613,128 Md€,none
sx5e,12,Sanofi,SAN,FR0000120578,Santé,2.529,124 Md€,none
sx5e,13,Allianz,ALV,DE0008404005,Assurance,2.351,115 Md€,none
sx5e,14,Anheuser-Busch InBev,ABI,BE0974293251,Consommation courante,2.248,110 Md€,none
sx5e,15,EssilorLuxottica,EL,FR0000121667,Santé,2.248,110 Md€,none
sx5e,16,Air Liquide,AI,FR0000120073,Matériaux,2.126,104 Md€,none
sx5e,17,Safran,SAF,FR0000073272,Aéronautique,2.004,98 Md€,none
sx5e,18,Prosus,PRX,NL0013654783,Technologie,1.939,95 Md€,none
sx5e,19,Iberdrola,IBE,ES0144580Y14,Services aux collectivités,1.939,95 Md€,none
sx5e,20,Argenx,ARGEN,NL0010832176,Non classé,1.873,—,none
sx5e,21,Bayer,BAYER,DE000BAY0017,Non classé,1.873,—,none
sx5e,22,Rheinmetall,RHEIN,DE0007030009,Non classé,1.873,—,none
sx5e,23,Saint-Gobain,SAINT,FR0000125007,Non classé,1.873,—,none
sx5e,24,Volkswagen Group,VOLKS,DE0007664039,Non classé,1.873,—,none
sx5e,25,Banco Santander,SAN.MC,ES0113900J37,Finance,1.733,85 Md€,none
sx5e,26,AXA,CS,FR0000120628,Assurance,1.676,82 Md€,none
sx5e,27,BNP Paribas,BNP,FR0000131104,Finance,1.592,78 Md€,none
sx5e,28,Enel,ENEL,IT0003128367,Services aux collectivités,1.47,72 Md€,none
sx5e,29,Intesa Sanpaolo,ISP,IT0000072618,Finance,1.47,72 Md€,none
sx5e,30,Ferrari,RACE,NL0011585146,Automobile,1.386,68 Md€,none
sx5e,31,Vinci,DG,FR0000125486,Industrie,1.386,68 Md€,none
sx5e,32,Porsche AG,P911,DE000PAG9113,Automobile,1.33,65 Md€,none
sx5e,33,BBVA,BBVA,ES0113211835,Finance,1.33,65 Md€,none
sx5e,34,Munich Re,MUV2,DE0008430026,Assurance,1.302,64 Md€,none
sx5e,35,UniCredit,UCG,IT0005239360,Finance,1.227,60 Md€,none
sx5e,36,Siemens Healthineers,SHL,DE000SHL1006,Santé,1.18,58 Md€,none
sx5e,37,Mercedes-Benz Group,MBG,DE0007100000,Automobile,1.105,54 Md€,none
sx5e,38,ING Groep,INGA,NL0011821202,Finance,1.058,52 Md€,none
sx5e,39,BMW,BMW,DE0005190003,Automobile,1.021,50 Md€,none
sx5e,40,Eni,ENI,IT0003132476,Énergie,0.918,45 Md€,none
sx5e,41,Adyen,ADYEN,NL0012969182,Technologie,0.918,45 Md€,none
sx5e,42,DHL Group,DHL,DE0005552004,Industrie,0.918,45 Md€,none
sx5e,43,Infineon Technologies,IFX,DE0006231004,Technologie,0.899,44 Md€,none
sx5e,44,Danone,BN,FR0000120644,Consommation courante,0.899,44 Md€,none
sx5e,45,Heineken,HEIA,NL0000009165,Consommation courante,0.899,44 Md€,none
sx5e,46,Nordea Bank,NDA,FI4000297767,Finance,0.881,43 Md€,none
sx5e,47,Deutsche Börse,DB1,DE0005810055,Finance,0.881,43 Md€,none
sx5e,48,Assicurazioni Generali,G,IT0000062072,Assurance,0.861,42 Md€,none
sx5e,49,BASF,BAS,DE000BASF111,Matériaux,0.815,40 Md€,none
sx5e,50,Adidas,ADS,DE000A1EWWW0,Consommation discrétionnaire,0.815,40 Md€,none
spx,1,Apple Inc.,AAPL,US0378331005,Technologie,7.38,3400 Md$,none
spx,2,Nvidia,NVDA,US67066G1040,Technologie,6.46,3300 Md$,none
spx,3,Microsoft,MSFT,US5949181045,Technologie,6.26,3200 Md$,none
spx,4,Amazon,AMZN,US0231351067,Consommation discrétionnaire,4.11,2100 Md$,none
spx,5,Meta Platforms,META,US30303M1027,Communication,2.74,1400 Md$,none
spx,6,Alphabet Inc. (Class A),GOOGL,US02079K3059,Communication,2.15,1100 Md$,none
spx,7,Alphabet Inc. (Class C),GOOG,US02079K1079,Communication,1.96,1000 Md$,none
spx,8,Berkshire Hathaway,BRK.B,US0846707026,Finance,1.96,1000 Md$,none
spx,9,Broadcom,AVGO,US11135F1012,Technologie,1.76,900 Md$,none
spx,10,"Tesla, Inc.",TSLA,US88160R1014,Consommation discrétionnaire,1.76,900 Md$,none
spx,11,Lilly (Eli),LLY,US5324571083,Santé,1.56,800 Md$,none
spx,12,JPMorgan Chase,JPM,US46625H1005,Finance,1.37,700 Md$,none
spx,13,Walmart,WMT,US9311421039,Consommation courante,1.37,700 Md$,none
spx,14,Visa Inc.,V,US92826C8394,Finance,1.21,620 Md$,none
spx,15,Mastercard,MA,US57636Q1040,Finance,0.98,500 Md$,none
spx,16,UnitedHealth Group,UNH,US91324P1021,Santé,0.98,500 Md$,none
spx,17,ExxonMobil,XOM,US30231G1022,Énergie,0.94,480 Md$,none
spx,18,Oracle Corporation,ORCL,US68389X1054,Technologie,0.94,480 Md$,none
spx,19,Costco,COST,US22160K1051,Consommation courante,0.78,400 Md$,none
spx,20,Home Depot (The),HD,US4370761029,Consommation discrétionnaire,0.76,390 Md$,none
spx,21,Procter & Gamble,PG,US7427181091,Consommation courante,0.76,390 Md$,none
spx,22,Johnson & Johnson,JNJ,US4781601046,Santé,0.74,380 Md$,none
spx,23,Netflix,NFLX,US64110L1061,Communication,0.74,380 Md$,none
spx,24,AbbVie,ABBV,US00287Y1091,Santé,0.65,330 Md$,none
spx,25,Bank of America,BAC,US0605051046,Finance,0.65,330 Md$,none
spx,26,Chevron Corporation,CVX,US1667641005,Énergie,0.57,290 Md$,none
spx,27,Coca-Cola Company (The),KO,US1912161007,Consommation courante,0.55,280 Md$,none
spx,28,Advanced Micro Devices,AMD,US0079031078,Technologie,0.51,260 Md$,none
spx,29,Salesforce,CRM,US79466L3024,Technologie,0.51,260 Md$,none
spx,30,Merck & Co.,MRK,US58933Y1055,Santé,0.49,250 Md$,none
spx,31,T-Mobile US,TMUS,US8725901040,Communication,0.49,250 Md$,none
spx,32,Wells Fargo,WFC,US9497461015,Finance,0.47,240 Md$,none
spx,33,Adobe Inc.,ADBE,US00724F1012,Technologie,0.45,230 Md$,none
spx,34,Cisco,CSCO,US17275R1023,Technologie,0.45,230 Md$,none
spx,35,PepsiCo,PEP,US7134481081,Consommation courante,0.45,230 Md$,none
spx,36,Linde plc,LIN,IE000S9YS762,Matériaux,0.43,220 Md$,none
spx,37,McDonald's,MCD,US5801351017,Consommation discrétionnaire,0.41,210 Md$,none
spx,38,Abbott Laboratories,ABT,US0028241000,Santé,0.39,200 Md$,none
spx,39,Accenture,ACN,IE00B4BNMY34,Technologie,0.39,200 Md$,none
spx,40,GE Aerospace,GE,US3696043013,Industrie,0.39,200 Md$,none
spx,41,IBM,IBM,US4592001014,Technologie,0.39,200 Md$,none
spx,42,Morgan Stanley,MS,US6174464486,Finance,0.39,200 Md$,none
spx,43,ServiceNow,NOW,US81762P1021,Technologie,0.39,200 Md$,none
spx,44,Thermo Fisher Scientific,TMO,US8835561023,Santé,0.39,200 Md$,none
spx,45,Walt Disney Company (The),DIS,US2546871060,Communication,0.39,200 Md$,none
spx,46,American Express,AXP,US0258161092,Finance,0.37,190 Md$,none
spx,47,Qualcomm,QCOM,US7475251036,Technologie,0.37,190 Md$,none
spx,48,Blackstone Inc.,BX,US09260D1072,Finance,0.35,180 Md$,none
spx,49,Intuit,INTU,US4612021034,Technologie,0.35,180 Md$,none
spx,50,Intuitive Surgical,ISRG,US46120E6023,Santé,0.35,180 Md$,none
spx,51,Palantir Technologies,PLTR,US69608A1088,Technologie,0.35,180 Md$,none
spx,52,Texas Instruments,TXN,US8825081040,Technologie,0.35,180 Md$,none
spx,53,Verizon,VZ,US92343V1044,Communication,0.35,180 Md$,none
spx,54,Amgen,AMGN,US0311621009,Santé,0.33,170 Md$,none
spx,55,Caterpillar Inc.,CAT,US1491231015,Industrie,0.33,170 Md$,none
spx,56,Applied Materials,AMAT,US0382221051,Technologie,0.31,160 Md$,none
spx,57,Comcast,CMCSA,US20030N1019,Communication,0.31,160 Md$,none
spx,58,Goldman Sachs,GS,US38141G1040,Finance,0.31,160 Md$,none
spx,59,RTX Corporation,RTX,US75513E1010,Industrie,0.31,160 Md$,none
spx,60,BlackRock,BLK,US09290D1019,Finance,0.29,150 Md$,none
spx,61,Booking Holdings,BKNG,US09857L1089,Consommation discrétionnaire,0.29,150 Md$,none
spx,62,Danaher Corporation,DHR,US2358511028,Santé,0.29,150 Md$,none
spx,63,NextEra Energy,NEE,US65339F1012,Services aux collectivités,0.29,150 Md$,none
spx,64,Pfizer,PFE,US7170811035,Santé,0.29,150 Md$,none
spx,65,Progressive Corporation,PGR,US7433151039,Finance,0.29,150 Md$,none
spx,66,Uber,UBER,US90353T1007,Industrie,0.29,150 Md$,none
spx,67,Charles Schwab Corporation,SCHW,US8085131055,Finance,0.27,140 Md$,none
spx,68,Honeywell Technologies,HON,US4385161066,Industrie,0.27,140 Md$,none
spx,69,Lowe's,LOW,US5486611073,Consommation discrétionnaire,0.27,140 Md$,none
spx,70,Stryker Corporation,SYK,US8636671013,Santé,0.27,140 Md$,none
spx,71,Union Pacific Corporation,UNP,US9078181081,Industrie,0.27,140 Md$,none
spx,72,Arista Networks,ANET,US0404131064,Technologie,0.25,130 Md$,none
spx,73,Boston Scientific,BSX,US1011371077,Santé,0.25,130 Md$,none
spx,74,Citigroup,C,US1729674242,Finance,0.25,130 Md$,none
spx,75,Eaton Corporation,ETN,IE00B8KQN827,Industrie,0.25,130 Md$,none
spx,76,ConocoPhillips,COP,US20825C1045,Énergie,0.23,120 Md$,none
spx,77,Deere & Company,DE,US2441991054,Industrie,0.23,120 Md$,none
spx,78,Palo Alto Networks,PANW,US6974351057,Technologie,0.23,120 Md$,none
spx,79,Vertex Pharmaceuticals,VRTX,US92532F1003,Santé,0.23,120 Md$,none
spx,80,Medtronic,MDT,IE00BTN1Y115,Santé,0.23,115 Md$,none
spx,81,Analog Devices,ADI,US0326541051,Technologie,0.21,110 Md$,none
spx,82,Automatic Data Processing,ADP,US0530151036,Industrie,0.21,110 Md$,none
spx,83,Boeing,BA,US0970231058,Industrie,0.21,110 Md$,none
spx,84,Bristol Myers Squibb,BMY,US1101221083,Santé,0.21,110 Md$,none
spx,85,Chubb Limited,CB,CH0044328745,Finance,0.21,110 Md$,none
spx,86,Gilead Sciences,GILD,US3755581036,Santé,0.21,110 Md$,none
spx,87,Lockheed Martin,LMT,US5398301094,Industrie,0.21,110 Md$,none
spx,88,Micron Technology,MU,US5951121038,Technologie,0.21,110 Md$,none
spx,89,"Nike, Inc.",NKE,US6541061031,Consommation discrétionnaire,0.21,110 Md$,none
spx,90,Starbucks,SBUX,US8552441094,Consommation discrétionnaire,0.21,110 Md$,none
spx,91,Intel,INTC,US4581401001,Technologie,0.2,100 Md$,none
spx,92,Lam Research,LRCX,US5128071082,Technologie,0.2,100 Md$,none
spx,93,Southern Company,SO,US8425871071,Services aux collectivités,0.19,95 Md$,none
spx,94,Altria,MO,US02209S1033,Consommation courante,0.18,90 Md$,none
spx,95,Duke Energy,DUK,US26441C2044,Services aux collectivités,0.18,90 Md$,none
spx,96,Elevance Health,ELV,US0367521038,Santé,0.18,90 Md$,none
spx,97,KLA Corporation,KLAC,US4824801009,Technologie,0.18,90 Md$,none
spx,98,Mondelez International,MDLZ,US6092071058,Consommation courante,0.18,90 Md$,none
spx,99,Sherwin-Williams,SHW,US8243481061,Matériaux,0.18,90 Md$,none
spx,100,Cigna,CI,US1255231003,Santé,0.17,85 Md$,none
spx,101,Waste Management,WM,US94106L1098,Industrie,0.17,85 Md$,none
spx,102,Cadence Design Systems,CDNS,US1273871087,Technologie,0.16,80 Md$,none
spx,103,Cintas,CTAS,US1729081059,Industrie,0.16,80 Md$,none
spx,104,Regeneron Pharmaceuticals,REGN,US75886F1075,Santé,0.16,80 Md$,none
spx,105,Synopsys,SNPS,US8716071076,Technologie,0.16,80 Md$,none
spx,106,Aon plc,AON,IE00BLP1HW54,Finance,0.15,75 Md$,none
spx,107,"Block, Inc.",XYZ,US8522341036,Finance,0.15,75 Md$,none
spx,108,Colgate-Palmolive,CL,US1941621039,Consommation courante,0.15,75 Md$,none
spx,109,PNC Financial Services,PNC,US6934751057,Finance,0.15,75 Md$,none
spx,110,U.S. Bancorp,USB,US9029733048,Finance,0.15,75 Md$,none
spx,111,Zoetis,ZTS,US98978V1035,Santé,0.15,75 Md$,none
spx,112,3M,MMM,US88579Y1010,Industrie,0.14,70 Md$,none
spx,113,Constellation Energy,CEG,US21037T1097,Services aux collectivités,0.14,70 Md$,none
spx,114,CVS Health,CVS,US1266501006,Santé,0.14,70 Md$,none
spx,115,Emerson Electric,EMR,US2910111044,Industrie,0.14,70 Md$,none
spx,116,Fortinet,FTNT,US34959E1091,Technologie,0.14,70 Md$,none
spx,117,Marvell Technology,MRVL,US5738741041,Technologie,0.14,70 Md$,none
spx,118,O'Reilly Automotive,ORLY,US67103H1077,Consommation discrétionnaire,0.14,70 Md$,none
spx,119,PayPal,PYPL,US70450Y1038,Finance,0.14,70 Md$,none
spx,120,CSX Corporation,CSX,US1264081035,Industrie,0.13,65 Md$,none
spx,121,Williams Companies,WMB,US9694571004,Énergie,0.13,65 Md$,none
spx,122,Freeport-McMoRan,FCX,US35671D8570,Matériaux,0.12,60 Md$,none
spx,123,Kinder Morgan,KMI,US49456B1017,Énergie,0.12,60 Md$,none
spx,124,Newmont,NEM,US6516391066,Matériaux,0.12,60 Md$,none
spx,125,Copart,CPRT,US2172041061,Industrie,0.11,55 Md$,none
spx,126,MetLife,MET,US59156R1086,Finance,0.11,55 Md$,none
spx,127,Paccar,PCAR,US6937181088,Industrie,0.11,55 Md$,none
spx,128,Roper Technologies,ROP,US7766961061,Technologie,0.11,55 Md$,none
spx,129,Sempra,SRE,US8168511090,Services aux collectivités,0.11,55 Md$,none
spx,130,Travelers Companies (The),TRV,US89417E1091,Finance,0.11,55 Md$,none
spx,131,Truist Financial,TFC,US89832Q1094,Finance,0.11,55 Md$,none
spx,132,Allstate,ALL,US0200021014,Finance,0.1,50 Md$,none
spx,133,American Electric Power,AEP,US0255371017,Services aux collectivités,0.1,50 Md$,none
spx,134,Charter Communications,CHTR,US16119P1084,Communication,0.1,50 Md$,none
spx,135,Marathon Petroleum,MPC,US56585A1025,Énergie,0.1,50 Md$,none
spx,136,Paychex,PAYX,US7043261079,Industrie,0.1,50 Md$,none
spx,137,Phillips 66,PSX,US7185461040,Énergie,0.1,50 Md$,none
spx,138,Ross Stores,ROST,US7782961038,Consommation discrétionnaire,0.1,50 Md$,none
spx,139,American International Group,AIG,US0268747849,Finance,0.09,45 Md$,none
spx,140,Diamondback Energy,FANG,US25278X1090,Énergie,0.09,45 Md$,none
spx,141,Fastenal,FAST,US3119001044,Industrie,0.09,45 Md$,none
spx,142,Keurig Dr Pepper,KDP,US49271V1008,Consommation courante,0.09,45 Md$,none
spx,143,Baker Hughes,BKR,US05722G1004,Énergie,0.08,40 Md$,none
spx,144,Cognizant,CTSH,US1924461023,Technologie,0.08,40 Md$,none
spx,145,Exelon,EXC,US30161N1019,Services aux collectivités,0.08,40 Md$,none
spx,146,GE HealthCare,GEHC,US36266G1076,Santé,0.08,40 Md$,none
spx,147,Old Dominion,ODFL,US6795801009,Industrie,0.08,40 Md$,none
spx,148,Prudential Financial,PRU,US7443201022,Finance,0.08,40 Md$,none
spx,149,Verisk Analytics,VRSK,US92345Y1064,Industrie,0.08,40 Md$,none
spx,150,Idexx Laboratories,IDXX,US45168D1046,Santé,0.07,35 Md$,none
spx,151,Kraft Heinz,KHC,US5007541064,Consommation courante,0.07,35 Md$,none
spx,152,Microchip Technology,MCHP,US5950171042,Technologie,0.07,35 Md$,none
spx,153,Xcel Energy,XEL,US98389B1008,Services aux collectivités,0.07,35 Md$,none
spx,154,A. O. Smith,AOS,US8318652091,Industrie,0.06,—,none
spx,155,AES Corporation,AES,US00130H1059,Services aux collectivités,0.06,—,none
spx,156,Aflac,AFL,US0010551028,Finance,0.06,—,none
spx,157,Agilent Technologies,A,US00846U1016,Santé,0.06,—,none
spx,158,Air Products,APD,US0091581068,Matériaux,0.06,—,none
spx,159,Airbnb,ABNB,US0090661010,Consommation discrétionnaire,0.06,—,none
spx,160,Akamai Technologies,AKAM,US00971T1016,Technologie,0.06,—,none
spx,161,Albemarle Corporation,ALB,US0126531013,Matériaux,0.06,—,none
spx,162,Alexandria Real Estate Equities,ARE,US0152711091,Immobilier,0.06,—,none
spx,163,Align Technology,ALGN,US0162551016,Santé,0.06,—,none
spx,164,Allegion,ALLE,IE00BFRT3W74,Industrie,0.06,—,none
spx,165,Alliant Energy,LNT,US0188021085,Services aux collectivités,0.06,—,none
spx,166,Amcor,AMCR,AU000000AMC4,Matériaux,0.06,—,none
spx,167,Ameren,AEE,US0236081024,Services aux collectivités,0.06,—,none
spx,168,American Tower,AMT,US03027X1000,Immobilier,0.06,—,none
spx,169,American Water Works,AWK,US0304201033,Services aux collectivités,0.06,—,none
spx,170,Ameriprise Financial,AMP,US03076C1062,Finance,0.06,—,none
spx,171,Ametek,AME,US0311001004,Industrie,0.06,—,none
spx,172,Amphenol,APH,US0320951017,Technologie,0.06,—,none
spx,173,APA Corporation,APA,US0374111054,Énergie,0.06,—,none
spx,174,Apollo Global Management,APO,US03768E1055,Finance,0.06,—,none
spx,175,AppLovin,APP,US03831W1080,Communication,0.06,—,none
spx,176,Aptiv,APTV,JE00B783TY65,Consommation discrétionnaire,0.06,—,none
spx,177,Arch Capital Group,ACGL,BMG0450A1053,Finance,0.06,—,none
spx,178,Archer Daniels Midland,ADM,US0394831020,Consommation courante,0.06,—,none
spx,179,Ares Management,ARES,US03990B1017,Finance,0.06,—,none
spx,180,Arthur J. Gallagher & Co.,AJG,US3635761097,Finance,0.06,—,none
spx,181,Assurant,AIZ,US04621X1081,Finance,0.06,—,none
spx,182,AT&T,T,US00206R1023,Communication,0.06,—,none
spx,183,Atmos Energy,ATO,US0495601058,Services aux collectivités,0.06,—,none
spx,184,Autodesk,ADSK,US0527691069,Technologie,0.06,—,none
spx,185,AutoZone,AZO,US0533321024,Consommation discrétionnaire,0.06,—,none
spx,186,Avery Dennison,AVY,US0536111091,Matériaux,0.06,—,none
spx,187,Axon Enterprise,AXON,US87651B1044,Industrie,0.06,—,none
spx,188,Ball Corporation,BALL,US0584981064,Matériaux,0.06,—,none
spx,189,Baxter International,BAX,US0718131099,Santé,0.06,—,none
spx,190,Becton Dickinson,BDX,US0758871091,Santé,0.06,—,none
spx,191,Best Buy,BBY,US0865161014,Consommation discrétionnaire,0.06,—,none
spx,192,Bio-Techne,TECH,US09073M1045,Santé,0.06,—,none
spx,193,Broadridge Financial Solutions,BR,US11133T1034,Industrie,0.06,—,none
spx,194,Brown & Brown,BRO,US1152361010,Finance,0.06,—,none
spx,195,Brown–Forman,BF.B,US1156371007,Consommation courante,0.06,—,none
spx,196,Builders FirstSource,BLDR,US12008R1077,Industrie,0.06,—,none
spx,197,Bunge Global,BG,BMG169621056,Consommation courante,0.06,—,none
spx,198,"BXP, Inc.",BXP,US1011211018,Immobilier,0.06,—,none
spx,199,C.H. Robinson,CHRW,US12541W2098,Industrie,0.06,—,none
spx,200,Camden Property Trust,CPT,US1331311027,Immobilier,0.06,—,none
spx,201,Capital One,COF,US14040H1059,Finance,0.06,—,none
spx,202,Cardinal Health,CAH,US14149Y1082,Santé,0.06,—,none
spx,203,Carnival Corporation,CCL,GB0031215220,Consommation discrétionnaire,0.06,—,none
spx,204,Carrier Global,CARR,US14448C1045,Industrie,0.06,—,none
spx,205,Carvana,CVNA,US1468691027,Consommation discrétionnaire,0.06,—,none
spx,206,Casey's,CASY,US1475281036,Consommation courante,0.06,—,none
spx,207,CBRE Group,CBRE,US12504L1098,Immobilier,0.06,—,none
spx,208,Cencora,COR,US03073E1055,Santé,0.06,—,none
spx,209,Centene Corporation,CNC,US15135B1017,Santé,0.06,—,none
spx,210,CenterPoint Energy,CNP,US15189T1079,Services aux collectivités,0.06,—,none
spx,211,CF Industries,CF,US1252691001,Matériaux,0.06,—,none
spx,212,Charles River Laboratories,CRL,US1598641074,Santé,0.06,—,none
spx,213,Chipotle Mexican Grill,CMG,US1696561059,Consommation discrétionnaire,0.06,—,none
spx,214,Church & Dwight,CHD,US1713401024,Consommation courante,0.06,—,none
spx,215,Ciena,CIEN,US1717793095,Technologie,0.06,—,none
spx,216,Cincinnati Financial,CINF,US1720621010,Finance,0.06,—,none
spx,217,Citizens Financial Group,CFG,US1746101054,Finance,0.06,—,none
spx,218,Clorox,CLX,US1890541097,Consommation courante,0.06,—,none
spx,219,CME Group,CME,US12572Q1058,Finance,0.06,—,none
spx,220,CMS Energy,CMS,US1258961002,Services aux collectivités,0.06,—,none
spx,221,Coherent Corp.,COHR,US1924791031,Technologie,0.06,—,none
spx,222,Coinbase,COIN,US19260Q1076,Finance,0.06,—,none
spx,223,Comfort Systems USA,FIX,US1999081045,Industrie,0.06,—,none
spx,224,Consolidated Edison,ED,US2091151041,Services aux collectivités,0.06,—,none
spx,225,Constellation Brands,STZ,US21036P1084,Consommation courante,0.06,—,none
spx,226,Cooper Companies (The),COO,US2166484020,Santé,0.06,—,none
spx,227,Corning Inc.,GLW,US2193501051,Technologie,0.06,—,none
spx,228,Corpay,CPAY,US3390411052,Finance,0.06,—,none
spx,229,Corteva,CTVA,US22052L1044,Matériaux,0.06,—,none
spx,230,CoStar Group,CSGP,US22160N1090,Immobilier,0.06,—,none
spx,231,CRH plc,CRH,IE0001827041,Matériaux,0.06,—,none
spx,232,CrowdStrike,CRWD,US22788C1053,Technologie,0.06,—,none
spx,233,Crown Castle,CCI,US22822V1017,Immobilier,0.06,—,none
spx,234,Cummins,CMI,US2310211063,Industrie,0.06,—,none
spx,235,Darden Restaurants,DRI,US2371941053,Consommation discrétionnaire,0.06,—,none
spx,236,Datadog,DDOG,US23804L1035,Technologie,0.06,—,none
spx,237,DaVita,DVA,US23918K1088,Santé,0.06,—,none
spx,238,Deckers Brands,DECK,US2435371073,Consommation discrétionnaire,0.06,—,none
spx,239,Dell Technologies,DELL,US24703L2025,Technologie,0.06,—,none
spx,240,Delta Air Lines,DAL,US2473617023,Industrie,0.06,—,none
spx,241,Devon Energy,DVN,US25179M1036,Énergie,0.06,—,none
spx,242,Digital Realty,DLR,US2538681030,Immobilier,0.06,—,none
spx,243,Dollar General,DG,US2566771059,Consommation courante,0.06,—,none
spx,244,Dollar Tree,DLTR,US2567461080,Consommation courante,0.06,—,none
spx,245,Dominion Energy,D,US25746U1097,Services aux collectivités,0.06,—,none
spx,246,Domino's,DPZ,US25754A2015,Consommation discrétionnaire,0.06,—,none
spx,247,DoorDash,DASH,US25809K1051,Consommation discrétionnaire,0.06,—,none
spx,248,Dover Corporation,DOV,US2600031080,Industrie,0.06,—,none
spx,249,Dow Inc.,DOW,US2605571031,Matériaux,0.06,—,none
spx,250,D. R. Horton,DHI,US23331A1097,Consommation discrétionnaire,0.06,—,none
spx,251,DuPont,DD,US2635341090,Industrie,0.06,—,none
spx,252,Ecolab,ECL,US2788651006,Matériaux,0.06,—,none
spx,253,Edison International,EIX,US2810201077,Services aux collectivités,0.06,—,none
spx,254,Edwards Lifesciences,EW,US28176E1082,Santé,0.06,—,none
spx,255,Emcor|| Industrials,EME,US29084Q1004,Non classé,0.06,—,none
spx,256,Entergy,ETR,US29364G1031,Services aux collectivités,0.06,—,none
spx,257,EOG Resources,EOG,US26875P1012,Énergie,0.06,—,none
spx,258,EQT Corporation,EQT,US26884L1098,Énergie,0.06,—,none
spx,259,Equifax,EFX,US2944291051,Industrie,0.06,—,none
spx,260,Equinix,EQIX,US29444U5020,Immobilier,0.06,—,none
spx,261,Essex Property Trust,ESS,US2971781057,Immobilier,0.06,—,none
spx,262,Estée Lauder Companies (The),EL,US5184391044,Consommation courante,0.06,—,none
spx,263,Everest Group,EG,BMG3223R1088,Finance,0.06,—,none
spx,264,Evergy,EVRG,US30034W1062,Services aux collectivités,0.06,—,none
spx,265,Eversource Energy,ES,US30040W1080,Services aux collectivités,0.06,—,none
spx,266,Expand Energy,EXE,US1651671075,Énergie,0.06,—,none
spx,267,Expedia Group,EXPE,US30212P3038,Consommation discrétionnaire,0.06,—,none
spx,268,Expeditors International,EXPD,US3021301094,Industrie,0.06,—,none
spx,269,Extra Space Storage,EXR,US30225T1025,Immobilier,0.06,—,none
spx,270,"F5, Inc.",FFIV,US3156161024,Technologie,0.06,—,none
spx,271,FactSet,FDS,US3030751057,Finance,0.06,—,none
spx,272,Fair Isaac,FICO,US3032501047,Technologie,0.06,—,none
spx,273,Federal Realty Investment Trust,FRT,US3137451015,Immobilier,0.06,—,none
spx,274,FedEx,FDX,US31428X1063,Industrie,0.06,—,none
spx,275,Ferguson Enterprises,FERG,JE00BFNWV485,Industrie,0.06,—,none
spx,276,Fidelity National Information Services,FIS,US31620M1062,Finance,0.06,—,none
spx,277,First Solar,FSLR,US3364331070,Technologie,0.06,—,none
spx,278,FirstEnergy,FE,US3379321074,Services aux collectivités,0.06,—,none
spx,279,Fiserv,FISV,US3377381088,Finance,0.06,—,none
spx,280,Flex Ltd.,FLEX,SG9999000020,Technologie,0.06,—,none
spx,281,Ford Motor Company,F,US3453708600,Consommation discrétionnaire,0.06,—,none
spx,282,Fortive,FTV,US34959J1088,Industrie,0.06,—,none
spx,283,Fox Corporation (Class A),FOXA,US35137L2043,Communication,0.06,—,none
spx,284,Franklin Resources,BEN,US3546131018,Finance,0.06,—,none
spx,285,Garmin,GRMN,CH0114405324,Consommation discrétionnaire,0.06,—,none
spx,286,Gartner,IT,US3666511072,Technologie,0.06,—,none
spx,287,GE Vernova,GEV,US36828A1016,Industrie,0.06,—,none
spx,288,Generac,GNRC,US3687361044,Industrie,0.06,—,none
spx,289,General Dynamics,GD,US3695501086,Industrie,0.06,—,none
spx,290,General Motors,GM,US37045V1008,Consommation discrétionnaire,0.06,—,none
spx,291,Genuine Parts Company,GPC,US3724601055,Consommation discrétionnaire,0.06,—,none
spx,292,Global Payments,GPN,US37940X1028,Finance,0.06,—,none
spx,293,Globe Life,GL,US37959E1029,Finance,0.06,—,none
spx,294,GoDaddy,GDDY,US3802371076,Technologie,0.06,—,none
spx,295,Halliburton,HAL,US4062161017,Énergie,0.06,—,none
spx,296,Hasbro,HAS,US4180561072,Consommation discrétionnaire,0.06,—,none
spx,297,HCA Healthcare,HCA,US40412C1018,Santé,0.06,—,none
spx,298,Healthpeak Properties,DOC,US42250P1030,Immobilier,0.06,—,none
spx,299,Henry Schein,HSIC,US8064071025,Santé,0.06,—,none
spx,300,Hershey Company (The),HSY,US4278661081,Consommation courante,0.06,—,none
spx,301,Hewlett Packard Enterprise,HPE,US42824C1099,Technologie,0.06,—,none
spx,302,Hilton Worldwide,HLT,US43300A2033,Consommation discrétionnaire,0.06,—,none
spx,303,Hormel Foods,HRL,US4404521001,Consommation courante,0.06,—,none
spx,304,Host Hotels & Resorts,HST,US44107P1049,Immobilier,0.06,—,none
spx,305,Howmet Aerospace,HWM,US4432011082,Industrie,0.06,—,none
spx,306,HP Inc.,HPQ,US4282361033,Technologie,0.06,—,none
spx,307,Hubbell Incorporated,HUBB,US4435106079,Industrie,0.06,—,none
spx,308,Humana,HUM,US4448591028,Santé,0.06,—,none
spx,309,Huntington Ingalls Industries,HII,US4464131063,Industrie,0.06,—,none
spx,310,IDEX Corporation,IEX,US45167R1041,Industrie,0.06,—,none
spx,311,Incyte,INCY,US45337C1027,Santé,0.06,—,none
spx,312,Ingersoll Rand,IR,US45687V1061,Industrie,0.06,—,none
spx,313,Interactive Brokers,IBKR,US45841N1072,Finance,0.06,—,none
spx,314,Intercontinental Exchange,ICE,US45866F1049,Finance,0.06,—,none
spx,315,International Flavors & Fragrances,IFF,US4595061015,Matériaux,0.06,—,none
spx,316,International Paper,IP,US4601461035,Matériaux,0.06,—,none
spx,317,Invesco,IVZ,BMG491BT1088,Finance,0.06,—,none
spx,318,Invitation Homes,INVH,US46187W1071,Immobilier,0.06,—,none
spx,319,IQVIA,IQV,US46266C1053,Santé,0.06,—,none
spx,320,Iron Mountain,IRM,US46284V1017,Immobilier,0.06,—,none
spx,321,J.B. Hunt,JBHT,US4456581077,Industrie,0.06,—,none
spx,322,Jabil,JBL,US4663131039,Technologie,0.06,—,none
spx,323,Jack Henry & Associates,JKHY,US4262811015,Finance,0.06,—,none
spx,324,Jacobs Solutions,J,US4698141078,Industrie,0.06,—,none
spx,325,Johnson Controls,JCI,IE00BY7QL619,Industrie,0.06,—,none
spx,326,Kenvue|| Consumer Staples,KVUE,US49177J1025,Non classé,0.06,—,none
spx,327,KeyCorp,KEY,US4932671088,Finance,0.06,—,none
spx,328,Keysight Technologies,KEYS,US49338L1035,Technologie,0.06,—,none
spx,329,Kimberly-Clark,KMB,US4943681035,Consommation courante,0.06,—,none
spx,330,Kimco Realty,KIM,US49446R1095,Immobilier,0.06,—,none
spx,331,KKR & Co.,KKR,US48248M1027,Finance,0.06,—,none
spx,332,Kroger,KR,US5010441013,Consommation courante,0.06,—,none
spx,333,L3Harris,LHX,US5024311095,Industrie,0.06,—,none
spx,334,Labcorp,LH,US50540R4092,Santé,0.06,—,none
spx,335,Las Vegas Sands,LVS,US5178341070,Consommation discrétionnaire,0.06,—,none
spx,336,Leidos,LDOS,US5253271028,Industrie,0.06,—,none
spx,337,Lennar,LEN,US5260571048,Consommation discrétionnaire,0.06,—,none
spx,338,Lennox International,LII,US5261071071,Industrie,0.06,—,none
spx,339,Live Nation Entertainment,LYV,US5380341090,Communication,0.06,—,none
spx,340,Loews Corporation,L,US5404241086,Finance,0.06,—,none
spx,341,Lululemon Athletica,LULU,US5500211090,Consommation discrétionnaire,0.06,—,none
spx,342,Lumentum,LITE,US55024U1097,Technologie,0.06,—,none
spx,343,LyondellBasell,LYB,NL0009434992,Matériaux,0.06,—,none
spx,344,M&T Bank,MTB,US55261F1049,Finance,0.06,—,none
spx,345,Marriott International,MAR,US5719032022,Consommation discrétionnaire,0.06,—,none
spx,346,Martin Marietta Materials,MLM,US5732841060,Matériaux,0.06,—,none
spx,347,Masco,MAS,US5745991068,Industrie,0.06,—,none
spx,348,McCormick & Company,MKC,US5797802064,Consommation courante,0.06,—,none
spx,349,McKesson Corporation,MCK,US58155Q1031,Santé,0.06,—,none
spx,350,Mettler Toledo,MTD,US5926881054,Santé,0.06,—,none
spx,351,MGM Resorts,MGM,US5529531015,Consommation discrétionnaire,0.06,—,none
spx,352,Mid-America Apartment Communities,MAA,US59522J1034,Immobilier,0.06,—,none
spx,353,Moderna,MRNA,US60770K1079,Santé,0.06,—,none
spx,354,Molson Coors Beverage Company,TAP,US60871R2094,Consommation courante,0.06,—,none
spx,355,Monolithic Power Systems,MPWR,US6098391054,Technologie,0.06,—,none
spx,356,Monster Beverage,MNST,US6117401017,Consommation courante,0.06,—,none
spx,357,Moody's Corporation,MCO,US6153691059,Finance,0.06,—,none
spx,358,Mosaic Company (The),MOS,US61945C1036,Matériaux,0.06,—,none
spx,359,Motorola Solutions,MSI,US6200763075,Technologie,0.06,—,none
spx,360,MSCI,MSCI,US55354G1004,Finance,0.06,—,none
spx,361,"Nasdaq, Inc.",NDAQ,US6311031081,Finance,0.06,—,none
spx,362,NetApp,NTAP,US64120L1044,Technologie,0.06,—,none
spx,363,News Corp (Class A),NWSA,US65249B2088,Communication,0.06,—,none
spx,364,NiSource,NI,US65473P1057,Services aux collectivités,0.06,—,none
spx,365,Nordson Corporation,NDSN,US6556631025,Industrie,0.06,—,none
spx,366,Norfolk Southern,NSC,US6558441084,Industrie,0.06,—,none
spx,367,Northern Trust,NTRS,US6658591044,Finance,0.06,—,none
spx,368,Northrop Grumman,NOC,US6668071029,Industrie,0.06,—,none
spx,369,Norwegian Cruise Line Holdings,NCLH,BMG667211046,Consommation discrétionnaire,0.06,—,none
spx,370,NRG Energy,NRG,US6293775085,Services aux collectivités,0.06,—,none
spx,371,Nucor,NUE,US6703461052,Matériaux,0.06,—,none
spx,372,"NVR, Inc.",NVR,US62944T1051,Consommation discrétionnaire,0.06,—,none
spx,373,NXP Semiconductors,NXPI,NL0009538784,Technologie,0.06,—,none
spx,374,Occidental Petroleum,OXY,US6745991058,Énergie,0.06,—,none
spx,375,Omnicom Group,OMC,US6819191064,Communication,0.06,—,none
spx,376,Oneok,OKE,US6826801036,Énergie,0.06,—,none
spx,377,Otis Worldwide,OTIS,US68902V1070,Industrie,0.06,—,none
spx,378,Packaging Corporation of America,PKG,US6951561090,Matériaux,0.06,—,none
spx,379,Paramount Skydance Corporation,PSKY,US69932A2042,Communication,0.06,—,none
spx,380,Parker Hannifin,PH,US7010941042,Industrie,0.06,—,none
spx,381,Pentair,PNR,IE00BLS09M33,Industrie,0.06,—,none
spx,382,PG&E Corporation,PCG,US69331C1080,Services aux collectivités,0.06,—,none
spx,383,Philip Morris International,PM,US7181721090,Consommation courante,0.06,—,none
spx,384,Pinnacle West Capital,PNW,US7234841010,Services aux collectivités,0.06,—,none
spx,385,PPG Industries,PPG,US6935061076,Matériaux,0.06,—,none
spx,386,PPL Corporation,PPL,US69351T1060,Services aux collectivités,0.06,—,none
spx,387,Prologis,PLD,US74340W1036,Immobilier,0.06,—,none
spx,388,Public Service Enterprise Group,PEG,US7445731067,Services aux collectivités,0.06,—,none
spx,389,PTC Inc.,PTC,US69370C1009,Technologie,0.06,—,none
spx,390,Public Storage,PSA,US74460D1090,Immobilier,0.06,—,none
spx,391,PulteGroup,PHM,US7458671010,Consommation discrétionnaire,0.06,—,none
spx,392,Quanta Services,PWR,US74762E1029,Industrie,0.06,—,none
spx,393,Ralph Lauren Corporation,RL,US7512121010,Consommation discrétionnaire,0.06,—,none
spx,394,Raymond James Financial,RJF,US7547301090,Finance,0.06,—,none
spx,395,Reddit,RDDT,US75734B1008,Communication,0.06,—,none
spx,396,Realty Income,O,US7561091049,Immobilier,0.06,—,none
spx,397,Regency Centers,REG,US7588491032,Immobilier,0.06,—,none
spx,398,Regions Financial Corporation,RF,US7591EP1005,Finance,0.06,—,none
spx,399,Republic Services,RSG,US7607591002,Industrie,0.06,—,none
spx,400,ResMed|,RMD,US7611521078,Santé,0.06,—,none
spx,401,Robinhood Markets,HOOD,US7707001027,Finance,0.06,—,none
spx,402,Rockwell Automation,ROK,US7739031091,Industrie,0.06,—,none
spx,403,"Rollins, Inc.",ROL,US7757111049,Industrie,0.06,—,none
spx,404,Royal Caribbean Group,RCL,LR0008862868,Consommation discrétionnaire,0.06,—,none
spx,405,S&P Global,SPGI,US78409V1044,Finance,0.06,—,none
spx,406,SBA Communications,SBAC,US78410G1040,Immobilier,0.06,—,none
spx,407,Seagate Technology,STX,IE00BKVD2N49,Technologie,0.06,—,none
spx,408,Simon Property Group,SPG,US8288068856,Immobilier,0.06,—,none
spx,409,Skyworks Solutions,SWKS,US83088M1027,Technologie,0.06,—,none
spx,410,J.M. Smucker Company (The),SJM,US8326964058,Consommation courante,0.06,—,none
spx,411,Smurfit Westrock,SW,IE00B1RR8406,Matériaux,0.06,—,none
spx,412,Snap-on,SNA,US8330341012,Industrie,0.06,—,none
spx,413,Solventum,SOLV,US83444M1018,Santé,0.06,—,none
spx,414,Southwest Airlines,LUV,US8447411088,Industrie,0.06,—,none
spx,415,Stanley Black & Decker,SWK,US8545021011,Industrie,0.06,—,none
spx,416,State Street Corporation,STT,US8574771031,Finance,0.06,—,none
spx,417,Steel Dynamics,STLD,US8581191009,Matériaux,0.06,—,none
spx,418,Steris,STE,US8591521005,Santé,0.06,—,none
spx,419,Supermicro,SMCI,US86800U1043,Technologie,0.06,—,none
spx,420,Synchrony Financial,SYF,US87165B1035,Finance,0.06,—,none
spx,421,Sysco,SYY,US8718291078,Consommation courante,0.06,—,none
spx,422,T. Rowe Price,TROW,US74144T1088,Finance,0.06,—,none
spx,423,"Tapestry, Inc.",TPR,US8760301072,Consommation discrétionnaire,0.06,—,none
spx,424,Targa Resources,TRGP,US87612G1013,Énergie,0.06,—,none
spx,425,Target Corporation,TGT,US87612E1064,Consommation courante,0.06,—,none
spx,426,TE Connectivity,TEL,CH0102993182,Technologie,0.06,—,none
spx,427,Teledyne Technologies,TDY,US8793601050,Technologie,0.06,—,none
spx,428,Teradyne,TER,US8807701029,Technologie,0.06,—,none
spx,429,Texas Pacific Land Corporation,TPL,US88262P1021,Énergie,0.06,—,none
spx,430,Textron,TXT,US8832031012,Industrie,0.06,—,none
spx,431,TJX Companies,TJX,US8725401090,Consommation discrétionnaire,0.06,—,none
spx,432,TKO Group Holdings,TKO,US87256C1018,Communication,0.06,—,none
spx,433,Trade Desk (The),TTD,US88339J1051,Communication,0.06,—,none
spx,434,Trane Technologies,TT,IE00BK9ZQ967,Industrie,0.06,—,none
spx,435,TransDigm Group,TDG,US8936411003,Industrie,0.06,—,none
spx,436,Trimble Inc.,TRMB,US896239AB68,Technologie,0.06,—,none
spx,437,Tyler Technologies,TYL,US9022521051,Technologie,0.06,—,none
spx,438,Tyson Foods,TSN,US9024941034,Consommation courante,0.06,—,none
spx,439,"UDR, Inc.",UDR,US9026531049,Immobilier,0.06,—,none
spx,440,Ulta Beauty,ULTA,US90384S3031,Consommation discrétionnaire,0.06,—,none
spx,441,United Airlines Holdings,UAL,US9100471096,Industrie,0.06,—,none
spx,442,United Parcel Service,UPS,US9113121068,Industrie,0.06,—,none
spx,443,United Rentals,URI,US9113631090,Industrie,0.06,—,none
spx,444,Universal Health Services,UHS,US9139031002,Santé,0.06,—,none
spx,445,Valero Energy,VLO,US91913Y1001,Énergie,0.06,—,none
spx,446,Veeva Systems,VEEV,US9224751084,Santé,0.06,—,none
spx,447,Ventas,VTR,US92276F1003,Immobilier,0.06,—,none
spx,448,Veralto,VLTO,US92338C1036,Industrie,0.06,—,none
spx,449,Verisign,VRSN,US92343E1029,Technologie,0.06,—,none
spx,450,Vertiv,VRT,US92537N1081,Industrie,0.06,—,none
spx,451,Viatris,VTRS,US92556V1061,Santé,0.06,—,none
spx,452,Vici Properties,VICI,US9256521090,Immobilier,0.06,—,none
spx,453,Vistra Corp.,VST,US92840M1027,Services aux collectivités,0.06,—,none
spx,454,Vivmark Residential,VMRK,US29476L1070,Immobilier,0.06,—,none
spx,455,Vulcan Materials Company,VMC,US9291601097,Matériaux,0.06,—,none
spx,456,W. R. Berkley Corporation,WRB,US0844231029,Finance,0.06,—,none
spx,457,W. W. Grainger,GWW,US3848021040,Industrie,0.06,—,none
spx,458,Wabtec,WAB,US9297401088,Industrie,0.06,—,none
spx,459,Waters Corporation,WAT,US9418481035,Santé,0.06,—,none
spx,460,WEC Energy Group,WEC,US92939U1060,Services aux collectivités,0.06,—,none
spx,461,Welltower,WELL,US95040Q1040,Immobilier,0.06,—,none
spx,462,West Pharmaceutical Services,WST,US9553061055,Santé,0.06,—,none
spx,463,Western Digital,WDC,US9581021055,Technologie,0.06,—,none
spx,464,Weyerhaeuser,WY,US9621661043,Immobilier,0.06,—,none
spx,465,"Williams-Sonoma, Inc.",WSM,US9699041011,Consommation discrétionnaire,0.06,—,none
spx,466,Willis Towers Watson,WTW,IE00BDB6Q211,Finance,0.06,—,none
spx,467,"Workday, Inc.",WDAY,US98138H1014,Technologie,0.06,—,none
spx,468,Wynn Resorts,WYNN,US9831341071,Consommation discrétionnaire,0.06,—,none
spx,469,Xylem Inc.,XYL,US98419M1009,Industrie,0.06,—,none
spx,470,Yum! Brands,YUM,US9884981013,Consommation discrétionnaire,0.06,—,none
spx,471,Zebra Technologies,ZBRA,US9892071054,Technologie,0.06,—,none
spx,472,Zimmer Biomet,ZBH,US98956P1021,Santé,0.06,—,none
spx,473,Dexcom,DXCM,US2521311074,Santé,0.06,30 Md$,none
spx,474,ON Semiconductor,ON,US6821891057,Technologie,0.06,30 Md$,none
spx,475,Take-Two Interactive,TTWO,US8740541094,Communication,0.06,30 Md$,none
spx,476,Tractor Supply,TSCO,US8923561067,Consommation discrétionnaire,0.06,30 Md$,none
spx,477,Biogen,BIIB,US09062X1037,Santé,0.05,25 Md$,none
spx,478,CDW Corporation,CDW,US12514G1085,Technologie,0.05,25 Md$,none
spx,479,Warner Bros. Discovery,WBD,US9344231041,Communication,0.05,25 Md$,none
ftse,1,AstraZeneca,AZN,GB0009895292,Santé,8.48,190 Md£,none
ftse,2,Shell,SHEL,GB00BP6MXD84,Énergie,7.32,165 Md£,none
ftse,3,HSBC Holdings,HSBA,GB0005405286,Finance,6.65,150 Md£,none
ftse,4,Unilever,ULVR,GB00B10RZP78,Consommation courante,4.88,110 Md£,none
ftse,5,Rolls-Royce Holdings,RR,GB00B63H8491,Aéronautique,3.33,75 Md£,none
ftse,6,RELX,REL,GB00B2B0DG97,Communication,3.02,68 Md£,none
ftse,7,BP,BP,GB0007980591,Énergie,2.88,65 Md£,none
ftse,8,British American Tobacco,BATS,GB0002875804,Consommation courante,2.88,65 Md£,none
ftse,9,GSK,GSK,GB00BN7SWP63,Santé,2.66,60 Md£,none
ftse,10,Rio Tinto,RIO,GB0007188757,Matériaux,2.66,60 Md£,none
ftse,11,Diageo,DGE,GB0002374006,Consommation courante,2.44,55 Md£,none
ftse,12,London Stock Exchange Group,LSEG,GB00B0SWJX34,Finance,2.44,55 Md£,none
ftse,13,BAE Systems,BA,GB0002634946,Aéronautique,2.44,55 Md£,none
ftse,14,National Grid,NG,GB00BDR05C01,Services aux collectivités,2.13,48 Md£,none
ftse,15,Barclays,BARC,GB0031348658,Finance,2,45 Md£,none
ftse,16,Lloyds Banking Group,LLOY,GB0008706128,Finance,1.86,42 Md£,none
ftse,17,Compass Group,CPG,GB00BD6K4575,Consommation discrétionnaire,1.86,42 Md£,none
ftse,18,Glencore,GLEN,JE00B4T3BW64,Matériaux,1.86,42 Md£,none
ftse,19,NatWest Group,NWG,GB00BM8PJY71,Finance,1.77,40 Md£,none
ftse,20,Haleon,HLN,GB00BMX86B70,Santé,1.77,40 Md£,none
ftse,21,Reckitt Benckiser,RKT,GB00B24CGK77,Consommation courante,1.55,35 Md£,none
ftse,22,3i Group,III,GB00B1YW4409,Finance,1.55,35 Md£,none
ftse,23,Anglo American,AAL,GB00B1XZS820,Matériaux,1.42,32 Md£,none
ftse,24,Tesco,TSCO,GB0008847096,Consommation courante,1.15,26 Md£,none
ftse,25,Standard Chartered,STAN,GB0004082847,Finance,1.15,26 Md£,none
ftse,26,Imperial Brands,IMB,GB0004544929,Consommation courante,1.11,25 Md£,none
ftse,27,Prudential,PRU,GB0007099541,Assurance,0.98,22 Md£,none
ftse,28,Ashtead Group,AHT,GB0000536739,Industrie,0.98,22 Md£,none
ftse,29,SSE,SSE,GB0007908733,Services aux collectivités,0.89,20 Md£,none
ftse,30,Vodafone Group,VOD,GB00BH4HKS39,Télécommunications,0.8,18 Md£,none
ftse,31,Antofagasta,ANTO,GB0000456144,Matériaux,0.8,18 Md£,none
ftse,32,Associated British Foods,ABF,GB0006731235,Consommation courante,0.75,17 Md£,none
ftse,33,Scottish Mortgage Investment Trust,SMT,GB00BLDYK618,Finance,0.71,16 Md£,none
ftse,34,BT Group,BT.A,GB0030913577,Télécommunications,0.71,16 Md£,none
ftse,35,Aviva,AV,GB00BPQY8M80,Assurance,0.62,14 Md£,none
ftse,36,Legal & General,LGEN,GB0005603997,Assurance,0.62,14 Md£,none
ftse,37,InterContinental Hotels,IHG,GB00BHJYC057,Consommation discrétionnaire,0.62,14 Md£,none
ftse,38,Sage Group,SGE,GB00B8C3BL03,Technologie,0.53,12 Md£,none
ftse,39,Halma,HLMA,GB0004052071,Technologie,0.53,12 Md£,none
ftse,40,Next,NXT,GB0032089863,Consommation discrétionnaire,0.53,12 Md£,none
ftse,41,Coca-Cola HBC,CCH,CH0198251305,Consommation courante,0.53,12 Md£,none
ftse,42,Wise,WISE,GB00BL9YR756,Finance,0.53,12 Md£,none
ftse,43,Informa,INF,GB00BMJ6DW54,Communication,0.49,11 Md£,none
ftse,44,Segro,SGRO,GB00B5ZN1N88,Immobilier,0.44,10 Md£,none
ftse,45,Bunzl,BNZL,GB00B0744B38,Industrie,0.44,10 Md£,none
ftse,46,Admiral Group,ADM,GB00B02J6398,Assurance,0.44,10 Md£,none
ftse,47,Smith & Nephew,SN,GB0009223206,Santé,0.4,9 Md£,none
ftse,48,Rentokil Initial,RTO,GB00B082RF11,Industrie,0.4,9 Md£,none
ftse,49,Marks & Spencer,MKS,GB0031274896,Consommation discrétionnaire,0.4,9 Md£,none
ftse,50,Pershing Square Holdings,PSH,GG00BPFJTF46,Finance,0.4,9 Md£,none
ftse,51,Intertek Group,ITRK,GB0031638363,Industrie,0.35,8 Md£,none
ftse,52,Melrose Industries,MRO,GB00BNGDN821,Aéronautique,0.35,8 Md£,none
ftse,53,Airtel Africa,AAF,GB00BKDRYJ47,Télécommunications,0.35,8 Md£,none
ftse,54,Pearson,PSON,GB0006776081,Communication,0.31,7 Md£,none
ftse,55,WPP,WPP,JE00B8KF9B49,Communication,0.31,7 Md£,none
ftse,56,Auto Trader Group,AUTO,GB00BVYVFW23,Communication,0.31,7 Md£,none
ftse,57,Fresnillo,FRES,GB00B2QPKJ12,Matériaux,0.31,7 Md£,none
ftse,58,Severn Trent,SVT,GB00B1FH8J72,Services aux collectivités,0.31,7 Md£,none
ftse,59,United Utilities,UU,GB00BYQ0HV16,Services aux collectivités,0.31,7 Md£,none
ftse,60,Centrica,CNA,GB00B033F229,Services aux collectivités,0.31,7 Md£,none
ftse,61,Smiths Group,SMIN,GB00B1WY2338,Industrie,0.31,7 Md£,none
ftse,62,Mondi,MNDI,GB00BMWC6P49,Matériaux,0.31,7 Md£,none
ftse,63,Diploma,DPLM,GB0001826634,Industrie,0.31,7 Md£,none
ftse,64,J Sainsbury,SBRY,GB00B019KW72,Consommation courante,0.27,6 Md£,none
ftse,65,Phoenix Group,PHNX,GB00BGXQNP29,Assurance,0.27,6 Md£,none
ftse,66,Weir Group,WEIR,GB0009465807,Industrie,0.27,6 Md£,none
ftse,67,Barratt Redrow,BTRW,GB0000811801,Consommation discrétionnaire,0.27,6 Md£,none
ftse,68,Entain,ENT,IM00B5VQMV65,Consommation discrétionnaire,0.27,6 Md£,none
ftse,69,Beazley,BEZ,GB00BYQ0JC66,Assurance,0.27,6 Md£,none
ftse,70,Games Workshop,GAW,GB0003718474,Consommation discrétionnaire,0.27,6 Md£,none
ftse,71,Endeavour Mining,EDV,GB00BL6K5J42,Matériaux,0.27,6 Md£,none
ftse,72,Intermediate Capital Group,ICG,GB00BYT1DJ19,Finance,0.27,6 Md£,none
ftse,73,Croda International,CRDA,GB00BYZWX769,Matériaux,0.22,5 Md£,none
ftse,74,Whitbread,WTB,GB00B1KJJ408,Consommation discrétionnaire,0.22,5 Md£,none
ftse,75,Hikma Pharmaceuticals,HIK,GB00B0LCW083,Santé,0.22,5 Md£,none
ftse,76,Kingfisher,KGF,GB0033195214,Consommation discrétionnaire,0.22,5 Md£,none
ftse,77,Schroders,SDR,GB0002405495,Finance,0.22,5 Md£,none
ftse,78,St James’s Place,STJ,GB0007669376,Finance,0.22,5 Md£,none
ftse,79,M&G,MNG,GB00BKFB1C65,Finance,0.22,5 Md£,none
ftse,80,Rightmove,RMV,GB00BGDT3G23,Communication,0.22,5 Md£,none
ftse,81,DCC,DCC,IE0002424939,Industrie,0.22,5 Md£,none
ftse,82,Spirax Group,SPX,GB00BWFGQN14,Industrie,0.22,5 Md£,none
ftse,83,ConvaTec Group,CTEC,GB00BD3VFW73,Santé,0.22,5 Md£,none
ftse,84,JD Sports Fashion,JD,GB00BM8Q5M07,Consommation discrétionnaire,0.22,5 Md£,none
ftse,85,Hiscox,HSX,BMG4593F1389,Assurance,0.22,5 Md£,none
ftse,86,IMI,IMI,GB00BGLP8L22,Industrie,0.22,5 Md£,none
ftse,87,Howden Joinery,HWDN,GB0005576813,Consommation discrétionnaire,0.22,5 Md£,none
ftse,88,Babcock International,BAB,GB0009697037,Aéronautique,0.22,5 Md£,none
ftse,89,easyJet,EZJ,GB00B7KR2P84,Industrie,0.22,5 Md£,none
ftse,90,Taylor Wimpey,TW,GB0008782301,Consommation discrétionnaire,0.18,4 Md£,none
ftse,91,Persimmon,PSN,GB0006825383,Consommation discrétionnaire,0.18,4 Md£,none
ftse,92,Berkeley Group,BKG,GB00B02L3W35,Consommation discrétionnaire,0.18,4 Md£,none
ftse,93,Land Securities,LAND,GB00BYW0PQ60,Immobilier,0.18,4 Md£,none
ftse,94,British Land,BLND,GB0001367019,Immobilier,0.18,4 Md£,none
ftse,95,Unite Group,UTG,GB0006928617,Immobilier,0.18,4 Md£,none
ftse,96,Polar Capital Technology Trust,PCT,GB0004220025,Finance,0.18,4 Md£,none
ftse,97,abrdn,ABDN,GB00BF8Q6K64,Finance,0.18,4 Md£,none
ftse,98,Burberry Group,BRBY,GB0031743007,Consommation discrétionnaire,0.18,4 Md£,none
ftse,99,Ocado Group,OCDO,GB00B3MBS747,Consommation discrétionnaire,0.13,3 Md£,none
ftse,100,Vistry Group,VTY,GB0006834344,Consommation discrétionnaire,0.13,3 Md£,none
smi,1,Nestlé,NESN,CH0038863350,Consommation courante,16.058,230 Md CHF,none
smi,2,Roche Holding,ROG,CH0012032048,Santé,15.001,215 Md CHF,none
smi,3,Novartis,NOVN,CH0012005267,Santé,13.954,200 Md CHF,none
smi,4,UBS Group,UBSG,CH0244767585,Finance,6.63,95 Md CHF,none
smi,5,ABB,ABBN,CH0012221716,Industrie,6.63,95 Md CHF,none
smi,6,Richemont,CFR,CH0210483332,Consommation discrétionnaire,5.583,80 Md CHF,none
smi,7,Zurich Insurance,ZURN,CH0011075394,Assurance,5.439,78 Md CHF,none
smi,8,Amrize AG,AMRIZ,CH1430134226,Non classé,4.805,—,none
smi,9,Holcim,HOLN,CH0012214059,Matériaux,3.354,48 Md CHF,none
smi,10,Lonza Group,LONN,CH0013841017,Santé,2.931,42 Md CHF,none
smi,11,Alcon,ALC,CH0432492467,Santé,2.653,38 Md CHF,none
smi,12,Swiss Re,SREN,CH0126881561,Assurance,2.653,38 Md CHF,none
smi,13,Givaudan,GIVN,CH0010645932,Matériaux,2.441,35 Md CHF,none
smi,14,Sika,SIKA,CH0418792922,Matériaux,2.373,34 Md CHF,none
smi,15,Partners Group,PGHN,CH0024608827,Finance,2.095,30 Md CHF,none
smi,16,Swisscom,SCMN,CH0008742519,Télécommunications,1.884,27 Md CHF,none
smi,17,Kühne + Nagel,KNIN,CH0025238863,Industrie,1.538,22 Md CHF,none
smi,18,Swiss Life,SLHN,CH0014852781,Assurance,1.47,21 Md CHF,none
smi,19,Geberit,GEBN,CH0030170408,Industrie,1.393,20 Md CHF,none
smi,20,Sonova,SOON,CH0012549785,Santé,1.115,16 Md CHF,none
bel20,1,Anheuser-Busch InBev,ABI,BE0974293251,Consommation courante,33.983,110 Md€,none
bel20,2,UCB,UCB,BE0003739530,Santé,11.114,36 Md€,none
bel20,3,argenx,ARGX,NL0010832176,Santé,9.259,30 Md€,none
bel20,4,KBC Group,KBC,BE0003565737,Finance,9.259,30 Md€,none
bel20,5,Aperam,APERA,LU0569974404,Non classé,4.615,—,none
bel20,6,Azelis Group,AZELI,BE0974400328,Non classé,4.615,—,none
bel20,7,Ageas,AGS,BE0974264930,Assurance,3.083,10 Md€,none
bel20,8,Groupe Bruxelles Lambert,GBLB,BE0003797140,Finance,3.083,10 Md€,none
bel20,9,D’Ieteren Group,DIE,BE0974259880,Consommation discrétionnaire,2.778,9 Md€,none
bel20,10,Syensqo,SYENS,BE0974464977,Matériaux,2.474,8 Md€,none
bel20,11,Sofina,SOF,BE0003717312,Finance,2.474,8 Md€,none
bel20,12,Lotus Bakeries,LOTB,BE0003604155,Consommation courante,2.474,8 Md€,none
bel20,13,Elia Group,ELI,BE0003822393,Services aux collectivités,2.16,7 Md€,none
bel20,14,Ackermans & van Haaren,ACKB,BE0003764785,Finance,1.855,6 Md€,none
bel20,15,Warehouses De Pauw,WDP,BE0974349814,Immobilier,1.541,5 Md€,none
bel20,16,Colruyt,COLR,BE0974256852,Consommation courante,1.541,5 Md€,none
bel20,17,Umicore,UMI,BE0974320526,Matériaux,0.923,3 Md€,none
bel20,18,Proximus,PROX,BE0003810273,Télécommunications,0.923,3 Md€,none
bel20,19,Solvay,SOLB,BE0003470755,Matériaux,0.923,3 Md€,none
bel20,20,Melexis,MELE,BE0165385973,Technologie,0.923,3 Md€,none
aex,1,ASML Holding,ASML,NL0010273215,Technologie,21.195,280 Md€,none
aex,2,Shell,SHELL,GB00BP6MXD84,Énergie,15.132,200 Md€,none
aex,3,Unilever,UNA,GB00B10RZP78,Consommation courante,9.832,130 Md€,none
aex,4,Prosus,PRX,NL0013654783,Technologie,7.184,95 Md€,none
aex,5,RELX,REN,GB00B2B0DG97,Communication,6.054,80 Md€,none
aex,6,ING Groep,INGA,NL0011821202,Finance,3.936,52 Md€,none
aex,7,ABN AMRO,ABNA,NL0011540547,Non classé,3.732,—,none
aex,8,ASR Nederland,ASRN,NL0011872643,Non classé,3.732,—,none
aex,9,Universal Music Group,UMG,NL0015000IY2,Communication,3.629,48 Md€,none
aex,10,Adyen,ADYEN,NL0012969182,Technologie,3.405,45 Md€,none
aex,11,Heineken,HEIA,NL0000009165,Consommation courante,3.331,44 Md€,none
aex,12,Wolters Kluwer,WKL,NL0000395903,Communication,2.575,34 Md€,none
aex,13,Ahold Delhaize,AD,NL0011794037,Consommation courante,2.267,30 Md€,none
aex,14,DSM-Firmenich,DSFIR,CH1216478797,Matériaux,1.82,24 Md€,none
aex,15,ASM International,ASM,NL0000334118,Technologie,1.82,24 Md€,none
aex,16,Exor,EXO,NL0012059018,Finance,1.66,22 Md€,none
aex,17,Koninklijke Philips,PHIA,NL0000009538,Santé,1.66,22 Md€,none
aex,18,ArcelorMittal,MT,LU1598757687,Matériaux,1.362,18 Md€,none
aex,19,Koninklijke KPN,KPN,NL0000009082,Télécommunications,1.139,15 Md€,none
aex,20,NN Group,NN,NL0010773842,Assurance,0.979,13 Md€,none
aex,21,Akzo Nobel,AKZA,NL0013267909,Matériaux,0.756,10 Md€,none
aex,22,BE Semiconductor,BESI,NL0012866412,Technologie,0.756,10 Md€,none
aex,23,Aegon,AGN,NL0000303709,Assurance,0.756,10 Md€,none
aex,24,JDE Peet’s,JDEP,NL0014332678,Consommation courante,0.681,9 Md€,none
aex,25,IMCD,IMCD,NL0010801007,Matériaux,0.607,8 Md€,none
ibex,1,Inditex,ITX,ES0148396007,Consommation discrétionnaire,18.706,150 Md€,none
ibex,2,Iberdrola,IBE,ES0144580Y14,Services aux collectivités,11.828,95 Md€,none
ibex,3,Banco Santander,SAN,ES0113900J37,Finance,10.586,85 Md€,none
ibex,4,BBVA,BBVA,ES0113211835,Finance,8.092,65 Md€,none
ibex,5,CaixaBank,CABK,ES0140609019,Finance,5.608,45 Md€,none
ibex,6,Amadeus IT Group,AMS,ES0109067019,Technologie,3.735,30 Md€,none
ibex,7,Ferrovial,FER,NL0015001FS8,Industrie,3.735,30 Md€,none
ibex,8,Aena,AENA,ES0105046009,Industrie,3.735,30 Md€,none
ibex,9,Telefónica,TEF,ES0178430E18,Télécommunications,3.115,25 Md€,none
ibex,10,Endesa,ELE,ES0130670112,Services aux collectivités,3.115,25 Md€,none
ibex,11,Cellnex Telecom,CLNX,ES0105066007,Télécommunications,2.864,23 Md€,none
ibex,12,Naturgy Energy,NTGY,ES0116870314,Services aux collectivités,2.864,23 Md€,none
ibex,13,Puig,PUIG,ES0105777017,Non classé,2.857,—,none
ibex,14,ArcelorMittal,MTS,LU1598757687,Matériaux,2.243,18 Md€,none
ibex,15,Repsol,REP,ES0173516115,Énergie,1.993,16 Md€,none
ibex,16,International Consolidated Airlines,IAG,ES0177542018,Industrie,1.863,15 Md€,none
ibex,17,Banco Sabadell,SAB,ES0113860A34,Finance,1.742,14 Md€,none
ibex,18,ACS,ACS,ES0167050915,Industrie,1.623,13 Md€,none
ibex,19,Redeia,RED,ES0173093024,Services aux collectivités,1.122,9 Md€,none
ibex,20,Mapfre,MAP,ES0124244E34,Assurance,1.001,8 Md€,none
ibex,21,Bankinter,BKT,ES0113679I37,Finance,0.871,7 Md€,none
ibex,22,Grifols,GRF,ES0171996087,Santé,0.871,7 Md€,none
ibex,23,Acciona,ANA,ES0125220311,Services aux collectivités,0.871,7 Md€,none
ibex,24,Merlin Properties,MRL,ES0105025003,Immobilier,0.752,6 Md€,none
ibex,25,Indra Sistemas,IDR,ES0118594417,Technologie,0.621,5 Md€,none
ibex,26,Unicaja Banco,UNI,ES0180907000,Finance,0.491,4 Md€,none
ibex,27,Fluidra,FDR,ES0137650018,Industrie,0.491,4 Md€,none
ibex,28,Logista,LOG,ES0105027009,Industrie,0.491,4 Md€,none
ibex,29,Enagás,ENG,ES0130960018,Services aux collectivités,0.37,3 Md€,none
ibex,30,Inmobiliaria Colonial,COL,ES0139140174,Immobilier,0.37,3 Md€,none
ibex,31,Laboratorios Rovi,ROVI,ES0157261019,Santé,0.37,3 Md€,none
ibex,32,Solaria Energía,SLR,ES0165386014,Services aux collectivités,0.251,2 Md€,none
ibex,33,Acerinox,ACX,ES0132105018,Matériaux,0.251,2 Md€,none
ibex,34,Meliá Hotels,MEL,ES0176252718,Consommation discrétionnaire,0.251,2 Md€,none
ibex,35,Sacyr,SCYR,ES0182870214,Industrie,0.251,2 Md€,none
ftsemib,1,Enel,ENEL,IT0003128367,Services aux collectivités,9.64,72 Md€,none
ftsemib,2,Intesa Sanpaolo,ISP,IT0000072618,Finance,9.613,72 Md€,none
ftsemib,3,Ferrari,RACE,NL0011585146,Automobile,9.104,68 Md€,none
ftsemib,4,UniCredit,UCG,IT0005239360,Finance,8.041,60 Md€,none
ftsemib,5,Eni,ENI,IT0003132476,Énergie,6.025,45 Md€,none
ftsemib,6,Assicurazioni Generali,G,IT0000062072,Assurance,5.63,42 Md€,none
ftsemib,7,Stellantis,STLAM,NL00150001Q9,Automobile,3.484,26 Md€,none
ftsemib,8,Leonardo,LDO,IT0003856405,Aéronautique,3.484,26 Md€,none
ftsemib,9,Prysmian,PRY,IT0004176001,Industrie,2.41,18 Md€,none
ftsemib,10,Avio,AVIO,IT0005119810,Non classé,2.404,—,none
ftsemib,11,Fincantieri,FINCA,IT0005599938,Non classé,2.404,—,none
ftsemib,12,Lottomatica Group,LOTTO,IT0005541336,Non classé,2.404,—,none
ftsemib,13,STMicroelectronics,STMIC,NL0000226223,Non classé,2.404,—,none
ftsemib,14,Poste Italiane,PST,IT0003796171,Assurance,2.279,17 Md€,none
ftsemib,15,Tenaris,TEN,LU0156801721,Énergie,2.279,17 Md€,none
ftsemib,16,Terna,TRN,IT0003242622,Services aux collectivités,2.147,16 Md€,none
ftsemib,17,Snam,SRG,IT0003153415,Services aux collectivités,2.005,15 Md€,none
ftsemib,18,Moncler,MONC,IT0004965148,Consommation discrétionnaire,1.742,13 Md€,none
ftsemib,19,Mediobanca,MB,IT0000062957,Finance,1.742,13 Md€,none
ftsemib,20,Banco BPM,BAMI,IT0005218380,Finance,1.742,13 Md€,none
ftsemib,21,Recordati,REC,IT0003828271,Santé,1.468,11 Md€,none
ftsemib,22,FinecoBank,FBK,IT0000072170,Finance,1.468,11 Md€,none
ftsemib,23,Infrastrutture Wireless Italiane,INW,IT0005090300,Télécommunications,1.347,10 Md€,none
ftsemib,24,Unipol,UNI,IT0004810054,Assurance,1.347,10 Md€,none
ftsemib,25,BPER Banca,BPE,IT0000066123,Finance,1.205,9 Md€,none
ftsemib,26,Banca Mediolanum,BMED,IT0004776628,Finance,1.205,9 Md€,none
ftsemib,27,Banca Monte dei Paschi di Siena,BMPS,IT0005508921,Finance,1.063,8 Md€,none
ftsemib,28,Davide Campari-Milano,CPR,NL0015435975,Consommation courante,0.942,7 Md€,none
ftsemib,29,Telecom Italia,TIT,IT0003497168,Télécommunications,0.942,7 Md€,none
ftsemib,30,A2A,A2A,IT0001233417,Services aux collectivités,0.942,7 Md€,none
ftsemib,31,Buzzi,BZU,IT0001347308,Matériaux,0.942,7 Md€,none
ftsemib,32,Nexi,NEXI,IT0005366767,Technologie,0.8,6 Md€,none
ftsemib,33,Hera,HER,IT0001250932,Services aux collectivités,0.8,6 Md€,none
ftsemib,34,Brunello Cucinelli,BC,IT0004764699,Consommation discrétionnaire,0.8,6 Md€,none
ftsemib,35,Amplifon,AMP,IT0004056880,Santé,0.668,5 Md€,none
ftsemib,36,DiaSorin,DIA,IT0003492391,Santé,0.668,5 Md€,none
ftsemib,37,Italgas,IG,IT0005211237,Services aux collectivités,0.668,5 Md€,none
ftsemib,38,Saipem,SPM,IT0005495657,Énergie,0.668,5 Md€,none
ftsemib,39,Azimut Holding,AZM,IT0003261697,Finance,0.537,4 Md€,none
ftsemib,40,Interpump Group,IP,IT0001078911,Industrie,0.537,4 Md€,none
omx,1,AstraZeneca,AZN,GB0009895292,Santé,22.274,2200 Md SEK,none
omx,2,Investor,INVE B,SE0015811963,Finance,9.121,900 Md SEK,none
omx,3,Atlas Copco,ATCO A,SE0017486889,Industrie,7.906,780 Md SEK,none
omx,4,Volvo,VOLV B,SE0000115446,Industrie,5.673,560 Md SEK,none
omx,5,Nordea Bank,NDA SE,FI4000297767,Finance,4.353,430 Md SEK,none
omx,6,Assa Abloy,ASSA B,SE0007100581,Industrie,3.646,360 Md SEK,none
omx,7,EQT,EQT,SE0012853455,Finance,3.345,330 Md SEK,none
omx,8,Skandinaviska Enskilda Banken,SEB A,SE0000148884,Finance,3.345,330 Md SEK,none
omx,9,Addtech,ADDTE,SE0014781795,Non classé,3.141,—,none
omx,10,Industrivärden,INDUS,SE0000190126,Non classé,3.141,—,none
omx,11,Telefonaktiebolaget LM Ericsson,ERIC B,SE0000108656,Technologie,2.836,280 Md SEK,none
omx,12,Hexagon,HEXA B,SE0015961909,Technologie,2.836,280 Md SEK,none
omx,13,Sandvik,SAND,SE0000667891,Industrie,2.733,270 Md SEK,none
omx,14,Swedbank,SWED A,SE0000242455,Finance,2.638,260 Md SEK,none
omx,15,Svenska Handelsbanken,SHB A,SE0007100599,Finance,2.431,240 Md SEK,none
omx,16,H & M Hennes & Mauritz,HM B,SE0000106270,Consommation discrétionnaire,2.431,240 Md SEK,none
omx,17,Epiroc,EPI A,SE0015658109,Industrie,2.431,240 Md SEK,none
omx,18,Essity,ESSITY B,SE0009922164,Consommation courante,1.923,190 Md SEK,none
omx,19,Alfa Laval,ALFA,SE0000695876,Industrie,1.828,180 Md SEK,none
omx,20,Evolution,EVO,SE0012673267,Consommation discrétionnaire,1.828,180 Md SEK,none
omx,21,Lifco,LIFCO B,SE0006370730,Industrie,1.517,150 Md SEK,none
omx,22,Telia Company,TELIA,SE0000667925,Télécommunications,1.32,130 Md SEK,none
omx,23,Svenska Cellulosa SCA,SCA B,SE0000112724,Matériaux,1.112,110 Md SEK,none
omx,24,Boliden,BOL,SE0017768716,Matériaux,1.112,110 Md SEK,none
omx,25,SKF,SKF B,SE0000108227,Industrie,1.018,100 Md SEK,none
omx,26,Skanska,SKA B,SE0000113250,Industrie,0.914,90 Md SEK,none
omx,27,Nibe Industrier,NIBE B,SE0008321293,Industrie,0.914,90 Md SEK,none
omx,28,Autoliv,ALIV SDB,SE0000382335,Automobile,0.914,90 Md SEK,none
omx,29,Tele2,TELE2 B,SE0005190238,Télécommunications,0.81,80 Md SEK,none
omx,30,Getinge,GETI B,SE0000202624,Santé,0.509,50 Md SEK,none
stoxx600,1,Novo Nordisk,NOVO B,DK0062498333,Santé,2.262,300 Md€,none
stoxx600,2,ASML Holding,ASML,NL0010273215,Technologie,1.863,280 Md€,none
stoxx600,3,SAP,SAP,DE0007164600,Technologie,1.712,240 Md€,none
stoxx600,4,Nestlé,NESN,CH0038863350,Consommation courante,1.543,230 Md CHF,none
stoxx600,5,AstraZeneca,AZN,GB0009895292,Santé,1.489,2200 Md SEK,none
stoxx600,6,TotalEnergies,TTE,FR0000120271,Énergie,1.471,148 Md€,none
stoxx600,7,Roche Holding,ROG,CH0012032048,Santé,1.443,215 Md CHF,none
stoxx600,8,LVMH,MC,FR0000121014,Consommation discrétionnaire,1.383,312 Md€,none
stoxx600,9,Novartis,NOVN,CH0012005267,Santé,1.342,200 Md CHF,none
stoxx600,10,HSBC Holdings,HSBA,GB0005405286,Finance,1.291,150 Md£,none
stoxx600,11,Schneider Electric,SU,FR0000121972,Industrie,1.274,132 Md€,none
stoxx600,12,Shell,SHELL,GB00BP6MXD84,Énergie,1.233,200 Md€,none
stoxx600,13,Siemens,SIE,DE0007236101,Industrie,1.143,160 Md€,none
stoxx600,14,Sanofi,SAN,FR0000120578,Santé,1.073,124 Md€,none
stoxx600,15,Deutsche Telekom,DTE,DE0005557508,Télécommunications,1.036,145 Md€,none
stoxx600,16,Inditex,ITX,ES0148396007,Consommation discrétionnaire,0.999,150 Md€,none
stoxx600,17,Air Liquide,AI,FR0000120073,Matériaux,0.982,104 Md€,none
stoxx600,18,Airbus,AIR,NL0000235190,Aéronautique,0.91,128 Md€,none
stoxx600,19,L'Oréal,OR,FR0000120321,Consommation courante,0.873,200 Md€,none
stoxx600,20,Allianz,ALV,DE0008404005,Assurance,0.822,115 Md€,none
stoxx600,21,Unilever,UNA,GB00B10RZP78,Consommation courante,0.801,130 Md€,none
stoxx600,22,EssilorLuxottica,EL,FR0000121667,Santé,0.801,110 Md€,none
stoxx600,23,Anheuser-Busch InBev,ABI,BE0974293251,Consommation courante,0.733,110 Md€,none
stoxx600,24,Hermès International,RMS,FR0000052292,Consommation discrétionnaire,0.727,228 Md€,none
stoxx600,25,Safran,SAF,FR0000073272,Aéronautique,0.709,98 Md€,none
stoxx600,26,BNP Paribas,BNP,FR0000131104,Finance,0.654,78 Md€,none
stoxx600,27,Rolls-Royce Holdings,RR,GB00B63H8491,Aéronautique,0.646,75 Md£,none
stoxx600,28,UBS Group,UBSG,CH0244767585,Finance,0.638,95 Md CHF,none
stoxx600,29,ABB,ABBN,CH0012221716,Industrie,0.638,95 Md CHF,none
stoxx600,30,Prosus,PRX,NL0013654783,Technologie,0.632,95 Md€,none
stoxx600,31,Iberdrola,IBE,ES0144580Y14,Services aux collectivités,0.632,95 Md€,none
stoxx600,32,AXA,CS,FR0000120628,Assurance,0.618,82 Md€,none
stoxx600,33,Argenx,ARGEN,NL0010832176,Non classé,0.611,—,none
stoxx600,34,Investor,INVE B,SE0015811963,Finance,0.61,900 Md SEK,none
stoxx600,35,Banco Santander,SAN.MC,ES0113900J37,Finance,0.564,85 Md€,none
stoxx600,36,Vinci,DG,FR0000125486,Industrie,0.563,68 Md€,none
stoxx600,37,BP,BP,GB0007980591,Énergie,0.559,65 Md£,none
stoxx600,38,British American Tobacco,BATS,GB0002875804,Consommation courante,0.559,65 Md£,none
stoxx600,39,Richemont,CFR,CH0210483332,Consommation discrétionnaire,0.537,80 Md CHF,none
stoxx600,40,Atlas Copco,ATCO A,SE0017486889,Industrie,0.528,780 Md SEK,none
stoxx600,41,Zurich Insurance,ZURN,CH0011075394,Assurance,0.523,78 Md CHF,none
stoxx600,42,Equinor,EQNR,NO0010096985,Énergie,0.523,70 Md€,none
stoxx600,43,GSK,GSK,GB00BN7SWP63,Santé,0.515,60 Md£,none
stoxx600,44,Rio Tinto,RIO,GB0007188757,Matériaux,0.515,60 Md£,none
stoxx600,45,RELX,REN,GB00B2B0DG97,Communication,0.493,80 Md€,none
stoxx600,46,Enel,ENEL,IT0003128367,Services aux collectivités,0.479,72 Md€,none
stoxx600,47,Intesa Sanpaolo,ISP,IT0000072618,Finance,0.479,72 Md€,none
stoxx600,48,Diageo,DGE,GB0002374006,Consommation courante,0.474,55 Md£,none
stoxx600,49,London Stock Exchange Group,LSEG,GB00B0SWJX34,Finance,0.474,55 Md£,none
stoxx600,50,BAE Systems,BA,GB0002634946,Aéronautique,0.474,55 Md£,none
stoxx600,51,Porsche AG,P911,DE000PAG9113,Automobile,0.465,65 Md€,none
stoxx600,52,Amrize AG,AMRIZ,CH1430134226,Non classé,0.462,—,none
stoxx600,53,Munich Re,MUV2,DE0008430026,Assurance,0.457,64 Md€,none
stoxx600,54,Ferrari,RACE,NL0011585146,Automobile,0.452,68 Md€,none
stoxx600,55,Merck KGaA,MRK,DE0006599905,Santé,0.443,62 Md€,none
stoxx600,56,BBVA,BBVA,ES0113211835,Finance,0.434,65 Md€,none
stoxx600,57,Siemens Healthineers,SHL,DE000SHL1006,Santé,0.415,58 Md€,none
stoxx600,58,National Grid,NG,GB00BDR05C01,Services aux collectivités,0.413,48 Md£,none
stoxx600,59,UniCredit,UCG,IT0005239360,Finance,0.4,60 Md€,none
stoxx600,60,Barclays,BARC,GB0031348658,Finance,0.388,45 Md£,none
stoxx600,61,Mercedes-Benz Group,MBG,DE0007100000,Automobile,0.386,54 Md€,none
stoxx600,62,Dassault Systèmes,DSY,FR0014003TT8,Technologie,0.382,44 Md€,none
stoxx600,63,Volvo,VOLV B,SE0000115446,Industrie,0.379,560 Md SEK,none
stoxx600,64,Lloyds Banking Group,LLOY,GB0008706128,Finance,0.361,42 Md£,none
stoxx600,65,Compass Group,CPG,GB00BD6K4575,Consommation discrétionnaire,0.361,42 Md£,none
stoxx600,66,Glencore,GLEN,JE00B4T3BW64,Matériaux,0.361,42 Md£,none
stoxx600,67,BMW,BMW,DE0005190003,Automobile,0.357,50 Md€,none
stoxx600,68,Thales,HO,FR0000121329,Aéronautique,0.346,36 Md€,none
stoxx600,69,ING Groep,INGA,NL0011821202,Finance,0.345,52 Md€,none
stoxx600,70,NatWest Group,NWG,GB00BM8PJY71,Finance,0.344,40 Md£,none
stoxx600,71,Haleon,HLN,GB00BMX86B70,Santé,0.344,40 Md£,none
stoxx600,72,Engie,ENGI,FR0010208488,Services aux collectivités,0.337,42 Md€,none
stoxx600,73,Danone,BN,FR0000120644,Consommation courante,0.337,44 Md€,none
stoxx600,74,DSV,DSV,DK0060079531,Industrie,0.336,45 Md€,none
stoxx600,75,Flutter Entertainment,FLTR,IE00BWT6H894,Consommation discrétionnaire,0.336,45 Md€,none
stoxx600,76,Crédit Agricole,ACA,FR0000045072,Finance,0.328,44 Md€,none
stoxx600,77,Holcim,HOLN,CH0012214059,Matériaux,0.323,48 Md CHF,none
stoxx600,78,DHL Group,DHL,DE0005552004,Industrie,0.321,45 Md€,none
stoxx600,79,Volkswagen,VOW3,DE0007664039,Automobile,0.321,45 Md€,none
stoxx600,80,Saint-Gobain,SGO,FR0000125007,Matériaux,0.318,40 Md€,none
stoxx600,81,Infineon Technologies,IFX,DE0006231004,Technologie,0.314,44 Md€,none
stoxx600,82,Deutsche Börse,DB1,DE0005810055,Finance,0.308,43 Md€,none
stoxx600,83,ABN AMRO,ABNA,NL0011540547,Non classé,0.304,—,none
stoxx600,84,ASR Nederland,ASRN,NL0011872643,Non classé,0.304,—,none
stoxx600,85,Reckitt Benckiser,RKT,GB00B24CGK77,Consommation courante,0.301,35 Md£,none
stoxx600,86,3i Group,III,GB00B1YW4409,Finance,0.301,35 Md£,none
stoxx600,87,Eni,ENI,IT0003132476,Énergie,0.299,45 Md€,none
stoxx600,88,Adyen,ADYEN,NL0012969182,Technologie,0.299,45 Md€,none
stoxx600,89,Universal Music Group,UMG,NL0015000IY2,Communication,0.296,48 Md€,none
stoxx600,90,Heineken,HEIA,NL0000009165,Consommation courante,0.293,44 Md€,none
stoxx600,91,Société Générale,GLE,FR0000130809,Finance,0.29,32 Md€,none
stoxx600,92,Nordea Bank,NDA,FI4000297767,Finance,0.287,43 Md€,none
stoxx600,93,BASF,BAS,DE000BASF111,Matériaux,0.286,40 Md€,none
stoxx600,94,Adidas,ADS,DE000A1EWWW0,Consommation discrétionnaire,0.286,40 Md€,none
stoxx600,95,CaixaBank,CABK,ES0140609019,Finance,0.284,45 Md€,none
stoxx600,96,Lonza Group,LONN,CH0013841017,Santé,0.282,42 Md CHF,none
stoxx600,97,Orange,ORA,FR0000133308,Télécommunications,0.281,32 Md€,none
stoxx600,98,Assicurazioni Generali,G,IT0000062072,Assurance,0.281,42 Md€,none
stoxx600,99,Anglo American,AAL,GB00B1XZS820,Matériaux,0.276,32 Md£,none
stoxx600,100,Legrand,LR,FR0010307819,Industrie,0.272,28 Md€,none
stoxx600,101,Capgemini,CAP,FR0000125338,Technologie,0.263,26 Md€,none
stoxx600,102,Alcon,ALC,CH0432492467,Santé,0.255,38 Md CHF,none
stoxx600,103,Swiss Re,SREN,CH0126881561,Assurance,0.255,38 Md CHF,none
stoxx600,104,Publicis Groupe,PUB,FR0000130577,Communication,0.254,24 Md€,none
stoxx600,105,Michelin,ML,FR001400AJ45,Automobile,0.245,24 Md€,none
stoxx600,106,Assa Abloy,ASSA B,SE0007100581,Industrie,0.244,360 Md SEK,none
stoxx600,107,DNB Bank,DNB,NO0010161896,Finance,0.239,32 Md€,none
stoxx600,108,Stellantis,STLAP,NL00150001Q9,Automobile,0.236,26 Md€,none
stoxx600,109,Givaudan,GIVN,CH0010645932,Matériaux,0.235,35 Md CHF,none
stoxx600,110,Deutsche Bank,DBK,DE0005140008,Finance,0.228,32 Md€,none
stoxx600,111,E.ON,EOAN,DE000ENAG999,Services aux collectivités,0.228,32 Md€,none
stoxx600,112,Henkel,HEN3,DE0006048432,Consommation courante,0.228,32 Md€,none
stoxx600,113,Beiersdorf,BEI,DE0005200000,Consommation courante,0.228,32 Md€,none
stoxx600,114,Sika,SIKA,CH0418792922,Matériaux,0.228,34 Md CHF,none
stoxx600,115,Veolia Environnement,VIE,FR0000124141,Services aux collectivités,0.228,24 Md€,none
stoxx600,116,Novonesis,NSIS B,DK0060336014,Matériaux,0.224,30 Md€,none
stoxx600,117,EQT,EQT,SE0012853455,Finance,0.224,330 Md SEK,none
stoxx600,118,Skandinaviska Enskilda Banken,SEB A,SE0000148884,Finance,0.224,330 Md SEK,none
stoxx600,119,Tesco,TSCO,GB0008847096,Consommation courante,0.223,26 Md£,none
stoxx600,120,Standard Chartered,STAN,GB0004082847,Finance,0.223,26 Md£,none
stoxx600,121,Kering,KER,FR0000121485,Consommation discrétionnaire,0.219,26 Md€,none
stoxx600,122,Imperial Brands,IMB,GB0004544929,Consommation courante,0.215,25 Md£,none
stoxx600,123,Siemens Energy,ENR,DE000ENER6Y0,Industrie,0.215,30 Md€,none
stoxx600,124,Addtech,ADDTE,SE0014781795,Non classé,0.21,—,none
stoxx600,125,Industrivärden,INDUS,SE0000190126,Non classé,0.21,—,none
stoxx600,126,Wolters Kluwer,WKL,NL0000395903,Communication,0.21,34 Md€,none
stoxx600,127,Pernod Ricard,RI,FR0000120693,Consommation courante,0.21,24 Md€,none
stoxx600,128,Hannover Rück,HNR1,DE0008402215,Assurance,0.207,29 Md€,none
stoxx600,129,UCB,UCB,BE0003739530,Santé,0.204,36 Md€,none
stoxx600,130,Partners Group,PGHN,CH0024608827,Finance,0.201,30 Md CHF,none
stoxx600,131,Rheinmetall,RHM,DE0007030009,Aéronautique,0.2,28 Md€,none
stoxx600,132,Leonardo,LDO,IT0003856405,Aéronautique,0.2,26 Md€,none
stoxx600,133,Kone,KNEBV,FI0009013403,Industrie,0.194,26 Md€,none
stoxx600,134,Daimler Truck,DTG,DE000DTR0CK8,Automobile,0.193,27 Md€,none
stoxx600,135,STMicroelectronics,STMPA,NL0000226223,Technologie,0.192,31 Md€,none
stoxx600,136,Prudential,PRU,GB0007099541,Assurance,0.19,22 Md£,none
stoxx600,137,Ashtead Group,AHT,GB0000536739,Industrie,0.19,22 Md£,none
stoxx600,138,Telefonaktiebolaget LM Ericsson,ERIC B,SE0000108656,Technologie,0.19,280 Md SEK,none
stoxx600,139,Hexagon,HEXA B,SE0015961909,Technologie,0.19,280 Md SEK,none
stoxx600,140,Amadeus IT Group,AMS,ES0109067019,Technologie,0.189,30 Md€,none
stoxx600,141,Ferrovial,FER,NL0015001FS8,Industrie,0.189,30 Md€,none
stoxx600,142,Aena,AENA,ES0105046009,Industrie,0.189,30 Md€,none
stoxx600,143,Bayer,BAYN,DE000BAY0017,Santé,0.185,26 Md€,none
stoxx600,144,Ahold Delhaize,AD,NL0011794037,Consommation courante,0.185,30 Md€,none
stoxx600,145,Sandvik,SAND,SE0000667891,Industrie,0.183,270 Md SEK,none
stoxx600,146,Swisscom,SCMN,CH0008742519,Télécommunications,0.181,27 Md CHF,none
stoxx600,147,Coloplast,COLO B,DK0060448595,Santé,0.179,24 Md€,none
stoxx600,148,Ryanair Holdings,RYA,IE00BYTBXV33,Industrie,0.179,24 Md€,none
stoxx600,149,Erste Group Bank,EBS,AT0000652011,Finance,0.179,24 Md€,none
stoxx600,150,Schindler Holding,SCHP,CH0024638196,Industrie,0.179,24 Md€,none
stoxx600,151,Swedbank,SWED A,SE0000242455,Finance,0.176,260 Md SEK,none
stoxx600,152,SSE,SSE,GB0007908733,Services aux collectivités,0.173,20 Md£,none
stoxx600,153,RWE,RWE,DE0007037129,Services aux collectivités,0.171,24 Md€,none
stoxx600,154,Vonovia,VNA,DE000A1ML7J1,Immobilier,0.171,24 Md€,none
stoxx600,155,KBC Group,KBC,BE0003565737,Finance,0.17,30 Md€,none
stoxx600,156,Danske Bank,DANSKE,DK0010274414,Finance,0.164,22 Md€,none
stoxx600,157,Verbund,VER,AT0000746409,Services aux collectivités,0.164,22 Md€,none
stoxx600,158,Dassault Aviation,AM,FR0000121725,Aéronautique,0.164,22 Md€,none
stoxx600,159,ArcelorMittal,MT,LU1598757687,Matériaux,0.163,18 Md€,none
stoxx600,160,Svenska Handelsbanken,SHB A,SE0007100599,Finance,0.163,240 Md SEK,none
stoxx600,161,H & M Hennes & Mauritz,HM B,SE0000106270,Consommation discrétionnaire,0.163,240 Md SEK,none
stoxx600,162,Epiroc,EPI A,SE0015658109,Industrie,0.163,240 Md SEK,none
stoxx600,163,Telefónica,TEF,ES0178430E18,Télécommunications,0.158,25 Md€,none
stoxx600,164,Endesa,ELE,ES0130670112,Services aux collectivités,0.158,25 Md€,none
stoxx600,165,Vodafone Group,VOD,GB00BH4HKS39,Télécommunications,0.155,18 Md£,none
stoxx600,166,Antofagasta,ANTO,GB0000456144,Matériaux,0.155,18 Md£,none
stoxx600,167,A.P. Moller-Maersk,MAERSK B,DK0010244508,Industrie,0.149,20 Md€,none
stoxx600,168,Kongsberg Gruppen,KOG,NO0003043309,Aéronautique,0.149,20 Md€,none
stoxx600,169,Sampo,SAMPO,FI4000552500,Assurance,0.149,20 Md€,none
stoxx600,170,PKO Bank Polski,PKO,PLPKO0000016,Finance,0.149,20 Md€,none
stoxx600,171,Sandoz Group,SDZ,CH1243598427,Santé,0.149,20 Md€,none
stoxx600,172,Talanx,TLX,DE000TLX1005,Assurance,0.149,20 Md€,none
stoxx600,173,DSM-Firmenich,DSFIR,CH1216478797,Matériaux,0.148,24 Md€,none
stoxx600,174,ASM International,ASM,NL0000334118,Technologie,0.148,24 Md€,none
stoxx600,175,Kühne + Nagel,KNIN,CH0025238863,Industrie,0.148,22 Md CHF,none
stoxx600,176,Associated British Foods,ABF,GB0006731235,Consommation courante,0.146,17 Md£,none
stoxx600,177,Cellnex Telecom,CLNX,ES0105066007,Télécommunications,0.145,23 Md€,none
stoxx600,178,Naturgy Energy,NTGY,ES0116870314,Services aux collectivités,0.145,23 Md€,none
stoxx600,179,Puig,PUIG,ES0105777017,Non classé,0.145,—,none
stoxx600,180,Swiss Life,SLHN,CH0014852781,Assurance,0.141,21 Md CHF,none
stoxx600,181,Avio,AVIO,IT0005119810,Non classé,0.138,—,none
stoxx600,182,Fincantieri,FINCA,IT0005599938,Non classé,0.138,—,none
stoxx600,183,Lottomatica Group,LOTTO,IT0005541336,Non classé,0.138,—,none
stoxx600,184,Scottish Mortgage Investment Trust,SMT,GB00BLDYK618,Finance,0.138,16 Md£,none
stoxx600,185,BT Group,BT.A,GB0030913577,Télécommunications,0.138,16 Md£,none
stoxx600,186,Accor,AC,FR0000120404,Consommation discrétionnaire,0.136,11 Md€,none
stoxx600,187,Exor,EXO,NL0012059018,Finance,0.135,22 Md€,none
stoxx600,188,Koninklijke Philips,PHIA,NL0000009538,Santé,0.135,22 Md€,none
stoxx600,189,Sartorius Stedim Biotech,DIM,FR0013154002,Santé,0.134,18 Md€,none
stoxx600,190,Straumann Holding,STMN,CH1175448666,Santé,0.134,18 Md€,none
stoxx600,191,Prysmian,PRY2,IT0004176001,Industrie,0.134,18 Md€,none
stoxx600,192,Geberit,GEBN,CH0030170408,Industrie,0.134,20 Md CHF,none
stoxx600,193,Poste Italiane,PST,IT0003796171,Assurance,0.131,17 Md€,none
stoxx600,194,Tenaris,TEN,LU0156801721,Énergie,0.131,17 Md€,none
stoxx600,195,Heidelberg Materials,HEI,DE0006047004,Matériaux,0.129,18 Md€,none
stoxx600,196,Fresenius,FRE,DE0005785604,Santé,0.129,18 Md€,none
stoxx600,197,Sartorius,SRT3,DE0007165631,Santé,0.129,18 Md€,none
stoxx600,198,Commerzbank,CBK,DE000CBK1001,Finance,0.129,18 Md€,none
stoxx600,199,Essity,ESSITY B,SE0009922164,Consommation courante,0.129,190 Md SEK,none
stoxx600,200,Carrefour,CA,FR0000120172,Consommation courante,0.127,9 Md€,none
stoxx600,201,Carlsberg,CARL B,DK0010181759,Consommation courante,0.127,17 Md€,none
stoxx600,202,SGS,SGSN,CH1256740924,Industrie,0.127,17 Md€,none
stoxx600,203,Terna,TRN,IT0003242622,Services aux collectivités,0.123,16 Md€,none
stoxx600,204,Alfa Laval,ALFA,SE0000695876,Industrie,0.122,180 Md SEK,none
stoxx600,205,Evolution,EVO,SE0012673267,Consommation discrétionnaire,0.122,180 Md SEK,none
stoxx600,206,Aviva,AV,GB00BPQY8M80,Assurance,0.12,14 Md£,none
stoxx600,207,Legal & General,LGEN,GB0005603997,Assurance,0.12,14 Md£,none
stoxx600,208,InterContinental Hotels,IHG,GB00BHJYC057,Consommation discrétionnaire,0.12,14 Md£,none
stoxx600,209,Genmab,GMAB,DK0010272202,Santé,0.119,16 Md€,none
stoxx600,210,Telenor,TEL,NO0010063308,Télécommunications,0.119,16 Md€,none
stoxx600,211,AIB Group,A5G,IE00BF0L3536,Finance,0.119,16 Md€,none
stoxx600,212,Bolloré,BOL,FR0000039299,Communication,0.119,16 Md€,none
stoxx600,213,Bouygues,EN,FR0000120503,Industrie,0.118,13 Md€,none
stoxx600,214,Renault,RNO,FR0000131906,Automobile,0.118,13 Md€,none
stoxx600,215,Snam,SRG,IT0003153415,Services aux collectivités,0.115,15 Md€,none
stoxx600,216,Kerry Group,KRZ,IE0004906560,Consommation courante,0.112,15 Md€,none
stoxx600,217,Orlen,PKN,PLPKN0000018,Énergie,0.112,15 Md€,none
stoxx600,218,EMS-Chemie,EMSN,CH0016440353,Matériaux,0.112,15 Md€,none
stoxx600,219,Bureau Veritas,BVI,FR0006174348,Industrie,0.109,13 Md€,none
stoxx600,220,Symrise,SY1,DE000SYM9999,Matériaux,0.107,15 Md€,none
stoxx600,221,MTU Aero Engines,MTX,DE000A0D9PT0,Aéronautique,0.107,15 Md€,none
stoxx600,222,Sonova,SOON,CH0012549785,Santé,0.107,16 Md CHF,none
stoxx600,223,Vestas Wind Systems,VWS,DK0061539921,Industrie,0.105,14 Md€,none
stoxx600,224,Aker BP,AKRBP,NO0010345853,Énergie,0.105,14 Md€,none
stoxx600,225,Galp Energia,GALP,PTGAL0AM0009,Énergie,0.105,14 Md€,none
stoxx600,226,Sage Group,SGE,GB00B8C3BL03,Technologie,0.103,12 Md£,none
stoxx600,227,Halma,HLMA,GB0004052071,Technologie,0.103,12 Md£,none
stoxx600,228,Next,NXT,GB0032089863,Consommation discrétionnaire,0.103,12 Md£,none
stoxx600,229,Coca-Cola HBC,CCH,CH0198251305,Consommation courante,0.103,12 Md£,none
stoxx600,230,Wise,WISE,GB00BL9YR756,Finance,0.103,12 Md£,none
stoxx600,231,Lifco,LIFCO B,SE0006370730,Industrie,0.101,150 Md SEK,none
stoxx600,232,Repsol,REP,ES0173516115,Énergie,0.101,16 Md€,none
stoxx600,233,Unibail-Rodamco-Westfield,URW,FR0013326246,Immobilier,0.1,11 Md€,none
stoxx600,234,Moncler,MONC,IT0004965148,Consommation discrétionnaire,0.1,13 Md€,none
stoxx600,235,Mediobanca,MB,IT0000062957,Finance,0.1,13 Md€,none
stoxx600,236,Banco BPM,BAMI,IT0005218380,Finance,0.1,13 Md€,none
stoxx600,237,Ørsted,ORSTED,DK0060094928,Services aux collectivités,0.097,13 Md€,none
stoxx600,238,Tryg,TRYG,DK0060636678,Assurance,0.097,13 Md€,none
stoxx600,239,UPM-Kymmene,UPM,FI0009005987,Matériaux,0.097,13 Md€,none
stoxx600,240,Fortum,FORTUM,FI0009007132,Services aux collectivités,0.097,13 Md€,none
stoxx600,241,Kingspan Group,KRX,IE0004927939,Matériaux,0.097,13 Md€,none
stoxx600,242,EDP,EDP,PTEDP0AM0009,Services aux collectivités,0.097,13 Md€,none
stoxx600,243,Amundi,AMUN,FR0004125920,Finance,0.097,13 Md€,none
stoxx600,244,Biomérieux,BIM,FR0013280286,Santé,0.097,13 Md€,none
stoxx600,245,Euronext,ENX,NL0006294274,Finance,0.097,13 Md€,none
stoxx600,246,Knorr-Bremse,KBX,DE000KBX1006,Industrie,0.097,13 Md€,none
stoxx600,247,Informa,INF,GB00BMJ6DW54,Communication,0.095,11 Md£,none
stoxx600,248,International Consolidated Airlines,IAG,ES0177542018,Industrie,0.094,15 Md€,none
stoxx600,249,Koninklijke KPN,KPN,NL0000009082,Télécommunications,0.093,15 Md€,none
stoxx600,250,Porsche Automobil Holding,PAH3,DE000PAH0038,Automobile,0.093,13 Md€,none
stoxx600,251,Eurofins Scientific,ERF,FR0014000MR3,Santé,0.091,10 Md€,none
stoxx600,252,Pandora,PNDORA,DK0060252690,Consommation discrétionnaire,0.09,12 Md€,none
stoxx600,253,Norsk Hydro,NHY,NO0005052605,Matériaux,0.09,12 Md€,none
stoxx600,254,Wärtsilä,WRT1V,FI0009003727,Industrie,0.09,12 Md€,none
stoxx600,255,Bank of Ireland,BIRG,IE00BD1RP616,Finance,0.09,12 Md€,none
stoxx600,256,OMV,OMV,AT0000743059,Énergie,0.09,12 Md€,none
stoxx600,257,Jerónimo Martins,JMT,PTJMT0AE0001,Consommation courante,0.09,12 Md€,none
stoxx600,258,Bank Pekao,PEO,PLPEKAO00016,Finance,0.09,12 Md€,none
stoxx600,259,Julius Bär Gruppe,BAER,CH0102484968,Finance,0.09,12 Md€,none
stoxx600,260,VAT Group,VACN,CH0311864901,Technologie,0.09,12 Md€,none
stoxx600,261,Nemetschek,NEM,DE0006452907,Technologie,0.09,12 Md€,none
stoxx600,262,Banco Sabadell,SAB,ES0113860A34,Finance,0.088,14 Md€,none
stoxx600,263,Telia Company,TELIA,SE0000667925,Télécommunications,0.088,130 Md SEK,none
stoxx600,264,Fresenius Medical Care,FME,DE0005785802,Santé,0.086,12 Md€,none
stoxx600,265,Continental,CON,DE0005439004,Automobile,0.086,12 Md€,none
stoxx600,266,Segro,SGRO,GB00B5ZN1N88,Immobilier,0.085,10 Md£,none
stoxx600,267,Bunzl,BNZL,GB00B0744B38,Industrie,0.085,10 Md£,none
stoxx600,268,Admiral Group,ADM,GB00B02J6398,Assurance,0.085,10 Md£,none
stoxx600,269,Azelis Group,AZELI,BE0974400328,Non classé,0.085,—,none
stoxx600,270,Recordati,REC,IT0003828271,Santé,0.084,11 Md€,none
stoxx600,271,FinecoBank,FBK,IT0000072170,Finance,0.084,11 Md€,none
stoxx600,272,Edenred,EDEN,FR0010908533,Technologie,0.082,7 Md€,none
stoxx600,273,ACS,ACS,ES0167050915,Industrie,0.082,13 Md€,none
stoxx600,274,EDP Renováveis,EDPR,ES0127797019,Services aux collectivités,0.082,11 Md€,none
stoxx600,275,NN Group,NN,NL0010773842,Assurance,0.08,13 Md€,none
stoxx600,276,Smith & Nephew,SN,GB0009223206,Santé,0.078,9 Md£,none
stoxx600,277,Rentokil Initial,RTO,GB00B082RF11,Industrie,0.078,9 Md£,none
stoxx600,278,Marks & Spencer,MKS,GB0031274896,Consommation discrétionnaire,0.078,9 Md£,none
stoxx600,279,Pershing Square Holdings,PSH,GG00BPFJTF46,Finance,0.078,9 Md£,none
stoxx600,280,Infrastrutture Wireless Italiane,INW,IT0005090300,Télécommunications,0.077,10 Md€,none
stoxx600,281,Unipol,UNI,IT0004810054,Assurance,0.077,10 Md€,none
stoxx600,282,PZU,PZU,PLPZU0000011,Assurance,0.075,10 Md€,none
stoxx600,283,Santander Bank Polska,SPL,PLBZ00000044,Finance,0.075,10 Md€,none
stoxx600,284,Eiffage,FGR,FR0000130452,Industrie,0.075,10 Md€,none
stoxx600,285,Svenska Cellulosa SCA,SCA B,SE0000112724,Matériaux,0.074,110 Md SEK,none
stoxx600,286,Boliden,BOL,SE0017768716,Matériaux,0.074,110 Md SEK,none
stoxx600,287,Brenntag,BNR,DE000A1DAHH0,Matériaux,0.071,10 Md€,none
stoxx600,288,BPER Banca,BPE,IT0000066123,Finance,0.069,9 Md€,none
stoxx600,289,Banca Mediolanum,BMED,IT0004776628,Finance,0.069,9 Md€,none
stoxx600,290,SKF,SKF B,SE0000108227,Industrie,0.068,100 Md SEK,none
stoxx600,291,Intertek Group,ITRK,GB0031638363,Industrie,0.068,8 Md£,none
stoxx600,292,Melrose Industries,MRO,GB00BNGDN821,Aéronautique,0.068,8 Md£,none
stoxx600,293,Airtel Africa,AAF,GB00BKDRYJ47,Télécommunications,0.068,8 Md£,none
stoxx600,294,Mowi,MOWI,NO0003054108,Consommation courante,0.067,9 Md€,none
stoxx600,295,Orkla,ORK,NO0003733800,Consommation courante,0.067,9 Md€,none
stoxx600,296,Gjensidige Forsikring,GJF,NO0010582521,Assurance,0.067,9 Md€,none
stoxx600,297,Getlink,GET,FR0010533075,Industrie,0.067,9 Md€,none
stoxx600,298,Ipsen,IPN,FR0010259150,Santé,0.067,9 Md€,none
stoxx600,299,Klépierre,LI,FR0000121964,Immobilier,0.067,9 Md€,none
stoxx600,300,Sodexo,SW,FR0000121220,Consommation discrétionnaire,0.067,9 Md€,none
stoxx600,301,Evonik Industries,EVK,DE000EVNK013,Matériaux,0.067,9 Md€,none
stoxx600,302,GEA Group,G1A,DE0006602006,Industrie,0.067,9 Md€,none
stoxx600,303,Rational,RAA,DE0007010803,Industrie,0.067,9 Md€,none
stoxx600,304,Hensoldt,HAG,DE000HAG0005,Aéronautique,0.067,9 Md€,none
stoxx600,305,Qiagen,QIA,NL0012169213,Santé,0.064,9 Md€,none
stoxx600,306,Akzo Nobel,AKZA,NL0013267909,Matériaux,0.062,10 Md€,none
stoxx600,307,BE Semiconductor,BESI,NL0012866412,Technologie,0.062,10 Md€,none
stoxx600,308,Aegon,AGN,NL0000303709,Assurance,0.062,10 Md€,none
stoxx600,309,Skanska,SKA B,SE0000113250,Industrie,0.061,90 Md SEK,none
stoxx600,310,Nibe Industrier,NIBE B,SE0008321293,Industrie,0.061,90 Md SEK,none
stoxx600,311,Autoliv,ALIV SDB,SE0000382335,Automobile,0.061,90 Md SEK,none
stoxx600,312,Banca Monte dei Paschi di Siena,BMPS,IT0005508921,Finance,0.061,8 Md€,none
stoxx600,313,Pearson,PSON,GB0006776081,Communication,0.06,7 Md£,none
stoxx600,314,WPP,WPP,JE00B8KF9B49,Communication,0.06,7 Md£,none
stoxx600,315,Auto Trader Group,AUTO,GB00BVYVFW23,Communication,0.06,7 Md£,none
stoxx600,316,Fresnillo,FRES,GB00B2QPKJ12,Matériaux,0.06,7 Md£,none
stoxx600,317,Severn Trent,SVT,GB00B1FH8J72,Services aux collectivités,0.06,7 Md£,none
stoxx600,318,United Utilities,UU,GB00BYQ0HV16,Services aux collectivités,0.06,7 Md£,none
stoxx600,319,Centrica,CNA,GB00B033F229,Services aux collectivités,0.06,7 Md£,none
stoxx600,320,Smiths Group,SMIN,GB00B1WY2338,Industrie,0.06,7 Md£,none
stoxx600,321,Mondi,MNDI,GB00BMWC6P49,Matériaux,0.06,7 Md£,none
stoxx600,322,Diploma,DPLM,GB0001826634,Industrie,0.06,7 Md£,none
stoxx600,323,Yara International,YAR,NO0010208051,Matériaux,0.06,8 Md€,none
stoxx600,324,Neste,NESTE,FI0009013296,Énergie,0.06,8 Md€,none
stoxx600,325,Metso,METSO,FI0009007835,Industrie,0.06,8 Md€,none
stoxx600,326,Kesko,KESKOB,FI0009000202,Consommation courante,0.06,8 Md€,none
stoxx600,327,Dino Polska,DNP,PLDINPL00011,Consommation courante,0.06,8 Md€,none
stoxx600,328,Swatch Group,UHR,CH0012255151,Consommation discrétionnaire,0.06,8 Md€,none
stoxx600,329,Baloise Holding,BALN,CH0012410517,Assurance,0.06,8 Md€,none
stoxx600,330,Swiss Prime Site,SPSN,CH0008038389,Immobilier,0.06,8 Md€,none
stoxx600,331,Lufthansa,LHA,DE0008232125,Industrie,0.06,8 Md€,none
stoxx600,332,Scout24,G24,DE000A12DM80,Communication,0.06,8 Md€,none
stoxx600,333,Zalando,ZAL,DE000ZAL1111,Consommation discrétionnaire,0.058,8 Md€,none
stoxx600,334,Redeia,RED,ES0173093024,Services aux collectivités,0.057,9 Md€,none
stoxx600,335,Ageas,AGS,BE0974264930,Assurance,0.057,10 Md€,none
stoxx600,336,Groupe Bruxelles Lambert,GBLB,BE0003797140,Finance,0.057,10 Md€,none
stoxx600,337,JDE Peet’s,JDEP,NL0014332678,Consommation courante,0.056,9 Md€,none
stoxx600,338,Tele2,TELE2 B,SE0005190238,Télécommunications,0.054,80 Md SEK,none
stoxx600,339,Davide Campari-Milano,CPR,NL0015435975,Consommation courante,0.054,7 Md€,none
stoxx600,340,Telecom Italia,TIT,IT0003497168,Télécommunications,0.054,7 Md€,none
stoxx600,341,A2A,A2A,IT0001233417,Services aux collectivités,0.054,7 Md€,none
stoxx600,342,Buzzi,BZU,IT0001347308,Matériaux,0.054,7 Md€,none
stoxx600,343,J Sainsbury,SBRY,GB00B019KW72,Consommation courante,0.052,6 Md£,none
stoxx600,344,Phoenix Group,PHNX,GB00BGXQNP29,Assurance,0.052,6 Md£,none
stoxx600,345,Weir Group,WEIR,GB0009465807,Industrie,0.052,6 Md£,none
stoxx600,346,Barratt Redrow,BTRW,GB0000811801,Consommation discrétionnaire,0.052,6 Md£,none
stoxx600,347,Entain,ENT,IM00B5VQMV65,Consommation discrétionnaire,0.052,6 Md£,none
stoxx600,348,Beazley,BEZ,GB00BYQ0JC66,Assurance,0.052,6 Md£,none
stoxx600,349,Games Workshop,GAW,GB0003718474,Consommation discrétionnaire,0.052,6 Md£,none
stoxx600,350,Endeavour Mining,EDV,GB00BL6K5J42,Matériaux,0.052,6 Md£,none
stoxx600,351,Intermediate Capital Group,ICG,GB00BYT1DJ19,Finance,0.052,6 Md£,none
stoxx600,352,Demant,DEMANT,DK0060738599,Santé,0.052,7 Md€,none
stoxx600,353,Stora Enso,STERV,FI0009005961,Matériaux,0.052,7 Md€,none
stoxx600,354,Elisa,ELISA,FI0009007884,Télécommunications,0.052,7 Md€,none
stoxx600,355,Orion,ORNBV,FI0009014377,Santé,0.052,7 Md€,none
stoxx600,356,Raiffeisen Bank International,RBI,AT0000606306,Finance,0.052,7 Md€,none
stoxx600,357,LPP,LPP,PLLPP0000011,Consommation discrétionnaire,0.052,7 Md€,none
stoxx600,358,Allegro.eu,ALE,LU2237380790,Consommation discrétionnaire,0.052,7 Md€,none
stoxx600,359,Gecina,GFC,FR0010040865,Immobilier,0.052,7 Md€,none
stoxx600,360,Rexel,RXL,FR0010451203,Industrie,0.052,7 Md€,none
stoxx600,361,SPIE,SPIE,FR0012757854,Industrie,0.052,7 Md€,none
stoxx600,362,InPost,INPST,LU2290522684,Industrie,0.052,7 Md€,none
stoxx600,363,Helvetia Holding,HELN,CH0466642201,Assurance,0.052,7 Md€,none
stoxx600,364,Smith (DS),SMDS,GB0008220112,Matériaux,0.052,7 Md€,none
stoxx600,365,D’Ieteren Group,DIE,BE0974259880,Consommation discrétionnaire,0.051,9 Md€,none
stoxx600,366,Mapfre,MAP,ES0124244E34,Assurance,0.051,8 Md€,none
stoxx600,367,IMCD,IMCD,NL0010801007,Matériaux,0.049,8 Md€,none
stoxx600,368,Nexi,NEXI,IT0005366767,Technologie,0.046,6 Md€,none
stoxx600,369,Hera,HER,IT0001250932,Services aux collectivités,0.046,6 Md€,none
stoxx600,370,Brunello Cucinelli,BC,IT0004764699,Consommation discrétionnaire,0.046,6 Md€,none
stoxx600,371,Syensqo,SYENS,BE0974464977,Matériaux,0.045,8 Md€,none
stoxx600,372,Sofina,SOF,BE0003717312,Finance,0.045,8 Md€,none
stoxx600,373,Lotus Bakeries,LOTB,BE0003604155,Consommation courante,0.045,8 Md€,none
stoxx600,374,Schibsted,SCHA,NO0003028904,Communication,0.045,6 Md€,none
stoxx600,375,Storebrand,STB,NO0003053605,Assurance,0.045,6 Md€,none
stoxx600,376,Andritz,ANDR,AT0000730007,Industrie,0.045,6 Md€,none
stoxx600,377,KGHM Polska Miedź,KGH,PLKGHM000017,Matériaux,0.045,6 Md€,none
stoxx600,378,La Française des Jeux,FDJ,FR0013451333,Consommation discrétionnaire,0.045,6 Md€,none
stoxx600,379,Technip Energies,TE,NL0014559478,Énergie,0.045,6 Md€,none
stoxx600,380,Barry Callebaut,BARN,CH0009002962,Consommation courante,0.045,6 Md€,none
stoxx600,381,PSP Swiss Property,PSPN,CH0018294154,Immobilier,0.045,6 Md€,none
stoxx600,382,Flughafen Zürich,FHZN,CH0319416936,Industrie,0.045,6 Md€,none
stoxx600,383,Fuchs,FPE3,DE000A3E5D64,Matériaux,0.045,6 Md€,none
stoxx600,384,Kion Group,KGX,DE000KGX8881,Industrie,0.045,6 Md€,none
stoxx600,385,LEG Immobilien,LEG,DE000LEG1110,Immobilier,0.045,6 Md€,none
stoxx600,386,Delivery Hero,DHER,DE000A2E4K43,Consommation discrétionnaire,0.045,6 Md€,none
stoxx600,387,Bankinter,BKT,ES0113679I37,Finance,0.044,7 Md€,none
stoxx600,388,Grifols,GRF,ES0171996087,Santé,0.044,7 Md€,none
stoxx600,389,Acciona,ANA,ES0125220311,Services aux collectivités,0.044,7 Md€,none
stoxx600,390,Croda International,CRDA,GB00BYZWX769,Matériaux,0.043,5 Md£,none
stoxx600,391,Whitbread,WTB,GB00B1KJJ408,Consommation discrétionnaire,0.043,5 Md£,none
stoxx600,392,Hikma Pharmaceuticals,HIK,GB00B0LCW083,Santé,0.043,5 Md£,none
stoxx600,393,Kingfisher,KGF,GB0033195214,Consommation discrétionnaire,0.043,5 Md£,none
stoxx600,394,Schroders,SDR,GB0002405495,Finance,0.043,5 Md£,none
stoxx600,395,St James’s Place,STJ,GB0007669376,Finance,0.043,5 Md£,none
stoxx600,396,M&G,MNG,GB00BKFB1C65,Finance,0.043,5 Md£,none
stoxx600,397,Rightmove,RMV,GB00BGDT3G23,Communication,0.043,5 Md£,none
stoxx600,398,DCC,DCC,IE0002424939,Industrie,0.043,5 Md£,none
stoxx600,399,Spirax Group,SPX,GB00BWFGQN14,Industrie,0.043,5 Md£,none
stoxx600,400,ConvaTec Group,CTEC,GB00BD3VFW73,Santé,0.043,5 Md£,none
stoxx600,401,JD Sports Fashion,JD,GB00BM8Q5M07,Consommation discrétionnaire,0.043,5 Md£,none
stoxx600,402,Hiscox,HSX,BMG4593F1389,Assurance,0.043,5 Md£,none
stoxx600,403,IMI,IMI,GB00BGLP8L22,Industrie,0.043,5 Md£,none
stoxx600,404,Howden Joinery,HWDN,GB0005576813,Consommation discrétionnaire,0.043,5 Md£,none
stoxx600,405,Babcock International,BAB,GB0009697037,Aéronautique,0.043,5 Md£,none
stoxx600,406,easyJet,EZJ,GB00B7KR2P84,Industrie,0.043,5 Md£,none
stoxx600,407,Elia Group,ELI,BE0003822393,Services aux collectivités,0.04,7 Md€,none
stoxx600,408,Amplifon,AMP,IT0004056880,Santé,0.038,5 Md€,none
stoxx600,409,DiaSorin,DIA,IT0003492391,Santé,0.038,5 Md€,none
stoxx600,410,Italgas,IG,IT0005211237,Services aux collectivités,0.038,5 Md€,none
stoxx600,411,Saipem,SPM,IT0005495657,Énergie,0.038,5 Md€,none
stoxx600,412,Merlin Properties,MRL,ES0105025003,Immobilier,0.038,6 Md€,none
stoxx600,413,SalMar,SALM,NO0010310956,Consommation courante,0.037,5 Md€,none
stoxx600,414,Subsea 7,SUBC,LU0075646355,Énergie,0.037,5 Md€,none
stoxx600,415,Konecranes,KCR,FI0009005870,Industrie,0.037,5 Md€,none
stoxx600,416,CD Projekt,CDR,PLOPTTC00011,Communication,0.037,5 Md€,none
stoxx600,417,Arkema,AKE,FR0010313833,Matériaux,0.037,5 Md€,none
stoxx600,418,Covivio,COV,FR0000064578,Immobilier,0.037,5 Md€,none
stoxx600,419,Elis,ELIS,FR0012435121,Industrie,0.037,5 Md€,none
stoxx600,420,Nexans,NEX,FR0000044448,Industrie,0.037,5 Md€,none
stoxx600,421,Teleperformance,TEP,FR0000051807,Industrie,0.037,5 Md€,none
stoxx600,422,SEB,SK,FR0000121709,Consommation discrétionnaire,0.037,5 Md€,none
stoxx600,423,Arcadis,ARCAD,NL0006237562,Industrie,0.037,5 Md€,none
stoxx600,424,Vopak,VPK,NL0009432491,Énergie,0.037,5 Md€,none
stoxx600,425,Temenos,TEMN,CH0012453913,Technologie,0.037,5 Md€,none
stoxx600,426,Georg Fischer,GF,CH0001752309,Industrie,0.037,5 Md€,none
stoxx600,427,Avolta,AVOL,CH0023405456,Consommation discrétionnaire,0.037,5 Md€,none
stoxx600,428,Accelleron Industries,ACLN,CH1169360919,Industrie,0.037,5 Md€,none
stoxx600,429,Carl Zeiss Meditec,AFX,DE0005313704,Santé,0.037,5 Md€,none
stoxx600,430,Banca Popolare di Sondrio,BPSO,IT0000784196,Finance,0.037,5 Md€,none
stoxx600,431,Taylor Wimpey,TW,GB0008782301,Consommation discrétionnaire,0.035,4 Md£,none
stoxx600,432,Persimmon,PSN,GB0006825383,Consommation discrétionnaire,0.035,4 Md£,none
stoxx600,433,Berkeley Group,BKG,GB00B02L3W35,Consommation discrétionnaire,0.035,4 Md£,none
stoxx600,434,Land Securities,LAND,GB00BYW0PQ60,Immobilier,0.035,4 Md£,none
stoxx600,435,British Land,BLND,GB0001367019,Immobilier,0.035,4 Md£,none
stoxx600,436,Unite Group,UTG,GB0006928617,Immobilier,0.035,4 Md£,none
stoxx600,437,Polar Capital Technology Trust,PCT,GB0004220025,Finance,0.035,4 Md£,none
stoxx600,438,abrdn,ABDN,GB00BF8Q6K64,Finance,0.035,4 Md£,none
stoxx600,439,Burberry Group,BRBY,GB0031743007,Consommation discrétionnaire,0.035,4 Md£,none
stoxx600,440,Ackermans & van Haaren,ACKB,BE0003764785,Finance,0.034,6 Md€,none
stoxx600,441,Getinge,GETI B,SE0000202624,Santé,0.034,50 Md SEK,none
stoxx600,442,Indra Sistemas,IDR,ES0118594417,Technologie,0.031,5 Md€,none
stoxx600,443,Azimut Holding,AZM,IT0003261697,Finance,0.031,4 Md€,none
stoxx600,444,Interpump Group,IP,IT0001078911,Industrie,0.031,4 Md€,none
stoxx600,445,Royal Unibrew,RBREW,DK0060634707,Consommation courante,0.03,4 Md€,none
stoxx600,446,Ambu,AMBU B,DK0060946788,Santé,0.03,4 Md€,none
stoxx600,447,Jyske Bank,JYSK,DK0010307958,Finance,0.03,4 Md€,none
stoxx600,448,Tomra Systems,TOM,NO0005668905,Industrie,0.03,4 Md€,none
stoxx600,449,Huhtamäki,HUH1V,FI0009000459,Matériaux,0.03,4 Md€,none
stoxx600,450,Valmet,VALMT,FI4000074984,Industrie,0.03,4 Md€,none
stoxx600,451,Voestalpine,VOE,AT0000937503,Matériaux,0.03,4 Md€,none
stoxx600,452,Eurazeo,RF,FR0000121121,Finance,0.03,4 Md€,none
stoxx600,453,JCDecaux,DEC,FR0000077919,Communication,0.03,4 Md€,none
stoxx600,454,Vallourec,VK,FR0013506730,Énergie,0.03,4 Md€,none
stoxx600,455,Wendel,MF,FR0000121204,Finance,0.03,4 Md€,none
stoxx600,456,Sopra Steria,SOP,FR0000050809,Technologie,0.03,4 Md€,none
stoxx600,457,SBM Offshore,SBMO,NL0000360618,Énergie,0.03,4 Md€,none
stoxx600,458,Adecco Group,ADEN,CH0012138605,Industrie,0.03,4 Md€,none
stoxx600,459,Clariant,CLN,CH0012142631,Matériaux,0.03,4 Md€,none
stoxx600,460,Galenica,GALE,CH0360674466,Santé,0.03,4 Md€,none
stoxx600,461,DKSH Holding,DKSH,CH0126673539,Industrie,0.03,4 Md€,none
stoxx600,462,Puma,PUM,DE0006969603,Consommation discrétionnaire,0.03,4 Md€,none
stoxx600,463,Bechtle,BC8,DE0005158703,Technologie,0.03,4 Md€,none
stoxx600,464,Aurubis,NDA,DE0006766504,Matériaux,0.03,4 Md€,none
stoxx600,465,Wacker Chemie,WCH,DE000WCH8881,Matériaux,0.03,4 Md€,none
stoxx600,466,De’ Longhi,DLG,IT0003115950,Consommation discrétionnaire,0.03,4 Md€,none
stoxx600,467,Warehouses De Pauw,WDP,BE0974349814,Immobilier,0.028,5 Md€,none
stoxx600,468,Colruyt,COLR,BE0974256852,Consommation courante,0.028,5 Md€,none
stoxx600,469,Ocado Group,OCDO,GB00B3MBS747,Consommation discrétionnaire,0.025,3 Md£,none
stoxx600,470,Vistry Group,VTY,GB0006834344,Consommation discrétionnaire,0.025,3 Md£,none
stoxx600,471,Unicaja Banco,UNI,ES0180907000,Finance,0.025,4 Md€,none
stoxx600,472,Fluidra,FDR,ES0137650018,Industrie,0.025,4 Md€,none
stoxx600,473,Logista,LOG,ES0105027009,Industrie,0.025,4 Md€,none
stoxx600,474,GN Store Nord,GN,DK0010272632,Santé,0.022,3 Md€,none
stoxx600,475,ISS,ISS,DK0060542181,Industrie,0.022,3 Md€,none
stoxx600,476,Sydbank,SYDB,DK0010311471,Finance,0.022,3 Md€,none
stoxx600,477,Leroy Seafood,LSG,NO0003096208,Consommation courante,0.022,3 Md€,none
stoxx600,478,Kojamo,KOJAMO,FI4000312251,Immobilier,0.022,3 Md€,none
stoxx600,479,Glanbia,GL9,IE0000669501,Consommation courante,0.022,3 Md€,none
stoxx600,480,Wienerberger,WIE,AT0000831706,Matériaux,0.022,3 Md€,none
stoxx600,481,Air France-KLM,AF,FR001400J770,Industrie,0.022,3 Md€,none
stoxx600,482,Rubis,RUI,FR0013269123,Énergie,0.022,3 Md€,none
stoxx600,483,Valeo,FR,FR0013176526,Automobile,0.022,3 Md€,none
stoxx600,484,Verallia,VRLA,FR0013447729,Matériaux,0.022,3 Md€,none
stoxx600,485,Virbac,VIRP,FR0000031577,Santé,0.022,3 Md€,none
stoxx600,486,Aalberts,AALB,NL0000852564,Industrie,0.022,3 Md€,none
stoxx600,487,Signify,LIGHT,NL0011821392,Industrie,0.022,3 Md€,none
stoxx600,488,Bucher Industries,BUCN,CH0002432174,Industrie,0.022,3 Md€,none
stoxx600,489,Hugo Boss,BOSS,DE000A1PHFF7,Consommation discrétionnaire,0.022,3 Md€,none
stoxx600,490,Jungheinrich,JUN3,DE0006219934,Industrie,0.022,3 Md€,none
stoxx600,491,Thyssenkrupp,TKA,DE0007500001,Matériaux,0.022,3 Md€,none
stoxx600,492,TAG Immobilien,TEG,DE0008303504,Immobilier,0.022,3 Md€,none
stoxx600,493,Redcare Pharmacy,RDC,NL0012044747,Consommation discrétionnaire,0.022,3 Md€,none
stoxx600,494,B&M European Value Retail,BME,LU1072616219,Consommation discrétionnaire,0.022,3 Md€,none
stoxx600,495,Tate & Lyle,TATE,GB00BP92CJ43,Consommation courante,0.022,3 Md€,none
stoxx600,496,QinetiQ,QQ,GB00B0WMWD03,Aéronautique,0.022,3 Md€,none
stoxx600,497,Enagás,ENG,ES0130960018,Services aux collectivités,0.019,3 Md€,none
stoxx600,498,Inmobiliaria Colonial,COL,ES0139140174,Immobilier,0.019,3 Md€,none
stoxx600,499,Laboratorios Rovi,ROVI,ES0157261019,Santé,0.019,3 Md€,none
stoxx600,500,Umicore,UMI,BE0974320526,Matériaux,0.017,3 Md€,none
stoxx600,501,Proximus,PROX,BE0003810273,Télécommunications,0.017,3 Md€,none
stoxx600,502,Solvay,SOLB,BE0003470755,Matériaux,0.017,3 Md€,none
stoxx600,503,Melexis,MELE,BE0165385973,Technologie,0.017,3 Md€,none
stoxx600,504,TietoEVRY,TIETO,FI0009000277,Technologie,0.015,2 Md€,none
stoxx600,505,Outokumpu,OUT1V,FI0009002422,Matériaux,0.015,2 Md€,none
stoxx600,506,Alten,ATE,FR0000071946,Technologie,0.015,2 Md€,none
stoxx600,507,Eramet,ERA,FR0000131757,Matériaux,0.015,2 Md€,none
stoxx600,508,Soitec,SOI,FR0013227113,Technologie,0.015,2 Md€,none
stoxx600,509,Ubisoft Entertainment,UBI,FR0000054470,Communication,0.015,2 Md€,none
stoxx600,510,OPmobility,OPM,FR0000124570,Automobile,0.015,2 Md€,none
stoxx600,511,Interparfums,ITP,FR0004024222,Consommation courante,0.015,2 Md€,none
stoxx600,512,Trigano,TRI,FR0005691656,Consommation discrétionnaire,0.015,2 Md€,none
stoxx600,513,Vicat,VCT,FR0000031775,Matériaux,0.015,2 Md€,none
stoxx600,514,TF1,TFI,FR0000054900,Communication,0.015,2 Md€,none
stoxx600,515,Coface,COFA,FR0010667147,Assurance,0.015,2 Md€,none
stoxx600,516,Bic,BB,FR0000120966,Consommation discrétionnaire,0.015,2 Md€,none
stoxx600,517,Fugro,FUR,NL0000352565,Énergie,0.015,2 Md€,none
stoxx600,518,TKH Group,TWEKA,NL0000852523,Technologie,0.015,2 Md€,none
stoxx600,519,OCI,OCI,NL0010558797,Matériaux,0.015,2 Md€,none
stoxx600,520,Aperam,APAM,LU0569974404,Matériaux,0.015,2 Md€,none
stoxx600,521,Lanxess,LXS,DE0005470405,Matériaux,0.015,2 Md€,none
stoxx600,522,Technogym,TGYM,IT0005380602,Consommation discrétionnaire,0.015,2 Md€,none
stoxx600,523,Greggs,GRG,GB00B63QSB39,Consommation discrétionnaire,0.015,2 Md€,none
stoxx600,524,AO World,AO,GB00BJTNFH41,Consommation discrétionnaire,0.015,—,none
stoxx600,525,Ashmore Group,ASHM,GB00B132NW22,Finance,0.015,—,none
stoxx600,526,Aston Martin Lagonda,AML,GB00BFXZC448,Automobile,0.015,—,none
stoxx600,527,Atalaya Mining,ATYM,CY0106002112,Matériaux,0.015,—,none
stoxx600,528,Balfour Beatty,BBY,GB0000961622,Non classé,0.015,—,none
stoxx600,529,A.G. Barr,BAG,GB00B6XZKY75,Consommation courante,0.015,—,none
stoxx600,530,AJ Bell,AJB,GB00BFZNLB60,Finance,0.015,—,none
stoxx600,531,Bellway,BWY,GB0000904986,Non classé,0.015,—,none
stoxx600,532,Berkeley Group Holdings,BKG,GB00BP0RGD03,Non classé,0.015,—,none
stoxx600,533,BH Macro,BHMG,GG00BQBFY362,Non classé,0.015,—,none
stoxx600,534,BlackRock Greater Europe Investment Trust,BRGE,GB00B01RDH75,Finance,0.015,—,none
stoxx600,535,BlackRock World Mining Trust,BRWM,GB0005774855,Finance,0.015,—,none
stoxx600,536,Bloomsbury Publishing,BMY,GB0033147751,Communication,0.015,—,none
stoxx600,537,Bodycote,BOY,GB0006895626,Industrie,0.015,—,none
stoxx600,538,Brunner Investment Trust,BUT,GB0001490001,Finance,0.015,—,none
stoxx600,539,Capital Gearing Trust,CGT,GB0001738615,Finance,0.015,—,none
stoxx600,540,Ceres Power,CWR,GB00BG5KQW09,Énergie,0.015,—,none
stoxx600,541,Chemring Group,CHG,GB00B45C9X44,Non classé,0.015,—,none
stoxx600,542,Chesnara,CSN,GB00B00FPT80,Assurance,0.015,—,none
stoxx600,543,City of London Investment Trust,CTY,GB0001990497,Finance,0.015,—,none
stoxx600,544,Clarkson,CKN,GB0002018363,Industrie,0.015,—,none
stoxx600,545,CMC Markets,CMCX,GB00B14SKR37,Finance,0.015,—,none
stoxx600,546,Coats Group,COA,GB0002068202,Non classé,0.015,—,none
stoxx600,547,Cranswick,CWK,GB0002318888,Consommation courante,0.015,—,none
stoxx600,548,Currys,CURY,GB00B4Y7R145,Non classé,0.015,—,none
stoxx600,549,Domino's Pizza,DOM,US25754A2015,Non classé,0.015,—,none
stoxx600,550,Drax Group,DRX,GB00B1VNSX38,Services aux collectivités,0.015,—,none
stoxx600,551,Energean,ENOG,GB00BG12Y042,Non classé,0.015,—,none
stoxx600,552,Finsbury Growth & Income Trust,FGT,GB0007816068,Non classé,0.015,—,none
stoxx600,553,FirstGroup,FGP,GB0003452173,Non classé,0.015,—,none
stoxx600,554,Frasers Group,FRAS,GB00B1QH8P22,Non classé,0.015,—,none
stoxx600,555,Gamma Communications,GAMA,GB00BQS10J50,Non classé,0.015,—,none
stoxx600,556,GB Group,GBG,EGS673T1C012,Technologie,0.015,—,none
stoxx600,557,Genus,GNS,GB0002074580,Non classé,0.015,—,none
stoxx600,558,Grafton Group,GFTU,IE00B00MZ448,Non classé,0.015,—,none
stoxx600,559,Grainger,GRI,GB00B04V1276,Non classé,0.015,—,none
stoxx600,560,Great Portland Estates,GPE,GB00BF5H9P87,Immobilier,0.015,—,none
stoxx600,561,Greencore,GNC,IE0003864109,Non classé,0.015,—,none
stoxx600,562,Hammerson,HMSO,GB0004065016,Immobilier,0.015,—,none
stoxx600,563,Harbour Energy,HBR,GB00BMBVGQ36,Non classé,0.015,—,none
stoxx600,564,Hays,HAS,GB0004161021,Non classé,0.015,—,none
stoxx600,565,Helios Towers,HTWS,GB00BJVQC708,Non classé,0.015,—,none
stoxx600,566,Hg Capital Trust,HGT,GB00BJ0LT190,Finance,0.015,—,none
stoxx600,567,Hill & Smith,HILS,GB0004270301,Industrie,0.015,—,none
stoxx600,568,Hilton Food Group,HFG,GB00B1V9NW54,Consommation courante,0.015,—,none
stoxx600,569,Hochschild Mining,HOC,GB00B1FW5029,Non classé,0.015,—,none
stoxx600,570,Inchcape,INCH,GB00B61TVQ02,Non classé,0.015,—,none
stoxx600,571,Ithaca Energy,ITH,GB00BPJHV584,Non classé,0.015,—,none
stoxx600,572,ITV,ITV,US45069P1075,Communication,0.015,—,none
stoxx600,573,Johnson Matthey,JMAT,GB00BZ4BQC70,Matériaux,0.015,—,none
stoxx600,574,JPMorgan American Investment Trust,JAM,GB00BKZGVH64,Finance,0.015,—,none
stoxx600,575,JPMorgan Claverhouse Investment Trust,JCH,GB0003422184,Finance,0.015,—,none
stoxx600,576,Keller Group,KLR,GB0004866223,Non classé,0.015,—,none
stoxx600,577,Lancashire Holdings,LRE,BMG5361W1047,Assurance,0.015,—,none
stoxx600,578,Man Group,EMG,GB00B83VD954,Finance,0.015,—,none
stoxx600,579,Mitchells & Butlers,MAB,GB00B1FP6H53,Non classé,0.015,—,none
stoxx600,580,Mondi,MNDI,ZAE000156550,Non classé,0.015,—,none
stoxx600,581,MONY Group,MONY,GB00B1ZBKY84,Communication,0.015,—,none
stoxx600,582,NCC Group,NCC,GB00B01QGK86,Technologie,0.015,—,none
stoxx600,583,Ninety One,N91,ZAE000282356,Finance,0.015,—,none
stoxx600,584,OSB Group,OSB,GB00BLDRH360,Finance,0.015,—,none
stoxx600,585,Oxford Instruments,OXIG,GB0006650450,Non classé,0.015,—,none
stoxx600,586,Oxford Nanopore Technologies,ONT,GB00BP6S8Z30,Non classé,0.015,—,none
stoxx600,587,PageGroup,PAGE,GB0030232317,Non classé,0.015,—,none
stoxx600,588,Pan African Resources,PAF,GB0004300496,Matériaux,0.015,—,none
stoxx600,589,Pantheon International,PIN,GB00BP37WF17,Non classé,0.015,—,none
stoxx600,590,Partners Group Private Equity,PEY,GG00B28C2R28,Finance,0.015,—,none
stoxx600,591,Playtech,PTEC,IM00B7S9G985,Non classé,0.015,—,none
stoxx600,592,Plus500,PLUS,IL0011284465,Finance,0.015,—,none
stoxx600,593,Pollen Street Group,POLN,GB00BYZV3G25,Finance,0.015,—,none
stoxx600,594,Premier Foods,PFD,GB00B7N0K053,Non classé,0.015,—,none
stoxx600,595,Primary Health Properties,PHP,GB00BYRJ5J14,Immobilier,0.015,—,none
stoxx600,596,Quilter,QLT,GB00BNHSJN34,Finance,0.015,—,none
stoxx600,597,Rathbones,RAT,GB0002148343,Finance,0.015,—,none
stoxx600,598,Renishaw,RSW,GB0007323586,Non classé,0.015,—,none
stoxx600,599,RHI Magnesita,RHIM,AT0000676903,Non classé,0.015,—,none
stoxx600,600,RIT Capital Partners,RCP,GB0007366395,Finance,0.015,—,none
ftse250,1,4imprint,FOUR,US35104M1027,Communication,0.12,—,none
ftse250,2,AO World,AO,GB00BJTNFH41,Consommation discrétionnaire,0.49,—,none
ftse250,3,Ashmore Group,ASHM,GB00B132NW22,Finance,0.49,—,none
ftse250,4,Aston Martin Lagonda,AML,GB00BFXZC448,Automobile,0.49,—,none
ftse250,5,Atalaya Mining,ATYM,CY0106002112,Matériaux,0.49,—,none
ftse250,6,B&M,BME,LU1072616219,Non classé,0.49,—,none
ftse250,7,Balfour Beatty,BBY,GB0000961622,Non classé,0.49,—,none
ftse250,8,A.G. Barr,BAG,GB00B6XZKY75,Consommation courante,0.49,—,none
ftse250,9,AJ Bell,AJB,GB00BFZNLB60,Finance,0.49,—,none
ftse250,10,Bellway,BWY,GB0000904986,Non classé,0.49,—,none
ftse250,11,Berkeley Group Holdings,BKG,GB00BP0RGD03,Non classé,0.49,—,none
ftse250,12,BH Macro,BHMG,GG00BQBFY362,Non classé,0.49,—,none
ftse250,13,BlackRock Greater Europe Investment Trust,BRGE,GB00B01RDH75,Finance,0.49,—,none
ftse250,14,BlackRock World Mining Trust,BRWM,GB0005774855,Finance,0.49,—,none
ftse250,15,Bloomsbury Publishing,BMY,GB0033147751,Communication,0.49,—,none
ftse250,16,Bodycote,BOY,GB0006895626,Industrie,0.49,—,none
ftse250,17,Brunner Investment Trust,BUT,GB0001490001,Finance,0.49,—,none
ftse250,18,Capital Gearing Trust,CGT,GB0001738615,Finance,0.49,—,none
ftse250,19,Ceres Power,CWR,GB00BG5KQW09,Énergie,0.49,—,none
ftse250,20,Chemring Group,CHG,GB00B45C9X44,Non classé,0.49,—,none
ftse250,21,Chesnara,CSN,GB00B00FPT80,Assurance,0.49,—,none
ftse250,22,City of London Investment Trust,CTY,GB0001990497,Finance,0.49,—,none
ftse250,23,Clarkson,CKN,GB0002018363,Industrie,0.49,—,none
ftse250,24,CMC Markets,CMCX,GB00B14SKR37,Finance,0.49,—,none
ftse250,25,Coats Group,COA,GB0002068202,Non classé,0.49,—,none
ftse250,26,Cranswick,CWK,GB0002318888,Consommation courante,0.49,—,none
ftse250,27,Currys,CURY,GB00B4Y7R145,Non classé,0.49,—,none
ftse250,28,Domino's Pizza,DOM,US25754A2015,Non classé,0.49,—,none
ftse250,29,Drax Group,DRX,GB00B1VNSX38,Services aux collectivités,0.49,—,none
ftse250,30,EasyJet,EZJ,GB00B7KR2P84,Consommation discrétionnaire,0.49,—,none
ftse250,31,Energean,ENOG,GB00BG12Y042,Non classé,0.49,—,none
ftse250,32,Finsbury Growth & Income Trust,FGT,GB0007816068,Non classé,0.49,—,none
ftse250,33,FirstGroup,FGP,GB0003452173,Non classé,0.49,—,none
ftse250,34,Frasers Group,FRAS,GB00B1QH8P22,Non classé,0.49,—,none
ftse250,35,Gamma Communications,GAMA,GB00BQS10J50,Non classé,0.49,—,none
ftse250,36,GB Group,GBG,EGS673T1C012,Technologie,0.49,—,none
ftse250,37,Genus,GNS,GB0002074580,Non classé,0.49,—,none
ftse250,38,Grafton Group,GFTU,IE00B00MZ448,Non classé,0.49,—,none
ftse250,39,Grainger,GRI,GB00B04V1276,Non classé,0.49,—,none
ftse250,40,Great Portland Estates,GPE,GB00BF5H9P87,Immobilier,0.49,—,none
ftse250,41,Greencore,GNC,IE0003864109,Non classé,0.49,—,none
ftse250,42,Greggs,GRG,GB00B63QSB39,Non classé,0.49,—,none
ftse250,43,Hammerson,HMSO,GB0004065016,Immobilier,0.49,—,none
ftse250,44,Harbour Energy,HBR,GB00BMBVGQ36,Non classé,0.49,—,none
ftse250,45,Hays,HAS,GB0004161021,Non classé,0.49,—,none
ftse250,46,Helios Towers,HTWS,GB00BJVQC708,Non classé,0.49,—,none
ftse250,47,Hg Capital Trust,HGT,GB00BJ0LT190,Finance,0.49,—,none
ftse250,48,Hikma Pharmaceuticals,HIK,GB00B0LCW083,Santé,0.49,—,none
ftse250,49,Hill & Smith,HILS,GB0004270301,Industrie,0.49,—,none
ftse250,50,Hilton Food Group,HFG,GB00B1V9NW54,Consommation courante,0.49,—,none
ftse250,51,Hochschild Mining,HOC,GB00B1FW5029,Non classé,0.49,—,none
ftse250,52,Inchcape,INCH,GB00B61TVQ02,Non classé,0.49,—,none
ftse250,53,Ithaca Energy,ITH,GB00BPJHV584,Non classé,0.49,—,none
ftse250,54,ITV,ITV,US45069P1075,Communication,0.49,—,none
ftse250,55,Johnson Matthey,JMAT,GB00BZ4BQC70,Matériaux,0.49,—,none
ftse250,56,JPMorgan American Investment Trust,JAM,GB00BKZGVH64,Finance,0.49,—,none
ftse250,57,JPMorgan Claverhouse Investment Trust,JCH,GB0003422184,Finance,0.49,—,none
ftse250,58,Keller Group,KLR,GB0004866223,Non classé,0.49,—,none
ftse250,59,Lancashire Holdings,LRE,BMG5361W1047,Assurance,0.49,—,none
ftse250,60,Man Group,EMG,GB00B83VD954,Finance,0.49,—,none
ftse250,61,Mitchells & Butlers,MAB,GB00B1FP6H53,Non classé,0.49,—,none
ftse250,62,Mondi,MNDI,ZAE000156550,Non classé,0.49,—,none
ftse250,63,MONY Group,MONY,GB00B1ZBKY84,Communication,0.49,—,none
ftse250,64,NCC Group,NCC,GB00B01QGK86,Technologie,0.49,—,none
ftse250,65,Ninety One,N91,ZAE000282356,Finance,0.49,—,none
ftse250,66,Ocado Group,OCDO,GB00B3MBS747,Non classé,0.49,—,none
ftse250,67,OSB Group,OSB,GB00BLDRH360,Finance,0.49,—,none
ftse250,68,Oxford Instruments,OXIG,GB0006650450,Non classé,0.49,—,none
ftse250,69,Oxford Nanopore Technologies,ONT,GB00BP6S8Z30,Non classé,0.49,—,none
ftse250,70,PageGroup,PAGE,GB0030232317,Non classé,0.49,—,none
ftse250,71,Pan African Resources,PAF,GB0004300496,Matériaux,0.49,—,none
ftse250,72,Pantheon International,PIN,GB00BP37WF17,Non classé,0.49,—,none
ftse250,73,Partners Group Private Equity,PEY,GG00B28C2R28,Finance,0.49,—,none
ftse250,74,Personal Assets Trust,PNL,NL0009739416,Finance,0.49,—,none
ftse250,75,Playtech,PTEC,IM00B7S9G985,Non classé,0.49,—,none
ftse250,76,Plus500,PLUS,IL0011284465,Finance,0.49,—,none
ftse250,77,Pollen Street Group,POLN,GB00BYZV3G25,Finance,0.49,—,none
ftse250,78,Premier Foods,PFD,GB00B7N0K053,Non classé,0.49,—,none
ftse250,79,Primary Health Properties,PHP,GB00BYRJ5J14,Immobilier,0.49,—,none
ftse250,80,Qinetiq,QQ,GB00B0WMWD03,Non classé,0.49,—,none
ftse250,81,Quilter,QLT,GB00BNHSJN34,Finance,0.49,—,none
ftse250,82,Rathbones,RAT,GB0002148343,Finance,0.49,—,none
ftse250,83,Renishaw,RSW,GB0007323586,Non classé,0.49,—,none
ftse250,84,RHI Magnesita,RHIM,AT0000676903,Non classé,0.49,—,none
ftse250,85,Rightmove,RMV,GB00BGDT3G23,Communication,0.49,—,none
ftse250,86,RIT Capital Partners,RCP,GB0007366395,Finance,0.49,—,none
ftse250,87,Rotork,ROR,GB00BVFNZH21,Industrie,0.49,—,none
ftse250,88,RS Group,RS1,GB0003096442,Non classé,0.49,—,none
ftse250,89,Saga,SAGA,GB00BMX64W89,Consommation discrétionnaire,0.49,—,none
ftse250,90,Savills,SVS,GB00B135BJ46,Non classé,0.49,—,none
ftse250,91,Serco,SRP,GB0007973794,Non classé,0.49,—,none
ftse250,92,Shaftesbury Capital,SHC,GB00B62G9D36,Immobilier,0.49,—,none
ftse250,93,Sirius Real Estate,SRE,GG00B1W3VF54,Non classé,0.49,—,none
ftse250,94,Softcat,SCT,GB00BYZDVK82,Non classé,0.49,—,none
ftse250,95,Supermarket Income REIT,SUPR,GB00BF345X11,Immobilier,0.49,—,none
ftse250,96,Tate & Lyle,TATE,GB0008754136,Consommation courante,0.49,—,none
ftse250,97,Taylor Wimpey,TW,GB0008782301,Non classé,0.49,—,none
ftse250,98,Telecom Plus,TEP,GB0008794710,Non classé,0.49,—,none
ftse250,99,The Renewables Infrastructure Group,TRIG,GG00BBHX2H91,Finance,0.49,—,none
ftse250,100,THG,THG,GB00BMTV7393,Non classé,0.49,—,none
ftse250,101,TP ICAP,TCAP,JE00BMDZN391,Non classé,0.49,—,none
ftse250,102,Trainline,TRN,GB00BKDTK925,Industrie,0.49,—,none
ftse250,103,Travis Perkins,TPK,GB0007739609,Non classé,0.49,—,none
ftse250,104,Trustpilot,TRST,GB00BNK9TP58,Non classé,0.49,—,none
ftse250,105,Vesuvius,VSVS,GB00B82YXW83,Industrie,0.49,—,none
ftse250,106,Victrex,VCT,GB0009292243,Matériaux,0.49,—,none
ftse250,107,VinaCapital Vietnam Opportunity Fund,VOF,GG00BYXVT888,Non classé,0.49,—,none
ftse250,108,Watches of Switzerland,WOSG,GB00BJDQQ870,Consommation discrétionnaire,0.49,—,none
ftse250,109,WHSmith,SMWH,GB00B2PDGW16,Non classé,0.49,—,none
ftse250,110,Wickes,WIX,GB00BL6C2002,Non classé,0.49,—,none
ftse250,111,Wizz Air,WIZZ,JE00BN574F90,Non classé,0.49,—,none
ftse250,112,WPP,WPP,JE00B8KF9B49,Communication,0.49,—,none
ftse250,113,XPS Pensions,XPS,GB00BDDN1T20,Finance,0.49,—,none
nikkei,1,Toyota Motor,7203,JP3633400001,Automobile,5.68,42000 Md,none
nikkei,2,Mitsubishi UFJ Financial Group,8306,JP3902900004,Finance,3.34,24000 Md,none
nikkei,3,Sony Group,6758,JP3435000009,Consommation discrétionnaire,3.06,22000 Md,none
nikkei,4,Hitachi,6501,JP3788600009,Industrie,2.5,18000 Md,none
nikkei,5,SoftBank Group,9984,JP3436100006,Technologie,2.22,16000 Md,none
nikkei,6,Keyence,6861,JP3236200006,Technologie,2.09,15000 Md,none
nikkei,7,Sumitomo Mitsui Financial Group,8316,JP3890350006,Finance,2.09,15000 Md,none
nikkei,8,Fast Retailing,9983,JP3802300008,Consommation discrétionnaire,1.95,14000 Md,none
nikkei,9,Tokyo Electron,8035,JP3571400005,Technologie,1.81,13000 Md,none
nikkei,10,Recruit Holdings,6098,JP3970300004,Industrie,1.81,13000 Md,none
nikkei,11,Nippon Telegraph and Telephone,9432,JP3735400008,Télécommunications,1.81,13000 Md,none
nikkei,12,Nintendo,7974,JP3756600007,Communication,1.67,12000 Md,none
nikkei,13,Mitsubishi Corporation,8058,JP3898400001,Industrie,1.67,12000 Md,none
nikkei,14,Shin-Etsu Chemical,4063,JP3371200001,Matériaux,1.53,11000 Md,none
nikkei,15,KDDI,9433,JP3496400007,Télécommunications,1.53,11000 Md,none
nikkei,16,ITOCHU,8001,JP3143600009,Industrie,1.53,11000 Md,none
nikkei,17,Mizuho Financial Group,8411,JP3885780001,Finance,1.39,10000 Md,none
nikkei,18,Mitsui & Co.,8031,JP3893600001,Industrie,1.39,10000 Md,none
nikkei,19,Tokio Marine Holdings,8766,JP3910660004,Assurance,1.39,10000 Md,none
nikkei,20,Daiichi Sankyo,4568,JP3475350009,Santé,1.26,9000 Md,none
nikkei,21,Advantest,6857,JP3122400009,Technologie,1.26,9000 Md,none
nikkei,22,Chugai Pharmaceutical,4519,JP3519400000,Santé,1.26,9000 Md,none
nikkei,23,Mitsubishi Heavy Industries,7011,JP3900000005,Aéronautique,1.26,9000 Md,none
nikkei,24,Honda Motor,7267,JP3854600008,Automobile,1.11,8000 Md,none
nikkei,25,Takeda Pharmaceutical,4502,JP3463000004,Santé,0.98,7000 Md,none
nikkei,26,Hoya,7741,JP3837800006,Santé,0.98,7000 Md,none
nikkei,27,Denso,6902,JP3551500006,Automobile,0.83,6000 Md,none
nikkei,28,Murata Manufacturing,6981,JP3914400001,Technologie,0.83,6000 Md,none
nikkei,29,Oriental Land,4661,JP3198900007,Consommation discrétionnaire,0.83,6000 Md,none
nikkei,30,Fanuc,6954,JP3802400006,Industrie,0.7,5000 Md,none
nikkei,31,Daikin Industries,6367,JP3481800005,Industrie,0.7,5000 Md,none
nikkei,32,Seven & i Holdings,3382,JP3422950000,Consommation courante,0.7,5000 Md,none
nikkei,33,Canon,7751,JP3242800005,Technologie,0.7,5000 Md,none
nikkei,34,Marubeni,8002,JP3877600001,Industrie,0.7,5000 Md,none
nikkei,35,Sumitomo Corporation,8053,JP3404600003,Industrie,0.7,5000 Md,none
nikkei,36,MS&AD Insurance Group,8725,JP3890310000,Assurance,0.7,5000 Md,none
nikkei,37,Mitsubishi Electric,6503,JP3902400005,Industrie,0.7,5000 Md,none
nikkei,38,Japan Post Holdings,6178,JP3752900005,Assurance,0.7,5000 Md,none
nikkei,39,Terumo,4543,JP3546800008,Santé,0.56,4000 Md,none
nikkei,40,Ajinomoto,2802,JP3119600009,Consommation courante,0.56,4000 Md,none
nikkei,41,Komatsu,6301,JP3304200003,Industrie,0.56,4000 Md,none
nikkei,42,Bridgestone,5108,JP3830800003,Automobile,0.56,4000 Md,none
nikkei,43,Panasonic Holdings,6752,JP3866800000,Consommation discrétionnaire,0.56,4000 Md,none
nikkei,44,Sompo Holdings,8630,JP3165650007,Assurance,0.56,4000 Md,none
nikkei,45,Disco,6146,JP3548600000,Technologie,0.56,4000 Md,none
nikkei,46,Dai-ichi Life Holdings,8750,JP3476480003,Assurance,0.56,4000 Md,none
nikkei,47,Otsuka Holdings,4578,JP3188220002,Santé,0.56,4000 Md,none
nikkei,48,Kubota,6326,JP3266400005,Industrie,0.42,3000 Md,none
nikkei,49,Nippon Steel,5401,JP3381000003,Matériaux,0.42,3000 Md,none
nikkei,50,Nomura Holdings,8604,JP3762600009,Finance,0.42,3000 Md,none
nikkei,51,Olympus,7733,JP3201200007,Santé,0.42,3000 Md,none
nikkei,52,Astellas Pharma,4503,JP3942400007,Santé,0.42,3000 Md,none
nikkei,53,Kao,4452,JP3205800000,Consommation courante,0.42,3000 Md,none
nikkei,54,Asahi Group Holdings,2502,JP3116000005,Consommation courante,0.42,3000 Md,none
nikkei,55,Suzuki Motor,7269,JP3397200001,Automobile,0.42,3000 Md,none
nikkei,56,Daiwa House Industry,1925,JP3505000004,Consommation discrétionnaire,0.42,3000 Md,none
nikkei,57,TDK,6762,JP3538800008,Technologie,0.42,3000 Md,none
nikkei,58,Kyocera,6971,JP3249600002,Technologie,0.42,3000 Md,none
nikkei,59,Renesas Electronics,6723,JP3164720009,Technologie,0.42,3000 Md,none
nikkei,60,Central Japan Railway,9022,JP3566800003,Industrie,0.42,3000 Md,none
nikkei,61,East Japan Railway,9020,JP3783600004,Industrie,0.42,3000 Md,none
nikkei,62,Resona Holdings,8308,JP3500610005,Finance,0.42,3000 Md,none
nikkei,63,Sumitomo Mitsui Trust Group,8309,JP3892100003,Finance,0.42,3000 Md,none
nikkei,64,Bandai Namco,7832,JP3778630008,Communication,0.42,3000 Md,none
nikkei,65,Shionogi,4507,JP3347200002,Santé,0.35,2500 Md,none
nikkei,66,Daiwa Securities Group,8601,JP3502200003,Finance,0.28,2000 Md,none
nikkei,67,Eisai,4523,JP3160400002,Santé,0.28,2000 Md,none
nikkei,68,Kirin Holdings,2503,JP3258000003,Consommation courante,0.28,2000 Md,none
nikkei,69,Subaru,7270,JP3814800003,Automobile,0.28,2000 Md,none
nikkei,70,Sekisui House,1928,JP3420600003,Consommation discrétionnaire,0.28,2000 Md,none
nikkei,71,Nitto Denko,6988,JP3684000007,Matériaux,0.28,2000 Md,none
nikkei,72,Nippon Yusen,9101,JP3753000003,Industrie,0.28,2000 Md,none
nikkei,73,Secom,9735,JP3421800008,Industrie,0.28,2000 Md,none
nikkei,74,Rakuten Group,4755,JP3967200001,Consommation discrétionnaire,0.28,2000 Md,none
nikkei,75,Z Holdings / LY Corporation,4689,JP3933800009,Communication,0.28,2000 Md,none
nikkei,76,Konami Group,9766,JP3300200007,Communication,0.28,2000 Md,none
nikkei,77,Unicharm,8113,JP3951600000,Consommation courante,0.28,2000 Md,none
nikkei,78,Nitori Holdings,9843,JP3756100008,Consommation discrétionnaire,0.28,2000 Md,none
nikkei,79,Shimano,7309,JP3358000002,Consommation discrétionnaire,0.28,2000 Md,none
nikkei,80,IHI,7013,JP3134800006,Aéronautique,0.28,2000 Md,none
nikkei,81,Nissan Motor,7201,JP3672400003,Automobile,0.21,1500 Md,none
nikkei,82,Isuzu Motors,7202,JP3137200006,Automobile,0.21,1500 Md,none
nikkei,83,Yamaha Motor,7272,JP3942800008,Automobile,0.21,1500 Md,none
nikkei,84,Obayashi,1802,JP3190000004,Industrie,0.21,1500 Md,none
nikkei,85,Kajima,1812,JP3210200006,Industrie,0.21,1500 Md,none
nikkei,86,Taisei,1801,JP3443600006,Industrie,0.21,1500 Md,none
nikkei,87,Asahi Kasei,3407,JP3111200006,Matériaux,0.21,1500 Md,none
nikkei,88,Toray Industries,3402,JP3621000003,Matériaux,0.21,1500 Md,none
nikkei,89,Nidec,6594,JP3734800000,Industrie,0.21,1500 Md,none
nikkei,90,West Japan Railway,9021,JP3659000008,Industrie,0.21,1500 Md,none
nikkei,91,Mitsui O.S.K. Lines,9104,JP3362700001,Industrie,0.21,1500 Md,none
nikkei,92,Tokyo Gas,9531,JP3573000001,Services aux collectivités,0.21,1500 Md,none
nikkei,93,Kansai Electric Power,9503,JP3228600007,Services aux collectivités,0.21,1500 Md,none
nikkei,94,Nexon,3659,JP3758190007,Communication,0.21,1500 Md,none
nikkei,95,Capcom,9697,JP3224200000,Communication,0.21,1500 Md,none
nikkei,96,Suntory Beverage,2587,JP3336560002,Consommation courante,0.21,1500 Md,none
nikkei,97,Sysmex,6869,JP3351100007,Santé,0.21,1500 Md,none
nikkei,98,Ono Pharmaceutical,4528,JP3197600004,Santé,0.21,1500 Md,none
nikkei,99,Shiseido,4911,JP3351600006,Consommation courante,0.14,1000 Md,none
nikkei,100,JFE Holdings,5411,JP3386030005,Matériaux,0.14,1000 Md,none
nikkei,101,Sumitomo Metal Mining,5713,JP3402600005,Matériaux,0.14,1000 Md,none
nikkei,102,Omron,6645,JP3197800000,Technologie,0.14,1000 Md,none
nikkei,103,Yaskawa Electric,6506,JP3932000007,Industrie,0.14,1000 Md,none
nikkei,104,ANA Holdings,9202,JP3429800000,Industrie,0.14,1000 Md,none
nikkei,105,Tokyo Electric Power,9501,JP3585800000,Services aux collectivités,0.14,1000 Md,none
nikkei,106,Chubu Electric Power,9502,JP3526600006,Services aux collectivités,0.14,1000 Md,none
nikkei,107,Yakult Honsha,2267,JP3931600005,Consommation courante,0.14,1000 Md,none
nikkei,108,Nissin Foods,2897,JP3675600005,Consommation courante,0.14,1000 Md,none
nikkei,109,Ryohin Keikaku,7453,JP3976300008,Consommation discrétionnaire,0.14,1000 Md,none
nikkei,110,Japan Airlines,9201,JP3705200008,Industrie,0.13,900 Md,none
nikkei,111,Square Enix,9684,JP3164630000,Communication,0.13,900 Md,none
nikkei,112,Shimizu,1803,JP3358800005,Industrie,0.11,800 Md,none
nikkei,113,Mitsui Chemicals,4183,JP3888300005,Matériaux,0.11,800 Md,none
nikkei,114,Rohm,6963,JP3982800009,Technologie,0.11,800 Md,none
topix,1,Toyota Motor,7203,JP3633400001,Automobile,4.57,42000 Md,none
topix,2,Mitsubishi UFJ Financial Group,8306,JP3902900004,Finance,2.59,24000 Md,none
topix,3,Sony Group,6758,JP3435000009,Consommation discrétionnaire,2.37,22000 Md,none
topix,4,Hitachi,6501,JP3788600009,Industrie,1.94,18000 Md,none
topix,5,SoftBank Group,9984,JP3436100006,Technologie,1.72,16000 Md,none
topix,6,Keyence,6861,JP3236200006,Technologie,1.62,15000 Md,none
topix,7,Sumitomo Mitsui Financial Group,8316,JP3890350006,Finance,1.62,15000 Md,none
topix,8,Fast Retailing,9983,JP3802300008,Consommation discrétionnaire,1.51,14000 Md,none
topix,9,Tokyo Electron,8035,JP3571400005,Technologie,1.4,13000 Md,none
topix,10,Recruit Holdings,6098,JP3970300004,Industrie,1.4,13000 Md,none
topix,11,Nippon Telegraph and Telephone,9432,JP3735400008,Télécommunications,1.4,13000 Md,none
topix,12,Nintendo,7974,JP3756600007,Communication,1.3,12000 Md,none
topix,13,Mitsubishi Corporation,8058,JP3898400001,Industrie,1.3,12000 Md,none
topix,14,Shin-Etsu Chemical,4063,JP3371200001,Matériaux,1.18,11000 Md,none
topix,15,KDDI,9433,JP3496400007,Télécommunications,1.18,11000 Md,none
topix,16,ITOCHU,8001,JP3143600009,Industrie,1.18,11000 Md,none
topix,17,Mizuho Financial Group,8411,JP3885780001,Finance,1.08,10000 Md,none
topix,18,Mitsui & Co.,8031,JP3893600001,Industrie,1.08,10000 Md,none
topix,19,Tokio Marine Holdings,8766,JP3910660004,Assurance,1.08,10000 Md,none
topix,20,Daiichi Sankyo,4568,JP3475350009,Santé,0.97,9000 Md,none
topix,21,Advantest,6857,JP3122400009,Technologie,0.97,9000 Md,none
topix,22,Chugai Pharmaceutical,4519,JP3519400000,Santé,0.97,9000 Md,none
topix,23,Mitsubishi Heavy Industries,7011,JP3900000005,Aéronautique,0.97,9000 Md,none
topix,24,Honda Motor,7267,JP3854600008,Automobile,0.86,8000 Md,none
topix,25,Takeda Pharmaceutical,4502,JP3463000004,Santé,0.76,7000 Md,none
topix,26,Hoya,7741,JP3837800006,Santé,0.76,7000 Md,none
topix,27,Denso,6902,JP3551500006,Automobile,0.64,6000 Md,none
topix,28,Murata Manufacturing,6981,JP3914400001,Technologie,0.64,6000 Md,none
topix,29,Oriental Land,4661,JP3198900007,Consommation discrétionnaire,0.64,6000 Md,none
topix,30,Fanuc,6954,JP3802400006,Industrie,0.54,5000 Md,none
topix,31,Daikin Industries,6367,JP3481800005,Industrie,0.54,5000 Md,none
topix,32,Seven & i Holdings,3382,JP3422950000,Consommation courante,0.54,5000 Md,none
topix,33,Canon,7751,JP3242800005,Technologie,0.54,5000 Md,none
topix,34,Marubeni,8002,JP3877600001,Industrie,0.54,5000 Md,none
topix,35,Sumitomo Corporation,8053,JP3404600003,Industrie,0.54,5000 Md,none
topix,36,MS&AD Insurance Group,8725,JP3890310000,Assurance,0.54,5000 Md,none
topix,37,Mitsubishi Electric,6503,JP3902400005,Industrie,0.54,5000 Md,none
topix,38,Japan Post Holdings,6178,JP3752900005,Assurance,0.54,5000 Md,none
topix,39,Terumo,4543,JP3546800008,Santé,0.43,4000 Md,none
topix,40,Ajinomoto,2802,JP3119600009,Consommation courante,0.43,4000 Md,none
topix,41,Komatsu,6301,JP3304200003,Industrie,0.43,4000 Md,none
topix,42,Bridgestone,5108,JP3830800003,Automobile,0.43,4000 Md,none
topix,43,Panasonic Holdings,6752,JP3866800000,Consommation discrétionnaire,0.43,4000 Md,none
topix,44,Sompo Holdings,8630,JP3165650007,Assurance,0.43,4000 Md,none
topix,45,Disco,6146,JP3548600000,Technologie,0.43,4000 Md,none
topix,46,Dai-ichi Life Holdings,8750,JP3476480003,Assurance,0.43,4000 Md,none
topix,47,Otsuka Holdings,4578,JP3188220002,Santé,0.43,4000 Md,none
topix,48,Kubota,6326,JP3266400005,Industrie,0.32,3000 Md,none
topix,49,Nippon Steel,5401,JP3381000003,Matériaux,0.32,3000 Md,none
topix,50,Nomura Holdings,8604,JP3762600009,Finance,0.32,3000 Md,none
topix,51,Olympus,7733,JP3201200007,Santé,0.32,3000 Md,none
topix,52,Astellas Pharma,4503,JP3942400007,Santé,0.32,3000 Md,none
topix,53,Kao,4452,JP3205800000,Consommation courante,0.32,3000 Md,none
topix,54,Asahi Group Holdings,2502,JP3116000005,Consommation courante,0.32,3000 Md,none
topix,55,Suzuki Motor,7269,JP3397200001,Automobile,0.32,3000 Md,none
topix,56,Daiwa House Industry,1925,JP3505000004,Consommation discrétionnaire,0.32,3000 Md,none
topix,57,TDK,6762,JP3538800008,Technologie,0.32,3000 Md,none
topix,58,Kyocera,6971,JP3249600002,Technologie,0.32,3000 Md,none
topix,59,Renesas Electronics,6723,JP3164720009,Technologie,0.32,3000 Md,none
topix,60,Central Japan Railway,9022,JP3566800003,Industrie,0.32,3000 Md,none
topix,61,East Japan Railway,9020,JP3783600004,Industrie,0.32,3000 Md,none
topix,62,Resona Holdings,8308,JP3500610005,Finance,0.32,3000 Md,none
topix,63,Sumitomo Mitsui Trust Group,8309,JP3892100003,Finance,0.32,3000 Md,none
topix,64,Bandai Namco,7832,JP3778630008,Communication,0.32,3000 Md,none
topix,65,Shionogi,4507,JP3347200002,Santé,0.27,2500 Md,none
topix,66,Daiwa Securities Group,8601,JP3502200003,Finance,0.22,2000 Md,none
topix,67,Eisai,4523,JP3160400002,Santé,0.22,2000 Md,none
topix,68,Kirin Holdings,2503,JP3258000003,Consommation courante,0.22,2000 Md,none
topix,69,Subaru,7270,JP3814800003,Automobile,0.22,2000 Md,none
topix,70,Sekisui House,1928,JP3420600003,Consommation discrétionnaire,0.22,2000 Md,none
topix,71,Nitto Denko,6988,JP3684000007,Matériaux,0.22,2000 Md,none
topix,72,Nippon Yusen,9101,JP3753000003,Industrie,0.22,2000 Md,none
topix,73,Secom,9735,JP3421800008,Industrie,0.22,2000 Md,none
topix,74,Rakuten Group,4755,JP3967200001,Consommation discrétionnaire,0.22,2000 Md,none
topix,75,Z Holdings / LY Corporation,4689,JP3933800009,Communication,0.22,2000 Md,none
topix,76,Konami Group,9766,JP3300200007,Communication,0.22,2000 Md,none
topix,77,Unicharm,8113,JP3951600000,Consommation courante,0.22,2000 Md,none
topix,78,Nitori Holdings,9843,JP3756100008,Consommation discrétionnaire,0.22,2000 Md,none
topix,79,Shimano,7309,JP3358000002,Consommation discrétionnaire,0.22,2000 Md,none
topix,80,IHI,7013,JP3134800006,Aéronautique,0.22,2000 Md,none
topix,81,Nissan Motor,7201,JP3672400003,Automobile,0.16,1500 Md,none
topix,82,Isuzu Motors,7202,JP3137200006,Automobile,0.16,1500 Md,none
topix,83,Yamaha Motor,7272,JP3942800008,Automobile,0.16,1500 Md,none
topix,84,Obayashi,1802,JP3190000004,Industrie,0.16,1500 Md,none
topix,85,Kajima,1812,JP3210200006,Industrie,0.16,1500 Md,none
topix,86,Taisei,1801,JP3443600006,Industrie,0.16,1500 Md,none
topix,87,Asahi Kasei,3407,JP3111200006,Matériaux,0.16,1500 Md,none
topix,88,Toray Industries,3402,JP3621000003,Matériaux,0.16,1500 Md,none
topix,89,Nidec,6594,JP3734800000,Industrie,0.16,1500 Md,none
topix,90,West Japan Railway,9021,JP3659000008,Industrie,0.16,1500 Md,none
topix,91,Mitsui O.S.K. Lines,9104,JP3362700001,Industrie,0.16,1500 Md,none
topix,92,Tokyo Gas,9531,JP3573000001,Services aux collectivités,0.16,1500 Md,none
topix,93,Kansai Electric Power,9503,JP3228600007,Services aux collectivités,0.16,1500 Md,none
topix,94,Nexon,3659,JP3758190007,Communication,0.16,1500 Md,none
topix,95,Capcom,9697,JP3224200000,Communication,0.16,1500 Md,none
topix,96,Suntory Beverage,2587,JP3336560002,Consommation courante,0.16,1500 Md,none
topix,97,Sysmex,6869,JP3351100007,Santé,0.16,1500 Md,none
topix,98,Ono Pharmaceutical,4528,JP3197600004,Santé,0.16,1500 Md,none
topix,99,Shiseido,4911,JP3351600006,Consommation courante,0.11,1000 Md,none
topix,100,JFE Holdings,5411,JP3386030005,Matériaux,0.11,1000 Md,none
topix,101,Sumitomo Metal Mining,5713,JP3402600005,Matériaux,0.11,1000 Md,none
topix,102,Omron,6645,JP3197800000,Technologie,0.11,1000 Md,none
topix,103,Yaskawa Electric,6506,JP3932000007,Industrie,0.11,1000 Md,none
topix,104,ANA Holdings,9202,JP3429800000,Industrie,0.11,1000 Md,none
topix,105,Tokyo Electric Power,9501,JP3585800000,Services aux collectivités,0.11,1000 Md,none
topix,106,Chubu Electric Power,9502,JP3526600006,Services aux collectivités,0.11,1000 Md,none
topix,107,Yakult Honsha,2267,JP3931600005,Consommation courante,0.11,1000 Md,none
topix,108,Nissin Foods,2897,JP3675600005,Consommation courante,0.11,1000 Md,none
topix,109,Ryohin Keikaku,7453,JP3976300008,Consommation discrétionnaire,0.11,1000 Md,none
topix,110,Japan Airlines,9201,JP3705200008,Industrie,0.1,900 Md,none
topix,111,Square Enix,9684,JP3164630000,Communication,0.1,900 Md,none
topix,112,Shimizu,1803,JP3358800005,Industrie,0.09,800 Md,none
topix,113,Mitsui Chemicals,4183,JP3888300005,Matériaux,0.09,800 Md,none
topix,114,Rohm,6963,JP3982800009,Technologie,0.09,800 Md,none
hsi,1,Tencent Holdings,700,KYG875721634,Communication,9.848,4200 Md,none
hsi,2,Alibaba Group,9988,KYG017191142,Consommation discrétionnaire,4.693,2000 Md,none
hsi,3,Industrial and Commercial Bank of China,1398,CNE1000003G1,Finance,4.219,1800 Md,none
hsi,4,HSBC Holdings,5,GB0005405286,Finance,3.75,1600 Md,none
hsi,5,China Construction Bank,939,CNE1000002H1,Finance,3.75,1600 Md,none
hsi,6,Bank of China,3988,CNE1000001Z5,Finance,2.815,1200 Md,none
hsi,7,PetroChina,857,CNE1000003W8,Énergie,2.815,1200 Md,none
hsi,8,Xiaomi,1810,KYG9830T1067,Technologie,2.34,1000 Md,none
hsi,9,Meituan,3690,KYG596691041,Consommation discrétionnaire,2.113,900 Md,none
hsi,10,CNOOC,883,HK0883013259,Énergie,2.113,900 Md,none
hsi,11,AIA Group,1299,HK0000069689,Assurance,1.638,700 Md,none
hsi,12,BYD,1211,CNE100000296,Automobile,1.638,700 Md,none
hsi,13,Ping An Insurance,2318,CNE1000003X6,Assurance,1.411,600 Md,none
hsi,14,China Petroleum & Chemical,386,CNE1000002Q2,Énergie,1.411,600 Md,none
hsi,15,NetEase,9999,KYG6427A1022,Communication,1.17,500 Md,none
hsi,16,Bank of Communications,3328,CNE1000000S2,Finance,1.17,500 Md,none
hsi,17,China Life Insurance,2628,CNE1000002L3,Assurance,1.053,450 Md,none
hsi,18,JD.com,9618,KYG8208B1014,Consommation discrétionnaire,0.936,400 Md,none
hsi,19,Hong Kong Exchanges and Clearing,388,HK0388045442,Finance,0.936,400 Md,none
hsi,20,China Merchants Bank,CHINA,CN000A0KFDV9,Non classé,0.85,—,none
hsi,21,China Resources Power,CHINA,HK0836012952,Non classé,0.85,—,none
hsi,22,ENN Energy,ENNE,KYG3066L1014,Non classé,0.85,—,none
hsi,23,Hang Lung Properties Limited,HANG,HK0101000591,Non classé,0.85,—,none
hsi,24,China Resources Land Limited,CHINA,KYG2108Y1052,Non classé,0.85,—,none
hsi,25,CK Asset Holdings,CKAS,KYG2177B1014,Non classé,0.85,—,none
hsi,26,Wharf Real Estate Investment Company Limited,WHARF,KYG9593A1040,Non classé,0.85,—,none
hsi,27,MTR Corporation Ltd,MTRC,HK0066009694,Non classé,0.85,—,none
hsi,28,Geely Auto,GEELY,KYG3777B1032,Non classé,0.85,—,none
hsi,29,CITIC Limited,CITIC,HK0267001375,Non classé,0.85,—,none
hsi,30,WH Group,WHGR,KYG960071028,Non classé,0.85,—,none
hsi,31,China Resources Beer,CHINA,HK0291001490,Non classé,0.85,—,none
hsi,32,Midea Group,MIDEA,CNE100001QQ5,Non classé,0.85,—,none
hsi,33,Sinopec Corp,SINOP,CN0005789556,Non classé,0.85,—,none
hsi,34,China Unicom,CHINA,HK0000049939,Non classé,0.85,—,none
hsi,35,Zhongsheng Group,ZHONG,KYG9894K1085,Non classé,0.85,—,none
hsi,36,China Mobile Ltd,CHINA,HK0941009539,Non classé,0.85,—,none
hsi,37,Semiconductor Manufacturing International Corporation,SEMIC,KYG8020E1199,Non classé,0.85,—,none
hsi,38,Kuaishou,KUAIS,KYG532631028,Non classé,0.85,—,none
hsi,39,Hengan International Group Co. Ltd,HENGA,KYG4402L1510,Non classé,0.85,—,none
hsi,40,China Shenhua Energy,CHINA,CN000A0ERK49,Non classé,0.85,—,none
hsi,41,CSPC Pharmaceutical Group,CSPC,HK1093012172,Non classé,0.85,—,none
hsi,42,Sinopharm Group,SINOP,CNE100000FN7,Non classé,0.85,—,none
hsi,43,China Hongqiao Group,CHINA,KYG211501005,Non classé,0.85,—,none
hsi,44,Chow Tai Fook,CHOW,KYG211461085,Non classé,0.85,—,none
hsi,45,Mengniu Dairy,MENGN,KYG210961051,Non classé,0.85,—,none
hsi,46,Li-Ning,LINI,KYG5496K1242,Non classé,0.85,—,none
hsi,47,WuXi AppTec,WUXI,CNE100003F19,Non classé,0.85,—,none
hsi,48,JD Logistics,JDLO,KYG5074S1012,Non classé,0.85,—,none
hsi,49,Zijin Mining,ZIJIN,CNE100000502,Non classé,0.85,—,none
hsi,50,JD Health,JDHE,KYG5074A1004,Non classé,0.85,—,none
hsi,51,Haier,HAIER,CNE1000031C1,Non classé,0.85,—,none
hsi,52,Haidilao,HAIDI,KYG4290A1013,Non classé,0.85,—,none
hsi,53,Nongfu Spring,NONGF,CNE100004272,Non classé,0.85,—,none
hsi,54,Pop Mart,POPM,KYG7170M1033,Non classé,0.85,—,none
hsi,55,ANTA Sports,2020,KYG040111059,Consommation discrétionnaire,0.514,220 Md,none
hsi,56,Baidu,9888,KYG070341048,Communication,0.468,200 Md,none
hsi,57,Sun Hung Kai Properties,16,HK0016000132,Immobilier,0.468,200 Md,none
hsi,58,Li Auto,2015,KYG5479M1050,Automobile,0.423,180 Md,none
hsi,59,Hang Seng Bank,11,HK0011000095,Finance,0.423,180 Md,none
hsi,60,Techtronic Industries,669,HK0669013440,Industrie,0.423,180 Md,none
hsi,61,CK Hutchison Holdings,1,KYG217651051,Industrie,0.397,170 Md,none
hsi,62,CLP Holdings,2,HK0002007356,Services aux collectivités,0.377,160 Md,none
hsi,63,Galaxy Entertainment,27,HK0027032686,Consommation discrétionnaire,0.351,150 Md,none
hsi,64,Sands China,1928,KYG7800X1079,Consommation discrétionnaire,0.325,140 Md,none
hsi,65,Wuxi Biologics,2269,KYG970081173,Santé,0.28,120 Md,none
hsi,66,Hong Kong and China Gas,3,HK0003000038,Services aux collectivités,0.26,110 Md,none
hsi,67,Power Assets Holdings,6,HK0006000050,Services aux collectivités,0.26,110 Md,none
hsi,68,Lenovo Group,992,HK0992009065,Technologie,0.234,100 Md,none
hsi,69,Link REIT,823,HK0823032773,Immobilier,0.234,100 Md,none
asx200,1,Commonwealth Bank of Australia,CBA,AU000000CBA7,Finance,9.77,250 Md,none
asx200,2,BHP Group,BHP,AU000000BHP4,Matériaux,7.83,200 Md,none
asx200,3,CSL,CSL,AU000000CSL8,Santé,4.7,120 Md,none
asx200,4,National Australia Bank,NAB,AU000000NAB4,Finance,4.7,120 Md,none
asx200,5,Westpac Banking,WBC,AU000000WBC1,Finance,4.51,115 Md,none
asx200,6,ANZ Group,ANZ,AU000000ANZ3,Finance,3.53,90 Md,none
asx200,7,Wesfarmers,WES,AU000000WES1,Consommation discrétionnaire,3.33,85 Md,none
asx200,8,Macquarie Group,MQG,AU000000MQG1,Finance,3.14,80 Md,none
asx200,9,Goodman Group,GMG,AU000000GMG2,Immobilier,2.55,65 Md,none
asx200,10,Fortescue,FMG,AU000000FMG4,Matériaux,2.16,55 Md,none
asx200,11,Woodside Energy,WDS,AU0000224040,Énergie,1.96,50 Md,none
asx200,12,Telstra Group,TLS,AU0000XINAJ0,Télécommunications,1.88,48 Md,none
asx200,13,Rio Tinto,RIO,AU000000RIO1,Matériaux,1.76,45 Md,none
asx200,14,Transurban Group,TCL,AU000000TCL6,Industrie,1.65,42 Md,none
asx200,15,Aristocrat Leisure,ALL,AU000000ALL7,Consommation discrétionnaire,1.57,40 Md,none
asx200,16,Woolworths Group,WOW,AU000000WOW2,Consommation courante,1.49,38 Md,none
asx200,17,REA Group,REA,AU000000REA9,Communication,1.18,30 Md,none
asx200,18,QBE Insurance Group,QBE,AU000000QBE9,Assurance,1.1,28 Md,none
asx200,19,Coles Group,COL,AU0000030678,Consommation courante,1.01,26 Md,none
asx200,20,Brambles,BXB,AU000000BXB1,Industrie,1.01,26 Md,none
asx200,21,Suncorp Group,SUN,AU000000SUN6,Assurance,0.94,24 Md,none
asx200,22,Santos,STO,AU000000STO6,Énergie,0.86,22 Md,none
asx200,23,Northern Star Resources,NST,AU000000NST8,Matériaux,0.86,22 Md,none
asx200,24,Origin Energy,ORG,AU000000ORG5,Services aux collectivités,0.78,20 Md,none
asx200,25,Cochlear,COH,AU000000COH5,Santé,0.78,20 Md,none
asx200,26,Computershare,CPU,AU000000CPU5,Industrie,0.78,20 Md,none
asx200,27,Scentre Group,SCG,AU000000SCG8,Immobilier,0.71,18 Md,none
asx200,28,James Hardie Industries,JHX,AU000000JHX1,Matériaux,0.71,18 Md,none
asx200,29,Insurance Australia Group,IAG,AU000000IAG3,Assurance,0.71,18 Md,none
asx200,30,South32,S32,AU000000S320,Matériaux,0.63,16 Md,none
asx200,31,Stockland,SGP,AU000000SGP0,Immobilier,0.47,12 Md,none
asx200,32,Mirvac Group,MGR,AU000000MGR9,Immobilier,0.35,9 Md,none
asx200,33,Orica,ORI,AU000000ORI1,Matériaux,0.35,9 Md,none
asx200,34,Treasury Wine Estates,TWE,AU000000TWE9,Consommation courante,0.24,6 Md,none
kospi,1,Samsung Electronics,005930,KR7005930003,Technologie,22.1,400000 Md,none
kospi,2,SK Hynix,000660,KR7000660001,Technologie,8.27,150000 Md,none
kospi,3,LG Energy Solution,373220,KR7373220003,Industrie,4.96,90000 Md,none
kospi,4,Samsung Biologics,207940,KR7207940008,Santé,3.86,70000 Md,none
kospi,5,Hyundai Motor,005380,KR7005380001,Automobile,2.76,50000 Md,none
kospi,6,Kia,000270,KR7000270009,Automobile,2.2,40000 Md,none
kospi,7,Celltrion,068270,KR7068270008,Santé,1.93,35000 Md,none
kospi,8,KB Financial Group,105560,KR7105560007,Finance,1.93,35000 Md,none
kospi,9,NAVER,035420,KR7035420009,Communication,1.65,30000 Md,none
kospi,10,Hanwha Aerospace,012450,KR7012450003,Aéronautique,1.65,30000 Md,none
kospi,11,Shinhan Financial Group,055550,KR7055550008,Finance,1.55,28000 Md,none
kospi,12,Samsung SDI,006400,KR7006400006,Industrie,1.38,25000 Md,none
kospi,13,POSCO Holdings,005490,KR7005490008,Matériaux,1.38,25000 Md,none
kospi,14,HD Hyundai Heavy Industries,329180,KR7329180004,Aéronautique,1.38,25000 Md,none
kospi,15,Hyundai Mobis,012330,KR7012330007,Automobile,1.21,22000 Md,none
kospi,16,Samsung C&T,028260,KR7028260008,Industrie,1.21,22000 Md,none
kospi,17,Hana Financial Group,086790,KR7086790003,Finance,1.11,20000 Md,none
kospi,18,Doosan Enerbility,034020,KR7034020008,Industrie,1.11,20000 Md,none
kospi,19,Kakao,035720,KR7035720002,Communication,0.99,18000 Md,none
kospi,20,LG Chem,051910,KR7051910008,Matériaux,0.99,18000 Md,none
kospi,21,Samsung Life Insurance,032830,KR7032830002,Assurance,0.99,18000 Md,none
kospi,22,Korea Electric Power,015760,KR7015760002,Services aux collectivités,0.83,15000 Md,none
kospi,23,KT&G,033780,KR7033780008,Consommation courante,0.77,14000 Md,none
kospi,24,LG Electronics,066570,KR7066570003,Consommation discrétionnaire,0.71,13000 Md,none
kospi,25,Woori Financial Group,316140,KR7316140003,Finance,0.66,12000 Md,none
kospi,26,SK Innovation,096770,KR7096770003,Énergie,0.66,12000 Md,none
kospi,27,SK Telecom,017670,KR7017670001,Télécommunications,0.66,12000 Md,none
kospi,28,KT Corporation,030200,KR7030200000,Télécommunications,0.66,12000 Md,none
kospi,29,Amorepacific,090430,KR7090430000,Consommation courante,0.44,8000 Md,none
nasdaq100,1,Apple,AAPL,US0378331005,Technologie,13.17,3400 Md$,none
nasdaq100,2,NVIDIA,NVDA,US67066G1040,Technologie,12.78,3300 Md$,none
nasdaq100,3,Microsoft,MSFT,US5949181045,Technologie,12.39,3200 Md$,none
nasdaq100,4,Amazon.com,AMZN,US0231351067,Consommation discrétionnaire,8.13,2100 Md$,none
nasdaq100,5,Meta Platforms,META,US30303M1027,Communication,5.42,1400 Md$,none
nasdaq100,6,Alphabet A,GOOGL,US02079K3059,Communication,4.26,1100 Md$,none
nasdaq100,7,Alphabet C,GOOG,US02079K1079,Communication,3.87,1000 Md$,none
nasdaq100,8,Broadcom,AVGO,US11135F1012,Technologie,3.48,900 Md$,none
nasdaq100,9,Tesla,TSLA,US88160R1014,Automobile,3.48,900 Md$,none
nasdaq100,10,Costco Wholesale,COST,US22160K1051,Consommation courante,1.55,400 Md$,none
nasdaq100,11,Netflix,NFLX,US64110L1061,Communication,1.47,380 Md$,none
nasdaq100,12,Advanced Micro Devices,AMD,US0079031078,Technologie,1.01,260 Md$,none
nasdaq100,13,T-Mobile US,TMUS,US8725901040,Télécommunications,0.97,250 Md$,none
nasdaq100,14,Adobe,ADBE,US00724F1012,Technologie,0.89,230 Md$,none
nasdaq100,15,PepsiCo,PEP,US7134481081,Consommation courante,0.89,230 Md$,none
nasdaq100,16,Cisco Systems,CSCO,US17275R1023,Technologie,0.89,230 Md$,none
nasdaq100,17,Linde,LIN,IE000S9YS762,Matériaux,0.85,220 Md$,none
nasdaq100,18,Qualcomm,QCOM,US7475251036,Technologie,0.74,190 Md$,none
nasdaq100,19,Texas Instruments,TXN,US8825081040,Technologie,0.7,180 Md$,none
nasdaq100,20,Intuit,INTU,US4612021034,Technologie,0.7,180 Md$,none
nasdaq100,21,Palantir Technologies,PLTR,US69608A1088,Technologie,0.7,180 Md$,none
nasdaq100,22,Intuitive Surgical,ISRG,US46120E6023,Santé,0.7,180 Md$,none
nasdaq100,23,Amgen,AMGN,US0311621009,Santé,0.66,170 Md$,none
nasdaq100,24,Applied Materials,AMAT,US0382221051,Technologie,0.62,160 Md$,none
nasdaq100,25,Comcast,CMCSA,US20030N1019,Communication,0.62,160 Md$,none
nasdaq100,26,Booking Holdings,BKNG,US09857L1089,Consommation discrétionnaire,0.58,150 Md$,none
nasdaq100,27,Shopify,SHOP,CA82509L1076,Technologie,0.58,150 Md$,none
nasdaq100,28,PDD Holdings,PDD,US7223041028,Consommation discrétionnaire,0.58,150 Md$,none
nasdaq100,29,Honeywell International,HON,US4385161066,Industrie,0.54,140 Md$,none
nasdaq100,30,Arm Holdings,ARM,US0420682058,Technologie,0.54,140 Md$,none
nasdaq100,31,Palo Alto Networks,PANW,US6974351057,Technologie,0.46,120 Md$,none
nasdaq100,32,Vertex Pharmaceuticals,VRTX,US92532F1003,Santé,0.46,120 Md$,none
nasdaq100,33,Applovin,APP,US03831W1080,Technologie,0.46,120 Md$,none
nasdaq100,34,Starbucks,SBUX,US8552441094,Consommation discrétionnaire,0.43,110 Md$,none
nasdaq100,35,Gilead Sciences,GILD,US3755581036,Santé,0.43,110 Md$,none
nasdaq100,36,Analog Devices,ADI,US0326541051,Technologie,0.43,110 Md$,none
nasdaq100,37,Automatic Data Processing,ADP,US0530151036,Industrie,0.43,110 Md$,none
nasdaq100,38,Micron Technology,MU,US5951121038,Technologie,0.43,110 Md$,none
nasdaq100,39,Intel,INTC,US4581401001,Technologie,0.39,100 Md$,none
nasdaq100,40,Lam Research,LRCX,US5128071082,Technologie,0.39,100 Md$,none
nasdaq100,41,MercadoLibre,MELI,US58733R1023,Consommation discrétionnaire,0.39,100 Md$,none
nasdaq100,42,Mondelez International,MDLZ,US6092071058,Consommation courante,0.35,90 Md$,none
nasdaq100,43,KLA Corporation,KLAC,US4824801009,Technologie,0.35,90 Md$,none
nasdaq100,44,Strategy,MSTR,US5949724083,Technologie,0.35,90 Md$,none
nasdaq100,45,DoorDash,DASH,US25809K1051,Consommation discrétionnaire,0.35,90 Md$,none
nasdaq100,46,Regeneron Pharmaceuticals,REGN,US75886F1075,Santé,0.31,80 Md$,none
nasdaq100,47,Synopsys,SNPS,US8716071076,Technologie,0.31,80 Md$,none
nasdaq100,48,Cadence Design Systems,CDNS,US1273871087,Technologie,0.31,80 Md$,none
nasdaq100,49,Airbnb,ABNB,US0090661010,Consommation discrétionnaire,0.31,80 Md$,none
nasdaq100,50,Crowdstrike,CRWD,US22788C1053,Technologie,0.31,80 Md$,none
nasdaq100,51,Cintas,CTAS,US1729081059,Industrie,0.31,80 Md$,none
nasdaq100,52,Marriott International,MAR,US5719032022,Consommation discrétionnaire,0.27,70 Md$,none
nasdaq100,53,Fortinet,FTNT,US34959E1091,Technologie,0.27,70 Md$,none
nasdaq100,54,PayPal,PYPL,US70450Y1038,Finance,0.27,70 Md$,none
nasdaq100,55,O’Reilly Automotive,ORLY,US67103H1077,Consommation discrétionnaire,0.27,70 Md$,none
nasdaq100,56,Constellation Energy,CEG,US21037T1097,Services aux collectivités,0.27,70 Md$,none
nasdaq100,57,Marvell Technology,MRVL,US5738741041,Technologie,0.27,70 Md$,none
nasdaq100,58,Workday,WDAY,US98138H1014,Technologie,0.25,65 Md$,none
nasdaq100,59,CSX,CSX,US1264081035,Industrie,0.25,65 Md$,none
nasdaq100,60,Autodesk,ADSK,US0527691069,Technologie,0.23,60 Md$,none
nasdaq100,61,Paccar,PCAR,US6937181088,Industrie,0.21,55 Md$,none
nasdaq100,62,Copart,CPRT,US2172041061,Industrie,0.21,55 Md$,none
nasdaq100,63,Roper Technologies,ROP,US7766961061,Technologie,0.21,55 Md$,none
nasdaq100,64,Charter Communications,CHTR,US16119P1084,Communication,0.19,50 Md$,none
nasdaq100,65,Monster Beverage,MNST,US61174X1090,Consommation courante,0.19,50 Md$,none
nasdaq100,66,American Electric Power,AEP,US0255371017,Services aux collectivités,0.19,50 Md$,none
nasdaq100,67,Ross Stores,ROST,US7782961038,Consommation discrétionnaire,0.19,50 Md$,none
nasdaq100,68,Atlassian,TEAM,US0494681010,Technologie,0.19,50 Md$,none
nasdaq100,69,Trade Desk,TTD,US88339J1051,Communication,0.19,50 Md$,none
nasdaq100,70,Paychex,PAYX,US7043261079,Industrie,0.19,50 Md$,none
nasdaq100,71,Keurig Dr Pepper,KDP,US49271V1008,Consommation courante,0.17,45 Md$,none
nasdaq100,72,Datadog,DDOG,US23804L1035,Technologie,0.17,45 Md$,none
nasdaq100,73,Fastenal,FAST,US3119001044,Industrie,0.17,45 Md$,none
nasdaq100,74,Diamondback Energy,FANG,US25278X1090,Énergie,0.17,45 Md$,none
nasdaq100,75,Axon Enterprise,AXON,US05464C1018,Industrie,0.17,45 Md$,none
nasdaq100,76,Exelon,EXC,US30161N1019,Services aux collectivités,0.15,40 Md$,none
nasdaq100,77,Electronic Arts,EA,US2855121099,Communication,0.15,40 Md$,none
nasdaq100,78,Verisk Analytics,VRSK,US92345Y1064,Industrie,0.15,40 Md$,none
nasdaq100,79,GE HealthCare,GEHC,US36266G1076,Santé,0.15,40 Md$,none
nasdaq100,80,Baker Hughes,BKR,US05722G1004,Énergie,0.15,40 Md$,none
nasdaq100,81,Old Dominion Freight Line,ODFL,US6795801009,Industrie,0.15,40 Md$,none
nasdaq100,82,Cognizant Technology Solutions,CTSH,US1924461023,Technologie,0.15,40 Md$,none
nasdaq100,83,Idexx Laboratories,IDXX,US45168D1046,Santé,0.14,35 Md$,none
nasdaq100,84,Xcel Energy,XEL,US98389B1008,Services aux collectivités,0.14,35 Md$,none
nasdaq100,85,Kraft Heinz,KHC,US5007541064,Consommation courante,0.14,35 Md$,none
nasdaq100,86,Lululemon Athletica,LULU,US5500211090,Consommation discrétionnaire,0.14,35 Md$,none
nasdaq100,87,Microchip Technology,MCHP,US5950171042,Technologie,0.14,35 Md$,none
nasdaq100,88,CoStar Group,CSGP,US22160N1090,Immobilier,0.14,35 Md$,none
nasdaq100,89,Dexcom,DXCM,US2521311074,Santé,0.12,30 Md$,none
nasdaq100,90,Take-Two Interactive,TTWO,US8740541094,Communication,0.12,30 Md$,none
nasdaq100,91,Zscaler,ZS,US98980G1022,Technologie,0.12,30 Md$,none
nasdaq100,92,ON Semiconductor,ON,US6821891057,Technologie,0.12,30 Md$,none
nasdaq100,93,Tractor Supply,TSCO,US8923561067,Consommation discrétionnaire,0.12,30 Md$,none
nasdaq100,94,Warner Bros. Discovery,WBD,US9344231041,Communication,0.1,25 Md$,none
nasdaq100,95,Global Foundries,GFS,KYG393871085,Technologie,0.1,25 Md$,none
nasdaq100,96,CDW,CDW,US12514G1085,Technologie,0.1,25 Md$,none
nasdaq100,97,Zoom Communications,ZM,US98980L1017,Technologie,0.1,25 Md$,none
nasdaq100,98,Super Micro Computer,SMCI,US86800U1043,Technologie,0.09,24 Md$,none
nasdaq100,99,MongoDB,MDB,US60937P1066,Technologie,0.08,20 Md$,none
nasdaq100,100,Rivian Automotive,RIVN,US76954A1034,Automobile,0.06,15 Md$,none
djia,1,Apple,AAPL,US0378331005,Technologie,17.81,3400 Md$,none
djia,2,NVIDIA,NVDA,US67066G1040,Technologie,17.33,3300 Md$,none
djia,3,Microsoft,MSFT,US5949181045,Technologie,16.8,3200 Md$,none
djia,4,Amazon.com,AMZN,US0231351067,Consommation discrétionnaire,11.03,2100 Md$,none
djia,5,Walmart,WMT,US9311421039,Consommation courante,3.68,700 Md$,none
djia,6,JPMorgan Chase,JPM,US46625H1005,Finance,3.68,700 Md$,none
djia,7,Visa,V,US92826C8394,Finance,3.26,620 Md$,none
djia,8,UnitedHealth Group,UNH,US91324P1021,Santé,2.63,500 Md$,none
djia,9,Procter & Gamble,PG,US7427181091,Consommation courante,2.05,390 Md$,none
djia,10,Home Depot,HD,US4370761029,Consommation discrétionnaire,2.05,390 Md$,none
djia,11,Johnson & Johnson,JNJ,US4781601046,Santé,2,380 Md$,none
djia,12,Chevron,CVX,US1667641005,Énergie,1.52,290 Md$,none
djia,13,Coca-Cola,KO,US1912161007,Consommation courante,1.47,280 Md$,none
djia,14,Salesforce,CRM,US79466L3024,Technologie,1.37,260 Md$,none
djia,15,Merck & Co.,MRK,US58933Y1055,Santé,1.31,250 Md$,none
djia,16,Cisco Systems,CSCO,US17275R1023,Technologie,1.21,230 Md$,none
djia,17,McDonald’s,MCD,US5801351017,Consommation discrétionnaire,1.1,210 Md$,none
djia,18,Walt Disney,DIS,US2546871060,Communication,1.05,200 Md$,none
djia,19,IBM,IBM,US4592001014,Technologie,1.05,200 Md$,none
djia,20,American Express,AXP,US0258161092,Finance,1,190 Md$,none
djia,21,Verizon Communications,VZ,US92343V1044,Télécommunications,0.95,180 Md$,none
djia,22,Amgen,AMGN,US0311621009,Santé,0.89,170 Md$,none
djia,23,Caterpillar,CAT,US1491231015,Industrie,0.89,170 Md$,none
djia,24,Goldman Sachs Group,GS,US38141G1040,Finance,0.84,160 Md$,none
djia,25,Honeywell International,HON,US4385161066,Industrie,0.74,140 Md$,none
djia,26,Boeing,BA,US0970231058,Aéronautique,0.58,110 Md$,none
djia,27,Nike,NKE,US6541061031,Consommation discrétionnaire,0.58,110 Md$,none
djia,28,Sherwin-Williams,SHW,US8243481061,Matériaux,0.47,90 Md$,none
djia,29,3M,MMM,US88579Y1010,Industrie,0.37,70 Md$,none
djia,30,Travelers Companies,TRV,US89417E1091,Assurance,0.29,55 Md$,none
russell2000,1,Super Micro Computer,SMCI,US86800U1043,Technologie,0.8,24 Md$,none
russell2000,2,Comfort Systems,FIX,US1999081045,Industrie,0.4,14 Md$,none
russell2000,3,Fabrinet,FN,KYG3323L1005,Technologie,0.3,9 Md$,none
tsx,1,Royal Bank of Canada,RY,CA7800871021,Finance,6.986,220 Md,none
tsx,2,Toronto-Dominion Bank,TD,CA8911605092,Finance,5.09,160 Md,none
tsx,3,Shopify,SHOP,CA82509L1076,Technologie,4.776,150 Md,none
tsx,4,Enbridge,ENB,CA29250N1050,Énergie,4.137,130 Md,none
tsx,5,Brookfield Corporation,BN,CA11271J1075,Finance,3.498,110 Md,none
tsx,6,Bank of Montreal,BMO,CA0636711016,Finance,3.337,105 Md,none
tsx,7,Canadian Pacific Kansas City,CP,CA13646K1084,Industrie,3.184,100 Md,none
tsx,8,Canadian National Railway,CNR,CA1363751027,Industrie,3.022,95 Md,none
tsx,9,Bank of Nova Scotia,BNS,CA0641491075,Finance,3.022,95 Md,none
tsx,10,Thomson Reuters,TRI,CA8849037095,Communication,3.022,95 Md,none
tsx,11,Constellation Software,CSU,CA21037X1006,Technologie,2.86,90 Md,none
tsx,12,Canadian Natural Resources,CNQ,CA1363851017,Énergie,2.86,90 Md,none
tsx,13,Canadian Imperial Bank of Commerce,CM,CA1360691010,Finance,2.383,75 Md,none
tsx,14,Suncor Energy,SU,CA8672241079,Énergie,2.23,70 Md,none
tsx,15,Manulife Financial,MFC,CA56501R1064,Assurance,2.23,70 Md,none
tsx,16,Agnico Eagle Mines,AEM,CA0084741085,Matériaux,2.068,65 Md,none
tsx,17,Alimentation Couche-Tard,ATD,CA01626P4033,Consommation courante,2.068,65 Md,none
tsx,18,Waste Connections,WCN,CA94106B1013,Industrie,1.906,60 Md,none
tsx,19,TC Energy,TRP,CA87807B1076,Énergie,1.745,55 Md,none
tsx,20,Loblaw Companies,L,CA5394811015,Consommation courante,1.745,55 Md,none
tsx,21,CCL Industries Inc.,CCLI,CA1249002009,Non classé,1.599,—,none
tsx,22,Celestica Inc.,CELES,CA15101Q1081,Non classé,1.599,—,none
tsx,23,Dollarama Inc.,DOLLA,CA25675T1075,Non classé,1.599,—,none
tsx,24,Fairfax Financial Holdings Limited,FAIRF,CA3039011026,Non classé,1.599,—,none
tsx,25,Sun Life Financial,SLF,CA8667961053,Assurance,1.592,50 Md,none
tsx,26,Barrick Mining,ABX,CA0679011084,Matériaux,1.43,45 Md,none
tsx,27,National Bank of Canada,NA,CA6330671034,Finance,1.43,45 Md,none
tsx,28,Intact Financial,IFC,CA45823T1066,Assurance,1.43,45 Md,none
tsx,29,Great-West Lifeco,GWO,CA39138C1068,Assurance,1.43,45 Md,none
tsx,30,Imperial Oil,IMO,CA4530384086,Énergie,1.43,45 Md,none
tsx,31,Wheaton Precious Metals,WPM,CA9628791027,Matériaux,1.277,40 Md,none
tsx,32,Nutrien,NTR,CA67077M1086,Matériaux,1.116,35 Md,none
tsx,33,Cameco,CCO,CA13321L1085,Énergie,1.116,35 Md,none
tsx,34,Franco-Nevada,FNV,CA3518581051,Matériaux,1.116,35 Md,none
tsx,35,George Weston,WN,CA9611485090,Consommation courante,1.116,35 Md,none
tsx,36,Cenovus Energy,CVE,CA15135U1093,Énergie,1.116,35 Md,none
tsx,37,Fortis,FTS,CA3495531079,Services aux collectivités,1.02,32 Md,none
tsx,38,Telus,T,CA87971M1032,Télécommunications,1.02,32 Md,none
tsx,39,Power Corporation of Canada,POW,CA7392391016,Finance,0.954,30 Md,none
tsx,40,Hydro One,H,CA4488112083,Services aux collectivités,0.954,30 Md,none
tsx,41,BCE,BCE,CA05534B7604,Télécommunications,0.954,30 Md,none
tsx,42,CGI,GIB.A,CA12532H1047,Technologie,0.954,30 Md,none
tsx,43,Restaurant Brands International,QSR,CA76131D1033,Consommation discrétionnaire,0.954,30 Md,none
tsx,44,Pembina Pipeline,PPL,CA7063271034,Énergie,0.954,30 Md,none
tsx,45,Teck Resources,TECK.B,CA8787422044,Matériaux,0.791,25 Md,none
tsx,46,Tourmaline Oil,TOU,CA89156V1067,Énergie,0.791,25 Md,none
tsx,47,Rogers Communications,RCI.B,CA7751092007,Télécommunications,0.696,22 Md,none
tsx,48,Metro,MRU,CA59162N1096,Consommation courante,0.696,22 Md,none
tsx,49,Kinross Gold,K,CA4969024047,Matériaux,0.629,20 Md,none
tsx,50,Emera,EMA,CA2908761018,Services aux collectivités,0.505,16 Md,none
tsx,51,First Quantum Minerals,FM,CA3359341052,Matériaux,0.476,15 Md,none
tsx,52,Ivanhoe Mines,IVN,CA46579R1047,Matériaux,0.476,15 Md,none
tsx,53,ARC Resources,ARX,CA00208D4084,Énergie,0.476,15 Md,none
tsx,54,Magna International,MG,CA5592224011,Automobile,0.448,14 Md,none
tsx,55,Stantec,STN,CA85472N1096,Industrie,0.448,14 Md,none
tsx,56,CAE,CAE,CA1247651088,Aéronautique,0.382,12 Md,none
tsx,57,Descartes Systems,DSG,CA2499061083,Technologie,0.324,10 Md,none
tsx,58,Saputo,SAP,CA8029121057,Consommation courante,0.324,10 Md,none
tsx,59,TFI International,TFII,CA87241L1094,Industrie,0.324,10 Md,none
tsx,60,Open Text,OTEX,CA6837151068,Technologie,0.286,9 Md,none
msciem,1,Samsung Electronics,005930,KR7005930003,Technologie,2.723,400000 Md,none
msciem,2,Tencent Holdings,700,KYG875721634,Communication,2.654,4200 Md,none
msciem,3,Reliance Industries,RELIANCE,INE002A01018,Énergie,1.365,20000 Md,none
msciem,4,Alibaba Group,9988,KYG017191142,Consommation discrétionnaire,1.265,2000 Md,none
msciem,5,Industrial and Commercial Bank of China,1398,CNE1000003G1,Finance,1.137,1800 Md,none
msciem,6,HDFC Bank,HDFCBANK,INE040A01034,Finance,1.023,15000 Md,none
msciem,7,SK Hynix,000660,KR7000660001,Technologie,1.019,150000 Md,none
msciem,8,China Construction Bank,939,CNE1000002H1,Finance,1.011,1600 Md,none
msciem,9,Tata Consultancy Services,TCS,INE467B01029,Technologie,0.955,14000 Md,none
msciem,10,Bank of China,3988,CNE1000001Z5,Finance,0.759,1200 Md,none
msciem,11,PetroChina,857,CNE1000003W8,Énergie,0.759,1200 Md,none
msciem,12,Bharti Airtel,BHARTIARTL,INE397D01024,Télécommunications,0.682,10000 Md,none
msciem,13,Xiaomi,1810,KYG9830T1067,Technologie,0.631,1000 Md,none
msciem,14,ICICI Bank,ICICIBANK,INE090A01021,Finance,0.613,9000 Md,none
msciem,15,LG Energy Solution,373220,KR7373220003,Industrie,0.611,90000 Md,none
msciem,16,Meituan,3690,KYG596691041,Consommation discrétionnaire,0.569,900 Md,none
msciem,17,CNOOC,883,HK0883013259,Énergie,0.569,900 Md,none
msciem,18,Infosys,INFY,INE009A01021,Technologie,0.511,7500 Md,none
msciem,19,Itaú Unibanco,ITUB4,BRITUBACNPR1,Finance,0.505,300 Md,none
msciem,20,State Bank of India,SBIN,INE062A01020,Finance,0.478,7000 Md,none
msciem,21,Samsung Biologics,207940,KR7207940008,Santé,0.476,70000 Md,none
msciem,22,Vale,VALE3,BRVALEACNOR0,Matériaux,0.472,280 Md,none
msciem,23,AIA Group,1299,HK0000069689,Assurance,0.441,700 Md,none
msciem,24,BYD,1211,CNE100000296,Automobile,0.441,700 Md,none
msciem,25,Petrobras,PETR4,BRPETRACNPR6,Énergie,0.421,250 Md,none
msciem,26,Ping An Insurance,2318,CNE1000003X6,Assurance,0.38,600 Md,none
msciem,27,China Petroleum & Chemical,386,CNE1000002Q2,Énergie,0.38,600 Md,none
msciem,28,ITC,ITC,INE154A01025,Consommation courante,0.375,5500 Md,none
msciem,29,Hindustan Unilever,HINDUNILVR,INE030A01027,Consommation courante,0.375,5500 Md,none
msciem,30,Larsen & Toubro,LT,INE018A01030,Industrie,0.341,5000 Md,none
msciem,31,Hyundai Motor,005380,KR7005380001,Automobile,0.34,50000 Md,none
msciem,32,Ambev,ABEV3,BRABEVACNOR1,Consommation courante,0.337,200 Md,none
msciem,33,NetEase,9999,KYG6427A1022,Communication,0.315,500 Md,none
msciem,34,Bank of Communications,3328,CNE1000000S2,Finance,0.315,500 Md,none
msciem,35,Bajaj Finance,BAJFINANCE,INE296A01024,Finance,0.307,4500 Md,none
msciem,36,HCL Technologies,HCLTECH,INE860A01027,Technologie,0.307,4500 Md,none
msciem,37,China Life Insurance,2628,CNE1000002L3,Assurance,0.284,450 Md,none
msciem,38,Sun Pharmaceutical,SUNPHARMA,INE044A01036,Santé,0.273,4000 Md,none
msciem,39,Kia,000270,KR7000270009,Automobile,0.271,40000 Md,none
msciem,40,Maruti Suzuki India,MARUTI,INE585B01010,Automobile,0.259,3800 Md,none
msciem,41,JD.com,9618,KYG8208B1014,Consommation discrétionnaire,0.252,400 Md,none
msciem,42,Hong Kong Exchanges and Clearing,388,HK0388045442,Finance,0.252,400 Md,none
msciem,43,WEG,WEGE3,BRWEGEACNOR0,Industrie,0.252,150 Md,none
msciem,44,Axis Bank,AXISBANK,INE238A01034,Finance,0.238,3500 Md,none
msciem,45,Kotak Mahindra Bank,KOTAKBANK,INE237A01028,Finance,0.238,3500 Md,none
msciem,46,Mahindra & Mahindra,M&M,INE101A01026,Automobile,0.238,3500 Md,none
msciem,47,NTPC,NTPC,INE733E01010,Services aux collectivités,0.238,3500 Md,none
msciem,48,Celltrion,068270,KR7068270008,Santé,0.238,35000 Md,none
msciem,49,KB Financial Group,105560,KR7105560007,Finance,0.238,35000 Md,none
msciem,50,Banco Bradesco,BBDC4,BRBBDCACNPR8,Finance,0.236,140 Md,none
msciem,51,China Merchants Bank,CHINA,CN000A0KFDV9,Non classé,0.229,—,none
msciem,52,China Resources Power,CHINA,HK0836012952,Non classé,0.229,—,none
msciem,53,ENN Energy,ENNE,KYG3066L1014,Non classé,0.229,—,none
msciem,54,Hang Lung Properties Limited,HANG,HK0101000591,Non classé,0.229,—,none
msciem,55,China Resources Land Limited,CHINA,KYG2108Y1052,Non classé,0.229,—,none
msciem,56,CK Asset Holdings,CKAS,KYG2177B1014,Non classé,0.229,—,none
msciem,57,Wharf Real Estate Investment Company Limited,WHARF,KYG9593A1040,Non classé,0.229,—,none
msciem,58,MTR Corporation Ltd,MTRC,HK0066009694,Non classé,0.229,—,none
msciem,59,Geely Auto,GEELY,KYG3777B1032,Non classé,0.229,—,none
msciem,60,CITIC Limited,CITIC,HK0267001375,Non classé,0.229,—,none
msciem,61,WH Group,WHGR,KYG960071028,Non classé,0.229,—,none
msciem,62,China Resources Beer,CHINA,HK0291001490,Non classé,0.229,—,none
msciem,63,Midea Group,MIDEA,CNE100001QQ5,Non classé,0.229,—,none
msciem,64,Sinopec Corp,SINOP,CN0005789556,Non classé,0.229,—,none
msciem,65,China Unicom,CHINA,HK0000049939,Non classé,0.229,—,none
msciem,66,Zhongsheng Group,ZHONG,KYG9894K1085,Non classé,0.229,—,none
msciem,67,China Mobile Ltd,CHINA,HK0941009539,Non classé,0.229,—,none
msciem,68,Semiconductor Manufacturing International Corporation,SEMIC,KYG8020E1199,Non classé,0.229,—,none
msciem,69,Kuaishou,KUAIS,KYG532631028,Non classé,0.229,—,none
msciem,70,Hengan International Group Co. Ltd,HENGA,KYG4402L1510,Non classé,0.229,—,none
msciem,71,China Shenhua Energy,CHINA,CN000A0ERK49,Non classé,0.229,—,none
msciem,72,CSPC Pharmaceutical Group,CSPC,HK1093012172,Non classé,0.229,—,none
msciem,73,Sinopharm Group,SINOP,CNE100000FN7,Non classé,0.229,—,none
msciem,74,China Hongqiao Group,CHINA,KYG211501005,Non classé,0.229,—,none
msciem,75,Chow Tai Fook,CHOW,KYG211461085,Non classé,0.229,—,none
msciem,76,Mengniu Dairy,MENGN,KYG210961051,Non classé,0.229,—,none
msciem,77,Li-Ning,LINI,KYG5496K1242,Non classé,0.229,—,none
msciem,78,WuXi AppTec,WUXI,CNE100003F19,Non classé,0.229,—,none
msciem,79,JD Logistics,JDLO,KYG5074S1012,Non classé,0.229,—,none
msciem,80,Zijin Mining,ZIJIN,CNE100000502,Non classé,0.229,—,none
msciem,81,JD Health,JDHE,KYG5074A1004,Non classé,0.229,—,none
msciem,82,Haier,HAIER,CNE1000031C1,Non classé,0.229,—,none
msciem,83,Haidilao,HAIDI,KYG4290A1013,Non classé,0.229,—,none
msciem,84,Nongfu Spring,NONGF,CNE100004272,Non classé,0.229,—,none
msciem,85,Pop Mart,POPM,KYG7170M1033,Non classé,0.229,—,none
msciem,86,UltraTech Cement,ULTRACEMCO,INE481G01011,Matériaux,0.218,3200 Md,none
msciem,87,Titan Company,TITAN,INE280A01028,Consommation discrétionnaire,0.205,3000 Md,none
msciem,88,Power Grid Corporation,POWERGRID,INE752E01010,Services aux collectivités,0.205,3000 Md,none
msciem,89,NAVER,035420,KR7035420009,Communication,0.203,30000 Md,none
msciem,90,Hanwha Aerospace,012450,KR7012450003,Aéronautique,0.203,30000 Md,none
msciem,91,Banco do Brasil,BBAS3,BRBBASACNOR3,Finance,0.202,120 Md,none
msciem,92,Shinhan Financial Group,055550,KR7055550008,Finance,0.191,28000 Md,none
msciem,93,Tata Motors,TATAMOTORS,INE155A01022,Automobile,0.191,2800 Md,none
msciem,94,Bajaj Finserv,BAJAJFINSV,INE918I01026,Finance,0.191,2800 Md,none
msciem,95,Adani Ports,ADANIPORTS,INE742F01042,Industrie,0.177,2600 Md,none
msciem,96,Asian Paints,ASIANPAINT,INE021A01026,Matériaux,0.17,2500 Md,none
msciem,97,Samsung SDI,006400,KR7006400006,Industrie,0.17,25000 Md,none
msciem,98,POSCO Holdings,005490,KR7005490008,Matériaux,0.17,25000 Md,none
msciem,99,HD Hyundai Heavy Industries,329180,KR7329180004,Aéronautique,0.17,25000 Md,none
msciem,100,Eletrobras,ELET3,BRELETACNOR6,Services aux collectivités,0.152,90 Md,none
msciem,101,JSW Steel,JSWSTEEL,INE019A01038,Matériaux,0.15,2200 Md,none
msciem,102,Nestlé India,NESTLEIND,INE239A01024,Consommation courante,0.15,2200 Md,none
msciem,103,Hyundai Mobis,012330,KR7012330007,Automobile,0.149,22000 Md,none
msciem,104,Samsung C&T,028260,KR7028260008,Industrie,0.149,22000 Md,none
msciem,105,ANTA Sports,2020,KYG040111059,Consommation discrétionnaire,0.139,220 Md,none
msciem,106,Tata Steel,TATASTEEL,INE081A01020,Matériaux,0.137,2000 Md,none
msciem,107,Hana Financial Group,086790,KR7086790003,Finance,0.137,20000 Md,none
msciem,108,Doosan Enerbility,034020,KR7034020008,Industrie,0.137,20000 Md,none
msciem,109,JBS,JBSS3,BRJBSSACNOR8,Consommation courante,0.134,80 Md,none
msciem,110,Baidu,9888,KYG070341048,Communication,0.126,200 Md,none
msciem,111,Sun Hung Kai Properties,16,HK0016000132,Immobilier,0.126,200 Md,none
msciem,112,Kakao,035720,KR7035720002,Communication,0.122,18000 Md,none
msciem,113,LG Chem,051910,KR7051910008,Matériaux,0.122,18000 Md,none
msciem,114,Samsung Life Insurance,032830,KR7032830002,Assurance,0.122,18000 Md,none
msciem,115,Li Auto,2015,KYG5479M1050,Automobile,0.114,180 Md,none
msciem,116,Hang Seng Bank,11,HK0011000095,Finance,0.114,180 Md,none
msciem,117,Techtronic Industries,669,HK0669013440,Industrie,0.114,180 Md,none
msciem,118,B3,B3SA3,BRB3SAACNOR6,Finance,0.109,65 Md,none
msciem,119,Suzano,SUZB3,BRSUZBACNOR0,Matériaux,0.109,65 Md,none
msciem,120,CK Hutchison Holdings,1,KYG217651051,Industrie,0.107,170 Md,none
msciem,121,Tech Mahindra,TECHM,INE669C01036,Technologie,0.102,1500 Md,none
msciem,122,Korea Electric Power,015760,KR7015760002,Services aux collectivités,0.102,15000 Md,none
msciem,123,CLP Holdings,2,HK0002007356,Services aux collectivités,0.102,160 Md,none
msciem,124,Sabesp,SBSP3,BRSBSPACNOR5,Services aux collectivités,0.101,60 Md,none
msciem,125,KT&G,033780,KR7033780008,Consommation courante,0.095,14000 Md,none
msciem,126,Galaxy Entertainment,27,HK0027032686,Consommation discrétionnaire,0.095,150 Md,none
msciem,127,Sands China,1928,KYG7800X1079,Consommation discrétionnaire,0.088,140 Md,none
msciem,128,LG Electronics,066570,KR7066570003,Consommation discrétionnaire,0.087,13000 Md,none
msciem,129,Woori Financial Group,316140,KR7316140003,Finance,0.081,12000 Md,none
msciem,130,SK Innovation,096770,KR7096770003,Énergie,0.081,12000 Md,none
msciem,131,SK Telecom,017670,KR7017670001,Télécommunications,0.081,12000 Md,none
msciem,132,KT Corporation,030200,KR7030200000,Télécommunications,0.081,12000 Md,none
msciem,133,Wuxi Biologics,2269,KYG970081173,Santé,0.075,120 Md,none
msciem,134,Hong Kong and China Gas,3,HK0003000038,Services aux collectivités,0.07,110 Md,none
msciem,135,Power Assets Holdings,6,HK0006000050,Services aux collectivités,0.07,110 Md,none
msciem,136,IndusInd Bank,INDUSINDBK,INE095A01012,Finance,0.068,1000 Md,none
msciem,137,Localiza,RENT3,BRRENTACNOR4,Industrie,0.067,40 Md,none
msciem,138,Equatorial Energia,EQTL3,BREQTLACNOR0,Services aux collectivités,0.067,40 Md,none
msciem,139,CPFL Energia,CPFE3,BRCPFEACNOR0,Services aux collectivités,0.067,40 Md,none
msciem,140,Telefônica Brasil,VIVT3,BRVIVTACNOR0,Télécommunications,0.067,40 Md,none
msciem,141,Lenovo Group,992,HK0992009065,Technologie,0.063,100 Md,none
msciem,142,Link REIT,823,HK0823032773,Immobilier,0.063,100 Md,none
msciem,143,Rumo,RAIL3,BRRAILACNOR9,Industrie,0.059,35 Md,none
msciem,144,Amorepacific,090430,KR7090430000,Consommation courante,0.054,8000 Md,none
msciem,145,Klabin,KLBN11,BRKLBNCDAM18,Matériaux,0.051,30 Md,none
msciem,146,Gerdau,GGBR4,BRGGBRACNPR8,Matériaux,0.051,30 Md,none
msciem,147,Raia Drogasil,RADL3,BRRADLACNOR0,Consommation courante,0.051,30 Md,none
msciem,148,BRF,BRFS3,BRBRFSACNOR8,Consommation courante,0.051,30 Md,none
msciem,149,CCR / Motiva,CCRO3,BRCCROACNOR2,Industrie,0.042,25 Md,none
msciem,150,Natura,NTCO3,BRNTCOACNOR5,Consommation courante,0.025,15 Md,none
msciem,151,Lojas Renner,LREN3,BRLRENACNOR1,Consommation discrétionnaire,0.025,15 Md,none
msciem,152,Cosan,CSAN3,BRCSANACNOR6,Énergie,0.025,15 Md,none
msciem,153,Marfrig / MBRF,MRFG3,BRMRFGACNOR0,Consommation courante,0.017,10 Md,none
sensex,1,Reliance Industries,RELIANCE,INE002A01018,Énergie,12.66,20000 Md,none
sensex,2,HDFC Bank,HDFCBANK,INE040A01034,Finance,9.49,15000 Md,none
sensex,3,Tata Consultancy Services,TCS,INE467B01029,Technologie,8.86,14000 Md,none
sensex,4,Bharti Airtel,BHARTIARTL,INE397D01024,Télécommunications,6.33,10000 Md,none
sensex,5,ICICI Bank,ICICIBANK,INE090A01021,Finance,5.69,9000 Md,none
sensex,6,Infosys,INFY,INE009A01021,Technologie,4.74,7500 Md,none
sensex,7,State Bank of India,SBIN,INE062A01020,Finance,4.43,7000 Md,none
sensex,8,ITC,ITC,INE154A01025,Consommation courante,3.48,5500 Md,none
sensex,9,Hindustan Unilever,HINDUNILVR,INE030A01027,Consommation courante,3.48,5500 Md,none
sensex,10,Larsen & Toubro,LT,INE018A01030,Industrie,3.16,5000 Md,none
sensex,11,Bajaj Finance,BAJFINANCE,INE296A01024,Finance,2.85,4500 Md,none
sensex,12,HCL Technologies,HCLTECH,INE860A01027,Technologie,2.85,4500 Md,none
sensex,13,Sun Pharmaceutical,SUNPHARMA,INE044A01036,Santé,2.53,4000 Md,none
sensex,14,Maruti Suzuki India,MARUTI,INE585B01010,Automobile,2.4,3800 Md,none
sensex,15,Axis Bank,AXISBANK,INE238A01034,Finance,2.21,3500 Md,none
sensex,16,Kotak Mahindra Bank,KOTAKBANK,INE237A01028,Finance,2.21,3500 Md,none
sensex,17,Mahindra & Mahindra,M&M,INE101A01026,Automobile,2.21,3500 Md,none
sensex,18,NTPC,NTPC,INE733E01010,Services aux collectivités,2.21,3500 Md,none
sensex,19,UltraTech Cement,ULTRACEMCO,INE481G01011,Matériaux,2.02,3200 Md,none
sensex,20,Titan Company,TITAN,INE280A01028,Consommation discrétionnaire,1.9,3000 Md,none
sensex,21,Power Grid Corporation,POWERGRID,INE752E01010,Services aux collectivités,1.9,3000 Md,none
sensex,22,Tata Motors,TATAMOTORS,INE155A01022,Automobile,1.77,2800 Md,none
sensex,23,Bajaj Finserv,BAJAJFINSV,INE918I01026,Finance,1.77,2800 Md,none
sensex,24,Adani Ports,ADANIPORTS,INE742F01042,Industrie,1.64,2600 Md,none
sensex,25,Asian Paints,ASIANPAINT,INE021A01026,Matériaux,1.58,2500 Md,none
sensex,26,JSW Steel,JSWSTEEL,INE019A01038,Matériaux,1.39,2200 Md,none
sensex,27,Nestlé India,NESTLEIND,INE239A01024,Consommation courante,1.39,2200 Md,none
sensex,28,Tata Steel,TATASTEEL,INE081A01020,Matériaux,1.27,2000 Md,none
sensex,29,Tech Mahindra,TECHM,INE669C01036,Technologie,0.95,1500 Md,none
sensex,30,IndusInd Bank,INDUSINDBK,INE095A01012,Finance,0.63,1000 Md,none
bovespa,1,Itaú Unibanco,ITUB4,BRITUBACNPR1,Finance,10.93,300 Md,none
bovespa,2,Vale,VALE3,BRVALEACNOR0,Matériaux,10.21,280 Md,none
bovespa,3,Petrobras,PETR4,BRPETRACNPR6,Énergie,9.11,250 Md,none
bovespa,4,Ambev,ABEV3,BRABEVACNOR1,Consommation courante,7.29,200 Md,none
bovespa,5,WEG,WEGE3,BRWEGEACNOR0,Industrie,5.46,150 Md,none
bovespa,6,Banco Bradesco,BBDC4,BRBBDCACNPR8,Finance,5.1,140 Md,none
bovespa,7,Banco do Brasil,BBAS3,BRBBASACNOR3,Finance,4.38,120 Md,none
bovespa,8,Eletrobras,ELET3,BRELETACNOR6,Services aux collectivités,3.28,90 Md,none
bovespa,9,JBS,JBSS3,BRJBSSACNOR8,Consommation courante,2.91,80 Md,none
bovespa,10,B3,B3SA3,BRB3SAACNOR6,Finance,2.37,65 Md,none
bovespa,11,Suzano,SUZB3,BRSUZBACNOR0,Matériaux,2.37,65 Md,none
bovespa,12,Sabesp,SBSP3,BRSBSPACNOR5,Services aux collectivités,2.18,60 Md,none
bovespa,13,Localiza,RENT3,BRRENTACNOR4,Industrie,1.46,40 Md,none
bovespa,14,Equatorial Energia,EQTL3,BREQTLACNOR0,Services aux collectivités,1.46,40 Md,none
bovespa,15,CPFL Energia,CPFE3,BRCPFEACNOR0,Services aux collectivités,1.46,40 Md,none
bovespa,16,Telefônica Brasil,VIVT3,BRVIVTACNOR0,Télécommunications,1.46,40 Md,none
bovespa,17,Rumo,RAIL3,BRRAILACNOR9,Industrie,1.27,35 Md,none
bovespa,18,Klabin,KLBN11,BRKLBNCDAM18,Matériaux,1.1,30 Md,none
bovespa,19,Gerdau,GGBR4,BRGGBRACNPR8,Matériaux,1.1,30 Md,none
bovespa,20,Raia Drogasil,RADL3,BRRADLACNOR0,Consommation courante,1.1,30 Md,none
bovespa,21,BRF,BRFS3,BRBRFSACNOR8,Consommation courante,1.1,30 Md,none
bovespa,22,CCR / Motiva,CCRO3,BRCCROACNOR2,Industrie,0.91,25 Md,none
bovespa,23,Natura,NTCO3,BRNTCOACNOR5,Consommation courante,0.54,15 Md,none
bovespa,24,Lojas Renner,LREN3,BRLRENACNOR1,Consommation discrétionnaire,0.54,15 Md,none
bovespa,25,Cosan,CSAN3,BRCSANACNOR6,Énergie,0.54,15 Md,none
bovespa,26,Marfrig / MBRF,MRFG3,BRMRFGACNOR0,Consommation courante,0.37,10 Md,none
msciworld,1,Apple Inc.,AAPL,US0378331005,Technologie,4.48,3400 Md$,none
msciworld,2,Nvidia,NVDA,US67066G1040,Technologie,3.921,3300 Md$,none
msciworld,3,Microsoft,MSFT,US5949181045,Technologie,3.8,3200 Md$,none
msciworld,4,Amazon,AMZN,US0231351067,Consommation discrétionnaire,2.495,2100 Md$,none
msciworld,5,Meta Platforms,META,US30303M1027,Communication,1.663,1400 Md$,none
msciworld,6,Alphabet Inc. (Class A),GOOGL,US02079K3059,Communication,1.305,1100 Md$,none
msciworld,7,Alphabet Inc. (Class C),GOOG,US02079K1079,Communication,1.19,1000 Md$,none
msciworld,8,Berkshire Hathaway,BRK.B,US0846707026,Finance,1.19,1000 Md$,none
msciworld,9,Broadcom,AVGO,US11135F1012,Technologie,1.068,900 Md$,none
msciworld,10,"Tesla, Inc.",TSLA,US88160R1014,Consommation discrétionnaire,1.068,900 Md$,none
msciworld,11,Lilly (Eli),LLY,US5324571083,Santé,0.947,800 Md$,none
msciworld,12,JPMorgan Chase,JPM,US46625H1005,Finance,0.832,700 Md$,none
msciworld,13,Walmart,WMT,US9311421039,Consommation courante,0.832,700 Md$,none
msciworld,14,Visa Inc.,V,US92826C8394,Finance,0.735,620 Md$,none
msciworld,15,Mastercard,MA,US57636Q1040,Finance,0.595,500 Md$,none
msciworld,16,UnitedHealth Group,UNH,US91324P1021,Santé,0.595,500 Md$,none
msciworld,17,ExxonMobil,XOM,US30231G1022,Énergie,0.571,480 Md$,none
msciworld,18,Oracle Corporation,ORCL,US68389X1054,Technologie,0.571,480 Md$,none
msciworld,19,Costco,COST,US22160K1051,Consommation courante,0.473,400 Md$,none
msciworld,20,Home Depot (The),HD,US4370761029,Consommation discrétionnaire,0.461,390 Md$,none
msciworld,21,Procter & Gamble,PG,US7427181091,Consommation courante,0.461,390 Md$,none
msciworld,22,Johnson & Johnson,JNJ,US4781601046,Santé,0.449,380 Md$,none
msciworld,23,Netflix,NFLX,US64110L1061,Communication,0.449,380 Md$,none
msciworld,24,AbbVie,ABBV,US00287Y1091,Santé,0.395,330 Md$,none
msciworld,25,Bank of America,BAC,US0605051046,Finance,0.395,330 Md$,none
msciworld,26,Novo Nordisk,NOVO B,DK0062498333,Santé,0.364,300 Md€,none
msciworld,27,Chevron Corporation,CVX,US1667641005,Énergie,0.346,290 Md$,none
msciworld,28,Coca-Cola Company (The),KO,US1912161007,Consommation courante,0.334,280 Md$,none
msciworld,29,Advanced Micro Devices,AMD,US0079031078,Technologie,0.31,260 Md$,none
msciworld,30,Salesforce,CRM,US79466L3024,Technologie,0.31,260 Md$,none
msciworld,31,ASML Holding,ASML,NL0010273215,Technologie,0.303,280 Md€,none
msciworld,32,Merck & Co.,MRK,US58933Y1055,Santé,0.297,250 Md$,none
msciworld,33,T-Mobile US,TMUS,US8725901040,Communication,0.297,250 Md$,none
msciworld,34,Wells Fargo,WFC,US9497461015,Finance,0.285,240 Md$,none
msciworld,35,SAP,SAP,DE0007164600,Technologie,0.278,240 Md€,none
msciworld,36,Adobe Inc.,ADBE,US00724F1012,Technologie,0.273,230 Md$,none
msciworld,37,Cisco,CSCO,US17275R1023,Technologie,0.273,230 Md$,none
msciworld,38,PepsiCo,PEP,US7134481081,Consommation courante,0.273,230 Md$,none
msciworld,39,Linde plc,LIN,IE000S9YS762,Matériaux,0.261,220 Md$,none
msciworld,40,Nestlé,NESN,CH0038863350,Consommation courante,0.251,230 Md CHF,none
msciworld,41,McDonald's,MCD,US5801351017,Consommation discrétionnaire,0.249,210 Md$,none
msciworld,42,AstraZeneca,AZN,GB0009895292,Santé,0.242,2200 Md SEK,none
msciworld,43,Toyota Motor,7203,JP3633400001,Automobile,0.241,42000 Md,none
msciworld,44,TotalEnergies,TTE,FR0000120271,Énergie,0.239,148 Md€,none
msciworld,45,Abbott Laboratories,ABT,US0028241000,Santé,0.237,200 Md$,none
msciworld,46,Accenture,ACN,IE00B4BNMY34,Technologie,0.237,200 Md$,none
msciworld,47,GE Aerospace,GE,US3696043013,Industrie,0.237,200 Md$,none
msciworld,48,IBM,IBM,US4592001014,Technologie,0.237,200 Md$,none
msciworld,49,Morgan Stanley,MS,US6174464486,Finance,0.237,200 Md$,none
msciworld,50,ServiceNow,NOW,US81762P1021,Technologie,0.237,200 Md$,none
msciworld,51,Thermo Fisher Scientific,TMO,US8835561023,Santé,0.237,200 Md$,none
msciworld,52,Walt Disney Company (The),DIS,US2546871060,Communication,0.237,200 Md$,none
msciworld,53,Roche Holding,ROG,CH0012032048,Santé,0.235,215 Md CHF,none
msciworld,54,LVMH,MC,FR0000121014,Consommation discrétionnaire,0.225,312 Md€,none
msciworld,55,American Express,AXP,US0258161092,Finance,0.225,190 Md$,none
msciworld,56,Qualcomm,QCOM,US7475251036,Technologie,0.225,190 Md$,none
msciworld,57,Novartis,NOVN,CH0012005267,Santé,0.218,200 Md CHF,none
msciworld,58,Blackstone Inc.,BX,US09260D1072,Finance,0.212,180 Md$,none
msciworld,59,Intuit,INTU,US4612021034,Technologie,0.212,180 Md$,none
msciworld,60,Intuitive Surgical,ISRG,US46120E6023,Santé,0.212,180 Md$,none
msciworld,61,Palantir Technologies,PLTR,US69608A1088,Technologie,0.212,180 Md$,none
msciworld,62,Texas Instruments,TXN,US8825081040,Technologie,0.212,180 Md$,none
msciworld,63,Verizon,VZ,US92343V1044,Communication,0.212,180 Md$,none
msciworld,64,HSBC Holdings,HSBA,GB0005405286,Finance,0.21,150 Md£,none
msciworld,65,Schneider Electric,SU,FR0000121972,Industrie,0.207,132 Md€,none
msciworld,66,Shell,SHELL,GB00BP6MXD84,Énergie,0.201,200 Md€,none
msciworld,67,Amgen,AMGN,US0311621009,Santé,0.2,170 Md$,none
msciworld,68,Caterpillar Inc.,CAT,US1491231015,Industrie,0.2,170 Md$,none
msciworld,69,Shopify,SHOP,CA82509L1076,Technologie,0.197,150 Md$,none
msciworld,70,PDD Holdings,PDD,US7223041028,Consommation discrétionnaire,0.197,150 Md$,none
msciworld,71,Commonwealth Bank of Australia,CBA,AU000000CBA7,Finance,0.19,250 Md,none
msciworld,72,Applied Materials,AMAT,US0382221051,Technologie,0.188,160 Md$,none
msciworld,73,Comcast,CMCSA,US20030N1019,Communication,0.188,160 Md$,none
msciworld,74,Goldman Sachs,GS,US38141G1040,Finance,0.188,160 Md$,none
msciworld,75,RTX Corporation,RTX,US75513E1010,Industrie,0.188,160 Md$,none
msciworld,76,Siemens,SIE,DE0007236101,Industrie,0.186,160 Md€,none
msciworld,77,Arm Holdings,ARM,US0420682058,Technologie,0.184,140 Md$,none
msciworld,78,Royal Bank of Canada,RY,CA7800871021,Finance,0.183,220 Md,none
msciworld,79,BlackRock,BLK,US09290D1019,Finance,0.176,150 Md$,none
msciworld,80,Booking Holdings,BKNG,US09857L1089,Consommation discrétionnaire,0.176,150 Md$,none
msciworld,81,Danaher Corporation,DHR,US2358511028,Santé,0.176,150 Md$,none
msciworld,82,NextEra Energy,NEE,US65339F1012,Services aux collectivités,0.176,150 Md$,none
msciworld,83,Pfizer,PFE,US7170811035,Santé,0.176,150 Md$,none
msciworld,84,Progressive Corporation,PGR,US7433151039,Finance,0.176,150 Md$,none
msciworld,85,Uber,UBER,US90353T1007,Industrie,0.176,150 Md$,none
msciworld,86,Sanofi,SAN,FR0000120578,Santé,0.175,124 Md€,none
msciworld,87,Deutsche Telekom,DTE,DE0005557508,Télécommunications,0.168,145 Md€,none
msciworld,88,Charles Schwab Corporation,SCHW,US8085131055,Finance,0.164,140 Md$,none
msciworld,89,Honeywell Technologies,HON,US4385161066,Industrie,0.164,140 Md$,none
msciworld,90,Lowe's,LOW,US5486611073,Consommation discrétionnaire,0.164,140 Md$,none
msciworld,91,Stryker Corporation,SYK,US8636671013,Santé,0.164,140 Md$,none
msciworld,92,Union Pacific Corporation,UNP,US9078181081,Industrie,0.164,140 Md$,none
msciworld,93,Inditex,ITX,ES0148396007,Consommation discrétionnaire,0.162,150 Md€,none
msciworld,94,Air Liquide,AI,FR0000120073,Matériaux,0.16,104 Md€,none
msciworld,95,BHP Group,BHP,AU000000BHP4,Matériaux,0.152,200 Md,none
msciworld,96,Arista Networks,ANET,US0404131064,Technologie,0.152,130 Md$,none
msciworld,97,Boston Scientific,BSX,US1011371077,Santé,0.152,130 Md$,none
msciworld,98,Citigroup,C,US1729674242,Finance,0.152,130 Md$,none
msciworld,99,Eaton Corporation,ETN,IE00B8KQN827,Industrie,0.152,130 Md$,none
msciworld,100,Airbus,AIR,NL0000235190,Aéronautique,0.148,128 Md€,none
msciworld,101,Mitsubishi UFJ Financial Group,8306,JP3902900004,Finance,0.142,24000 Md,none
msciworld,102,L'Oréal,OR,FR0000120321,Consommation courante,0.142,200 Md€,none
msciworld,103,ConocoPhillips,COP,US20825C1045,Énergie,0.14,120 Md$,none
msciworld,104,Deere & Company,DE,US2441991054,Industrie,0.14,120 Md$,none
msciworld,105,Palo Alto Networks,PANW,US6974351057,Technologie,0.14,120 Md$,none
msciworld,106,Vertex Pharmaceuticals,VRTX,US92532F1003,Santé,0.14,120 Md$,none
msciworld,107,Medtronic,MDT,IE00BTN1Y115,Santé,0.14,115 Md$,none
msciworld,108,Allianz,ALV,DE0008404005,Assurance,0.134,115 Md€,none
msciworld,109,Toronto-Dominion Bank,TD,CA8911605092,Finance,0.134,160 Md,none
msciworld,110,MercadoLibre,MELI,US58733R1023,Consommation discrétionnaire,0.133,100 Md$,none
msciworld,111,Unilever,UNA,GB00B10RZP78,Consommation courante,0.13,130 Md€,none
msciworld,112,EssilorLuxottica,EL,FR0000121667,Santé,0.13,110 Md€,none
msciworld,113,Sony Group,6758,JP3435000009,Consommation discrétionnaire,0.13,22000 Md,none
msciworld,114,Analog Devices,ADI,US0326541051,Technologie,0.127,110 Md$,none
msciworld,115,Automatic Data Processing,ADP,US0530151036,Industrie,0.127,110 Md$,none
msciworld,116,Boeing,BA,US0970231058,Industrie,0.127,110 Md$,none
msciworld,117,Bristol Myers Squibb,BMY,US1101221083,Santé,0.127,110 Md$,none
msciworld,118,Chubb Limited,CB,CH0044328745,Finance,0.127,110 Md$,none
msciworld,119,Gilead Sciences,GILD,US3755581036,Santé,0.127,110 Md$,none
msciworld,120,Lockheed Martin,LMT,US5398301094,Industrie,0.127,110 Md$,none
msciworld,121,Micron Technology,MU,US5951121038,Technologie,0.127,110 Md$,none
msciworld,122,"Nike, Inc.",NKE,US6541061031,Consommation discrétionnaire,0.127,110 Md$,none
msciworld,123,Starbucks,SBUX,US8552441094,Consommation discrétionnaire,0.127,110 Md$,none
msciworld,124,Intel,INTC,US4581401001,Technologie,0.121,100 Md$,none
msciworld,125,Lam Research,LRCX,US5128071082,Technologie,0.121,100 Md$,none
msciworld,126,Anheuser-Busch InBev,ABI,BE0974293251,Consommation courante,0.119,110 Md€,none
msciworld,127,Strategy,MSTR,US5949724083,Technologie,0.119,90 Md$,none
msciworld,128,Hermès International,RMS,FR0000052292,Consommation discrétionnaire,0.118,228 Md€,none
msciworld,129,Safran,SAF,FR0000073272,Aéronautique,0.115,98 Md€,none
msciworld,130,Southern Company,SO,US8425871071,Services aux collectivités,0.115,95 Md$,none
msciworld,131,Altria,MO,US02209S1033,Consommation courante,0.109,90 Md$,none
msciworld,132,Duke Energy,DUK,US26441C2044,Services aux collectivités,0.109,90 Md$,none
msciworld,133,Elevance Health,ELV,US0367521038,Santé,0.109,90 Md$,none
msciworld,134,KLA Corporation,KLAC,US4824801009,Technologie,0.109,90 Md$,none
msciworld,135,Mondelez International,MDLZ,US6092071058,Consommation courante,0.109,90 Md$,none
msciworld,136,Sherwin-Williams,SHW,US8243481061,Matériaux,0.109,90 Md$,none
msciworld,137,Enbridge,ENB,CA29250N1050,Énergie,0.109,130 Md,none
msciworld,138,BNP Paribas,BNP,FR0000131104,Finance,0.106,78 Md€,none
msciworld,139,Hitachi,6501,JP3788600009,Industrie,0.106,18000 Md,none
msciworld,140,Rolls-Royce Holdings,RR,GB00B63H8491,Aéronautique,0.105,75 Md£,none
msciworld,141,UBS Group,UBSG,CH0244767585,Finance,0.104,95 Md CHF,none
msciworld,142,ABB,ABBN,CH0012221716,Industrie,0.104,95 Md CHF,none
msciworld,143,Cigna,CI,US1255231003,Santé,0.103,85 Md$,none
msciworld,144,Waste Management,WM,US94106L1098,Industrie,0.103,85 Md$,none
msciworld,145,Prosus,PRX,NL0013654783,Technologie,0.103,95 Md€,none
msciworld,146,Iberdrola,IBE,ES0144580Y14,Services aux collectivités,0.103,95 Md€,none
msciworld,147,AXA,CS,FR0000120628,Assurance,0.101,82 Md€,none
msciworld,148,Argenx,ARGEN,NL0010832176,Non classé,0.099,—,none
msciworld,149,Investor,INVE B,SE0015811963,Finance,0.099,900 Md SEK,none
msciworld,150,Cadence Design Systems,CDNS,US1273871087,Technologie,0.097,80 Md$,none
msciworld,151,Cintas,CTAS,US1729081059,Industrie,0.097,80 Md$,none
msciworld,152,Regeneron Pharmaceuticals,REGN,US75886F1075,Santé,0.097,80 Md$,none
msciworld,153,Synopsys,SNPS,US8716071076,Technologie,0.097,80 Md$,none
msciworld,154,SoftBank Group,9984,JP3436100006,Technologie,0.094,16000 Md,none
msciworld,155,Banco Santander,SAN.MC,ES0113900J37,Finance,0.092,85 Md€,none
msciworld,156,Brookfield Corporation,BN,CA11271J1075,Finance,0.092,110 Md,none
msciworld,157,Vinci,DG,FR0000125486,Industrie,0.092,68 Md€,none
msciworld,158,CSL,CSL,AU000000CSL8,Santé,0.091,120 Md,none
msciworld,159,National Australia Bank,NAB,AU000000NAB4,Finance,0.091,120 Md,none
msciworld,160,Aon plc,AON,IE00BLP1HW54,Finance,0.091,75 Md$,none
msciworld,161,"Block, Inc.",XYZ,US8522341036,Finance,0.091,75 Md$,none
msciworld,162,Colgate-Palmolive,CL,US1941621039,Consommation courante,0.091,75 Md$,none
msciworld,163,PNC Financial Services,PNC,US6934751057,Finance,0.091,75 Md$,none
msciworld,164,U.S. Bancorp,USB,US9029733048,Finance,0.091,75 Md$,none
msciworld,165,Zoetis,ZTS,US98978V1035,Santé,0.091,75 Md$,none
msciworld,166,BP,BP,GB0007980591,Énergie,0.091,65 Md£,none
msciworld,167,British American Tobacco,BATS,GB0002875804,Consommation courante,0.091,65 Md£,none
msciworld,168,Keyence,6861,JP3236200006,Technologie,0.089,15000 Md,none
msciworld,169,Sumitomo Mitsui Financial Group,8316,JP3890350006,Finance,0.089,15000 Md,none
msciworld,170,Westpac Banking,WBC,AU000000WBC1,Finance,0.088,115 Md,none
msciworld,171,Bank of Montreal,BMO,CA0636711016,Finance,0.088,105 Md,none
msciworld,172,Richemont,CFR,CH0210483332,Consommation discrétionnaire,0.087,80 Md CHF,none
msciworld,173,Atlas Copco,ATCO A,SE0017486889,Industrie,0.086,780 Md SEK,none
msciworld,174,Zurich Insurance,ZURN,CH0011075394,Assurance,0.085,78 Md CHF,none
msciworld,175,Equinor,EQNR,NO0010096985,Énergie,0.085,70 Md€,none
msciworld,176,3M,MMM,US88579Y1010,Industrie,0.085,70 Md$,none
msciworld,177,Constellation Energy,CEG,US21037T1097,Services aux collectivités,0.085,70 Md$,none
msciworld,178,CVS Health,CVS,US1266501006,Santé,0.085,70 Md$,none
msciworld,179,Emerson Electric,EMR,US2910111044,Industrie,0.085,70 Md$,none
msciworld,180,Fortinet,FTNT,US34959E1091,Technologie,0.085,70 Md$,none
msciworld,181,Marvell Technology,MRVL,US5738741041,Technologie,0.085,70 Md$,none
msciworld,182,O'Reilly Automotive,ORLY,US67103H1077,Consommation discrétionnaire,0.085,70 Md$,none
msciworld,183,PayPal,PYPL,US70450Y1038,Finance,0.085,70 Md$,none
msciworld,184,GSK,GSK,GB00BN7SWP63,Santé,0.084,60 Md£,none
msciworld,185,Rio Tinto,RIO,GB0007188757,Matériaux,0.084,60 Md£,none
msciworld,186,Canadian Pacific Kansas City,CP,CA13646K1084,Industrie,0.084,100 Md,none
msciworld,187,Fast Retailing,9983,JP3802300008,Consommation discrétionnaire,0.083,14000 Md,none
msciworld,188,RELX,REN,GB00B2B0DG97,Communication,0.08,80 Md€,none
msciworld,189,Canadian National Railway,CNR,CA1363751027,Industrie,0.079,95 Md,none
msciworld,190,Bank of Nova Scotia,BNS,CA0641491075,Finance,0.079,95 Md,none
msciworld,191,Thomson Reuters,TRI,CA8849037095,Communication,0.079,95 Md,none
msciworld,192,CSX Corporation,CSX,US1264081035,Industrie,0.079,65 Md$,none
msciworld,193,Williams Companies,WMB,US9694571004,Énergie,0.079,65 Md$,none
msciworld,194,Enel,ENEL,IT0003128367,Services aux collectivités,0.078,72 Md€,none
msciworld,195,Intesa Sanpaolo,ISP,IT0000072618,Finance,0.078,72 Md€,none
msciworld,196,Diageo,DGE,GB0002374006,Consommation courante,0.077,55 Md£,none
msciworld,197,London Stock Exchange Group,LSEG,GB00B0SWJX34,Finance,0.077,55 Md£,none
msciworld,198,BAE Systems,BA,GB0002634946,Aéronautique,0.077,55 Md£,none
msciworld,199,Tokyo Electron,8035,JP3571400005,Technologie,0.077,13000 Md,none
msciworld,200,Recruit Holdings,6098,JP3970300004,Industrie,0.077,13000 Md,none
msciworld,201,Nippon Telegraph and Telephone,9432,JP3735400008,Télécommunications,0.077,13000 Md,none
msciworld,202,Porsche AG,P911,DE000PAG9113,Automobile,0.076,65 Md€,none
msciworld,203,Amrize AG,AMRIZ,CH1430134226,Non classé,0.075,—,none
msciworld,204,Constellation Software,CSU,CA21037X1006,Technologie,0.075,90 Md,none
msciworld,205,Canadian Natural Resources,CNQ,CA1363851017,Énergie,0.075,90 Md,none
msciworld,206,Munich Re,MUV2,DE0008430026,Assurance,0.074,64 Md€,none
msciworld,207,Ferrari,RACE,NL0011585146,Automobile,0.073,68 Md€,none
msciworld,208,Freeport-McMoRan,FCX,US35671D8570,Matériaux,0.073,60 Md$,none
msciworld,209,Kinder Morgan,KMI,US49456B1017,Énergie,0.073,60 Md$,none
msciworld,210,Newmont,NEM,US6516391066,Matériaux,0.073,60 Md$,none
msciworld,211,Merck KGaA,MRK,DE0006599905,Santé,0.072,62 Md€,none
msciworld,212,Nintendo,7974,JP3756600007,Communication,0.071,12000 Md,none
msciworld,213,Mitsubishi Corporation,8058,JP3898400001,Industrie,0.071,12000 Md,none
msciworld,214,BBVA,BBVA,ES0113211835,Finance,0.071,65 Md€,none
msciworld,215,ANZ Group,ANZ,AU000000ANZ3,Finance,0.069,90 Md,none
msciworld,216,Siemens Healthineers,SHL,DE000SHL1006,Santé,0.068,58 Md€,none
msciworld,217,National Grid,NG,GB00BDR05C01,Services aux collectivités,0.067,48 Md£,none
msciworld,218,Copart,CPRT,US2172041061,Industrie,0.067,55 Md$,none
msciworld,219,MetLife,MET,US59156R1086,Finance,0.067,55 Md$,none
msciworld,220,Paccar,PCAR,US6937181088,Industrie,0.067,55 Md$,none
msciworld,221,Roper Technologies,ROP,US7766961061,Technologie,0.067,55 Md$,none
msciworld,222,Sempra,SRE,US8168511090,Services aux collectivités,0.067,55 Md$,none
msciworld,223,Travelers Companies (The),TRV,US89417E1091,Finance,0.067,55 Md$,none
msciworld,224,Truist Financial,TFC,US89832Q1094,Finance,0.067,55 Md$,none
msciworld,225,UniCredit,UCG,IT0005239360,Finance,0.065,60 Md€,none
msciworld,226,Shin-Etsu Chemical,4063,JP3371200001,Matériaux,0.065,11000 Md,none
msciworld,227,KDDI,9433,JP3496400007,Télécommunications,0.065,11000 Md,none
msciworld,228,ITOCHU,8001,JP3143600009,Industrie,0.065,11000 Md,none
msciworld,229,Wesfarmers,WES,AU000000WES1,Consommation discrétionnaire,0.065,85 Md,none
msciworld,230,Monster Beverage,MNST,US61174X1090,Consommation courante,0.065,50 Md$,none
msciworld,231,Atlassian,TEAM,US0494681010,Technologie,0.065,50 Md$,none
msciworld,232,Barclays,BARC,GB0031348658,Finance,0.063,45 Md£,none
msciworld,233,Mercedes-Benz Group,MBG,DE0007100000,Automobile,0.063,54 Md€,none
msciworld,234,Canadian Imperial Bank of Commerce,CM,CA1360691010,Finance,0.063,75 Md,none
msciworld,235,Dassault Systèmes,DSY,FR0014003TT8,Technologie,0.062,44 Md€,none
msciworld,236,Volvo,VOLV B,SE0000115446,Industrie,0.062,560 Md SEK,none
msciworld,237,Macquarie Group,MQG,AU000000MQG1,Finance,0.061,80 Md,none
msciworld,238,Allstate,ALL,US0200021014,Finance,0.061,50 Md$,none
msciworld,239,American Electric Power,AEP,US0255371017,Services aux collectivités,0.061,50 Md$,none
msciworld,240,Charter Communications,CHTR,US16119P1084,Communication,0.061,50 Md$,none
msciworld,241,Marathon Petroleum,MPC,US56585A1025,Énergie,0.061,50 Md$,none
msciworld,242,Paychex,PAYX,US7043261079,Industrie,0.061,50 Md$,none
msciworld,243,Phillips 66,PSX,US7185461040,Énergie,0.061,50 Md$,none
msciworld,244,Ross Stores,ROST,US7782961038,Consommation discrétionnaire,0.061,50 Md$,none
msciworld,245,Mizuho Financial Group,8411,JP3885780001,Finance,0.059,10000 Md,none
msciworld,246,Mitsui & Co.,8031,JP3893600001,Industrie,0.059,10000 Md,none
msciworld,247,Tokio Marine Holdings,8766,JP3910660004,Assurance,0.059,10000 Md,none
msciworld,248,Lloyds Banking Group,LLOY,GB0008706128,Finance,0.059,42 Md£,none
msciworld,249,Compass Group,CPG,GB00BD6K4575,Consommation discrétionnaire,0.059,42 Md£,none
msciworld,250,Glencore,GLEN,JE00B4T3BW64,Matériaux,0.059,42 Md£,none
msciworld,251,Suncor Energy,SU,CA8672241079,Énergie,0.059,70 Md,none
msciworld,252,Manulife Financial,MFC,CA56501R1064,Assurance,0.059,70 Md,none
msciworld,253,BMW,BMW,DE0005190003,Automobile,0.058,50 Md€,none
msciworld,254,Axon Enterprise,AXON,US05464C1018,Industrie,0.058,45 Md$,none
msciworld,255,Thales,HO,FR0000121329,Aéronautique,0.056,36 Md€,none
msciworld,256,ING Groep,INGA,NL0011821202,Finance,0.056,52 Md€,none
msciworld,257,NatWest Group,NWG,GB00BM8PJY71,Finance,0.056,40 Md£,none
msciworld,258,Haleon,HLN,GB00BMX86B70,Santé,0.056,40 Md£,none
msciworld,259,Engie,ENGI,FR0010208488,Services aux collectivités,0.055,42 Md€,none
msciworld,260,Danone,BN,FR0000120644,Consommation courante,0.055,44 Md€,none
msciworld,261,DSV,DSV,DK0060079531,Industrie,0.055,45 Md€,none
msciworld,262,Flutter Entertainment,FLTR,IE00BWT6H894,Consommation discrétionnaire,0.055,45 Md€,none
msciworld,263,American International Group,AIG,US0268747849,Finance,0.055,45 Md$,none
msciworld,264,Diamondback Energy,FANG,US25278X1090,Énergie,0.055,45 Md$,none
msciworld,265,Fastenal,FAST,US3119001044,Industrie,0.055,45 Md$,none
msciworld,266,Keurig Dr Pepper,KDP,US49271V1008,Consommation courante,0.055,45 Md$,none
msciworld,267,Agnico Eagle Mines,AEM,CA0084741085,Matériaux,0.054,65 Md,none
msciworld,268,Alimentation Couche-Tard,ATD,CA01626P4033,Consommation courante,0.054,65 Md,none
msciworld,269,Daiichi Sankyo,4568,JP3475350009,Santé,0.054,9000 Md,none
msciworld,270,Advantest,6857,JP3122400009,Technologie,0.054,9000 Md,none
msciworld,271,Chugai Pharmaceutical,4519,JP3519400000,Santé,0.054,9000 Md,none
msciworld,272,Mitsubishi Heavy Industries,7011,JP3900000005,Aéronautique,0.054,9000 Md,none
msciworld,273,Crédit Agricole,ACA,FR0000045072,Finance,0.053,44 Md€,none
msciworld,274,Holcim,HOLN,CH0012214059,Matériaux,0.052,48 Md CHF,none
msciworld,275,DHL Group,DHL,DE0005552004,Industrie,0.052,45 Md€,none
msciworld,276,Volkswagen,VOW3,DE0007664039,Automobile,0.052,45 Md€,none
msciworld,277,Saint-Gobain,SGO,FR0000125007,Matériaux,0.052,40 Md€,none
msciworld,278,Infineon Technologies,IFX,DE0006231004,Technologie,0.051,44 Md€,none
msciworld,279,Electronic Arts,EA,US2855121099,Communication,0.051,40 Md$,none
msciworld,280,Deutsche Börse,DB1,DE0005810055,Finance,0.05,43 Md€,none
msciworld,281,Waste Connections,WCN,CA94106B1013,Industrie,0.05,60 Md,none
msciworld,282,Goodman Group,GMG,AU000000GMG2,Immobilier,0.05,65 Md,none
msciworld,283,ABN AMRO,ABNA,NL0011540547,Non classé,0.049,—,none
msciworld,284,ASR Nederland,ASRN,NL0011872643,Non classé,0.049,—,none
msciworld,285,Reckitt Benckiser,RKT,GB00B24CGK77,Consommation courante,0.049,35 Md£,none
msciworld,286,3i Group,III,GB00B1YW4409,Finance,0.049,35 Md£,none
msciworld,287,Eni,ENI,IT0003132476,Énergie,0.049,45 Md€,none
msciworld,288,Adyen,ADYEN,NL0012969182,Technologie,0.049,45 Md€,none
msciworld,289,Baker Hughes,BKR,US05722G1004,Énergie,0.049,40 Md$,none
msciworld,290,Cognizant,CTSH,US1924461023,Technologie,0.049,40 Md$,none
msciworld,291,Exelon,EXC,US30161N1019,Services aux collectivités,0.049,40 Md$,none
msciworld,292,GE HealthCare,GEHC,US36266G1076,Santé,0.049,40 Md$,none
msciworld,293,Old Dominion,ODFL,US6795801009,Industrie,0.049,40 Md$,none
msciworld,294,Prudential Financial,PRU,US7443201022,Finance,0.049,40 Md$,none
msciworld,295,Verisk Analytics,VRSK,US92345Y1064,Industrie,0.049,40 Md$,none
msciworld,296,Universal Music Group,UMG,NL0015000IY2,Communication,0.048,48 Md€,none
msciworld,297,Heineken,HEIA,NL0000009165,Consommation courante,0.048,44 Md€,none
msciworld,298,Société Générale,GLE,FR0000130809,Finance,0.047,32 Md€,none
msciworld,299,Honda Motor,7267,JP3854600008,Automobile,0.047,8000 Md,none
msciworld,300,Nordea Bank,NDA,FI4000297767,Finance,0.047,43 Md€,none
msciworld,301,BASF,BAS,DE000BASF111,Matériaux,0.047,40 Md€,none
msciworld,302,Adidas,ADS,DE000A1EWWW0,Consommation discrétionnaire,0.047,40 Md€,none
msciworld,303,CaixaBank,CABK,ES0140609019,Finance,0.046,45 Md€,none
msciworld,304,Lonza Group,LONN,CH0013841017,Santé,0.046,42 Md CHF,none
msciworld,305,TC Energy,TRP,CA87807B1076,Énergie,0.046,55 Md,none
msciworld,306,Loblaw Companies,L,CA5394811015,Consommation courante,0.046,55 Md,none
msciworld,307,Orange,ORA,FR0000133308,Télécommunications,0.046,32 Md€,none
msciworld,308,Assicurazioni Generali,G,IT0000062072,Assurance,0.046,42 Md€,none
msciworld,309,Anglo American,AAL,GB00B1XZS820,Matériaux,0.045,32 Md£,none
msciworld,310,Legrand,LR,FR0010307819,Industrie,0.044,28 Md€,none
msciworld,311,Capgemini,CAP,FR0000125338,Technologie,0.043,26 Md€,none
msciworld,312,Idexx Laboratories,IDXX,US45168D1046,Santé,0.042,35 Md$,none
msciworld,313,Kraft Heinz,KHC,US5007541064,Consommation courante,0.042,35 Md$,none
msciworld,314,Microchip Technology,MCHP,US5950171042,Technologie,0.042,35 Md$,none
msciworld,315,Xcel Energy,XEL,US98389B1008,Services aux collectivités,0.042,35 Md$,none
msciworld,316,CCL Industries Inc.,CCLI,CA1249002009,Non classé,0.042,—,none
msciworld,317,Celestica Inc.,CELES,CA15101Q1081,Non classé,0.042,—,none
msciworld,318,Dollarama Inc.,DOLLA,CA25675T1075,Non classé,0.042,—,none
msciworld,319,Fairfax Financial Holdings Limited,FAIRF,CA3039011026,Non classé,0.042,—,none
msciworld,320,Fortescue,FMG,AU000000FMG4,Matériaux,0.042,55 Md,none
msciworld,321,Sun Life Financial,SLF,CA8667961053,Assurance,0.042,50 Md,none
msciworld,322,Takeda Pharmaceutical,4502,JP3463000004,Santé,0.042,7000 Md,none
msciworld,323,Hoya,7741,JP3837800006,Santé,0.042,7000 Md,none
msciworld,324,Alcon,ALC,CH0432492467,Santé,0.041,38 Md CHF,none
msciworld,325,Swiss Re,SREN,CH0126881561,Assurance,0.041,38 Md CHF,none
msciworld,326,Publicis Groupe,PUB,FR0000130577,Communication,0.041,24 Md€,none
msciworld,327,Zscaler,ZS,US98980G1022,Technologie,0.041,30 Md$,none
msciworld,328,Michelin,ML,FR001400AJ45,Automobile,0.04,24 Md€,none
msciworld,329,Assa Abloy,ASSA B,SE0007100581,Industrie,0.04,360 Md SEK,none
msciworld,330,DNB Bank,DNB,NO0010161896,Finance,0.039,32 Md€,none
msciworld,331,Stellantis,STLAP,NL00150001Q9,Automobile,0.038,26 Md€,none
msciworld,332,Givaudan,GIVN,CH0010645932,Matériaux,0.038,35 Md CHF,none
msciworld,333,Woodside Energy,WDS,AU0000224040,Énergie,0.038,50 Md,none
msciworld,334,Barrick Mining,ABX,CA0679011084,Matériaux,0.038,45 Md,none
msciworld,335,National Bank of Canada,NA,CA6330671034,Finance,0.038,45 Md,none
msciworld,336,Intact Financial,IFC,CA45823T1066,Assurance,0.038,45 Md,none
msciworld,337,Great-West Lifeco,GWO,CA39138C1068,Assurance,0.038,45 Md,none
msciworld,338,Imperial Oil,IMO,CA4530384086,Énergie,0.038,45 Md,none
msciworld,339,Deutsche Bank,DBK,DE0005140008,Finance,0.037,32 Md€,none
msciworld,340,E.ON,EOAN,DE000ENAG999,Services aux collectivités,0.037,32 Md€,none
msciworld,341,Henkel,HEN3,DE0006048432,Consommation courante,0.037,32 Md€,none
msciworld,342,Beiersdorf,BEI,DE0005200000,Consommation courante,0.037,32 Md€,none
msciworld,343,Sika,SIKA,CH0418792922,Matériaux,0.037,34 Md CHF,none
msciworld,344,Veolia Environnement,VIE,FR0000124141,Services aux collectivités,0.037,24 Md€,none
msciworld,345,Telstra Group,TLS,AU0000XINAJ0,Télécommunications,0.037,48 Md,none
msciworld,346,Novonesis,NSIS B,DK0060336014,Matériaux,0.036,30 Md€,none
msciworld,347,A. O. Smith,AOS,US8318652091,Industrie,0.036,—,none
msciworld,348,AES Corporation,AES,US00130H1059,Services aux collectivités,0.036,—,none
msciworld,349,Aflac,AFL,US0010551028,Finance,0.036,—,none
msciworld,350,Agilent Technologies,A,US00846U1016,Santé,0.036,—,none
msciworld,351,Air Products,APD,US0091581068,Matériaux,0.036,—,none
msciworld,352,Airbnb,ABNB,US0090661010,Consommation discrétionnaire,0.036,—,none
msciworld,353,Akamai Technologies,AKAM,US00971T1016,Technologie,0.036,—,none
msciworld,354,Albemarle Corporation,ALB,US0126531013,Matériaux,0.036,—,none
msciworld,355,Alexandria Real Estate Equities,ARE,US0152711091,Immobilier,0.036,—,none
msciworld,356,Align Technology,ALGN,US0162551016,Santé,0.036,—,none
msciworld,357,Allegion,ALLE,IE00BFRT3W74,Industrie,0.036,—,none
msciworld,358,Alliant Energy,LNT,US0188021085,Services aux collectivités,0.036,—,none
msciworld,359,Amcor,AMCR,AU000000AMC4,Matériaux,0.036,—,none
msciworld,360,Ameren,AEE,US0236081024,Services aux collectivités,0.036,—,none
msciworld,361,American Tower,AMT,US03027X1000,Immobilier,0.036,—,none
msciworld,362,American Water Works,AWK,US0304201033,Services aux collectivités,0.036,—,none
msciworld,363,Ameriprise Financial,AMP,US03076C1062,Finance,0.036,—,none
msciworld,364,Ametek,AME,US0311001004,Industrie,0.036,—,none
msciworld,365,Amphenol,APH,US0320951017,Technologie,0.036,—,none
msciworld,366,APA Corporation,APA,US0374111054,Énergie,0.036,—,none
msciworld,367,Apollo Global Management,APO,US03768E1055,Finance,0.036,—,none
msciworld,368,AppLovin,APP,US03831W1080,Communication,0.036,—,none
msciworld,369,Aptiv,APTV,JE00B783TY65,Consommation discrétionnaire,0.036,—,none
msciworld,370,Arch Capital Group,ACGL,BMG0450A1053,Finance,0.036,—,none
msciworld,371,Archer Daniels Midland,ADM,US0394831020,Consommation courante,0.036,—,none
msciworld,372,Ares Management,ARES,US03990B1017,Finance,0.036,—,none
msciworld,373,Arthur J. Gallagher & Co.,AJG,US3635761097,Finance,0.036,—,none
msciworld,374,Assurant,AIZ,US04621X1081,Finance,0.036,—,none
msciworld,375,AT&T,T,US00206R1023,Communication,0.036,—,none
msciworld,376,Atmos Energy,ATO,US0495601058,Services aux collectivités,0.036,—,none
msciworld,377,Autodesk,ADSK,US0527691069,Technologie,0.036,—,none
msciworld,378,AutoZone,AZO,US0533321024,Consommation discrétionnaire,0.036,—,none
msciworld,379,Avery Dennison,AVY,US0536111091,Matériaux,0.036,—,none
msciworld,380,Axon Enterprise,AXON,US87651B1044,Industrie,0.036,—,none
msciworld,381,Ball Corporation,BALL,US0584981064,Matériaux,0.036,—,none
msciworld,382,Baxter International,BAX,US0718131099,Santé,0.036,—,none
msciworld,383,Becton Dickinson,BDX,US0758871091,Santé,0.036,—,none
msciworld,384,Best Buy,BBY,US0865161014,Consommation discrétionnaire,0.036,—,none
msciworld,385,Bio-Techne,TECH,US09073M1045,Santé,0.036,—,none
msciworld,386,Broadridge Financial Solutions,BR,US11133T1034,Industrie,0.036,—,none
msciworld,387,Brown & Brown,BRO,US1152361010,Finance,0.036,—,none
msciworld,388,Brown–Forman,BF.B,US1156371007,Consommation courante,0.036,—,none
msciworld,389,Builders FirstSource,BLDR,US12008R1077,Industrie,0.036,—,none
msciworld,390,Bunge Global,BG,BMG169621056,Consommation courante,0.036,—,none
msciworld,391,"BXP, Inc.",BXP,US1011211018,Immobilier,0.036,—,none
msciworld,392,C.H. Robinson,CHRW,US12541W2098,Industrie,0.036,—,none
msciworld,393,Camden Property Trust,CPT,US1331311027,Immobilier,0.036,—,none
msciworld,394,Capital One,COF,US14040H1059,Finance,0.036,—,none
msciworld,395,Cardinal Health,CAH,US14149Y1082,Santé,0.036,—,none
msciworld,396,Carnival Corporation,CCL,GB0031215220,Consommation discrétionnaire,0.036,—,none
msciworld,397,Carrier Global,CARR,US14448C1045,Industrie,0.036,—,none
msciworld,398,Carvana,CVNA,US1468691027,Consommation discrétionnaire,0.036,—,none
msciworld,399,Casey's,CASY,US1475281036,Consommation courante,0.036,—,none
msciworld,400,CBRE Group,CBRE,US12504L1098,Immobilier,0.036,—,none
msciworld,401,Cencora,COR,US03073E1055,Santé,0.036,—,none
msciworld,402,Centene Corporation,CNC,US15135B1017,Santé,0.036,—,none
msciworld,403,CenterPoint Energy,CNP,US15189T1079,Services aux collectivités,0.036,—,none
msciworld,404,CF Industries,CF,US1252691001,Matériaux,0.036,—,none
msciworld,405,Charles River Laboratories,CRL,US1598641074,Santé,0.036,—,none
msciworld,406,Chipotle Mexican Grill,CMG,US1696561059,Consommation discrétionnaire,0.036,—,none
msciworld,407,Church & Dwight,CHD,US1713401024,Consommation courante,0.036,—,none
msciworld,408,Ciena,CIEN,US1717793095,Technologie,0.036,—,none
msciworld,409,Cincinnati Financial,CINF,US1720621010,Finance,0.036,—,none
msciworld,410,Citizens Financial Group,CFG,US1746101054,Finance,0.036,—,none
msciworld,411,Clorox,CLX,US1890541097,Consommation courante,0.036,—,none
msciworld,412,CME Group,CME,US12572Q1058,Finance,0.036,—,none
msciworld,413,CMS Energy,CMS,US1258961002,Services aux collectivités,0.036,—,none
msciworld,414,Coherent Corp.,COHR,US1924791031,Technologie,0.036,—,none
msciworld,415,Coinbase,COIN,US19260Q1076,Finance,0.036,—,none
msciworld,416,Comfort Systems USA,FIX,US1999081045,Industrie,0.036,—,none
msciworld,417,Consolidated Edison,ED,US2091151041,Services aux collectivités,0.036,—,none
msciworld,418,Constellation Brands,STZ,US21036P1084,Consommation courante,0.036,—,none
msciworld,419,Cooper Companies (The),COO,US2166484020,Santé,0.036,—,none
msciworld,420,Corning Inc.,GLW,US2193501051,Technologie,0.036,—,none
msciworld,421,Corpay,CPAY,US3390411052,Finance,0.036,—,none
msciworld,422,Corteva,CTVA,US22052L1044,Matériaux,0.036,—,none
msciworld,423,CoStar Group,CSGP,US22160N1090,Immobilier,0.036,—,none
msciworld,424,CRH plc,CRH,IE0001827041,Matériaux,0.036,—,none
msciworld,425,CrowdStrike,CRWD,US22788C1053,Technologie,0.036,—,none
msciworld,426,Crown Castle,CCI,US22822V1017,Immobilier,0.036,—,none
msciworld,427,Cummins,CMI,US2310211063,Industrie,0.036,—,none
msciworld,428,Darden Restaurants,DRI,US2371941053,Consommation discrétionnaire,0.036,—,none
msciworld,429,Datadog,DDOG,US23804L1035,Technologie,0.036,—,none
msciworld,430,DaVita,DVA,US23918K1088,Santé,0.036,—,none
msciworld,431,Deckers Brands,DECK,US2435371073,Consommation discrétionnaire,0.036,—,none
msciworld,432,Dell Technologies,DELL,US24703L2025,Technologie,0.036,—,none
msciworld,433,Delta Air Lines,DAL,US2473617023,Industrie,0.036,—,none
msciworld,434,Devon Energy,DVN,US25179M1036,Énergie,0.036,—,none
msciworld,435,Digital Realty,DLR,US2538681030,Immobilier,0.036,—,none
msciworld,436,Dollar General,DG,US2566771059,Consommation courante,0.036,—,none
msciworld,437,Dollar Tree,DLTR,US2567461080,Consommation courante,0.036,—,none
msciworld,438,Dominion Energy,D,US25746U1097,Services aux collectivités,0.036,—,none
msciworld,439,DoorDash,DASH,US25809K1051,Consommation discrétionnaire,0.036,—,none
msciworld,440,Dover Corporation,DOV,US2600031080,Industrie,0.036,—,none
msciworld,441,Dow Inc.,DOW,US2605571031,Matériaux,0.036,—,none
msciworld,442,D. R. Horton,DHI,US23331A1097,Consommation discrétionnaire,0.036,—,none
msciworld,443,DuPont,DD,US2635341090,Industrie,0.036,—,none
msciworld,444,Ecolab,ECL,US2788651006,Matériaux,0.036,—,none
msciworld,445,Edison International,EIX,US2810201077,Services aux collectivités,0.036,—,none
msciworld,446,Edwards Lifesciences,EW,US28176E1082,Santé,0.036,—,none
msciworld,447,Emcor|| Industrials,EME,US29084Q1004,Non classé,0.036,—,none
msciworld,448,Entergy,ETR,US29364G1031,Services aux collectivités,0.036,—,none
msciworld,449,EOG Resources,EOG,US26875P1012,Énergie,0.036,—,none
msciworld,450,EQT Corporation,EQT,US26884L1098,Énergie,0.036,—,none
msciworld,451,Equifax,EFX,US2944291051,Industrie,0.036,—,none
msciworld,452,Equinix,EQIX,US29444U5020,Immobilier,0.036,—,none
msciworld,453,Essex Property Trust,ESS,US2971781057,Immobilier,0.036,—,none
msciworld,454,Estée Lauder Companies (The),EL,US5184391044,Consommation courante,0.036,—,none
msciworld,455,Everest Group,EG,BMG3223R1088,Finance,0.036,—,none
msciworld,456,Evergy,EVRG,US30034W1062,Services aux collectivités,0.036,—,none
msciworld,457,Eversource Energy,ES,US30040W1080,Services aux collectivités,0.036,—,none
msciworld,458,Expand Energy,EXE,US1651671075,Énergie,0.036,—,none
msciworld,459,Expedia Group,EXPE,US30212P3038,Consommation discrétionnaire,0.036,—,none
msciworld,460,Expeditors International,EXPD,US3021301094,Industrie,0.036,—,none
msciworld,461,Extra Space Storage,EXR,US30225T1025,Immobilier,0.036,—,none
msciworld,462,"F5, Inc.",FFIV,US3156161024,Technologie,0.036,—,none
msciworld,463,FactSet,FDS,US3030751057,Finance,0.036,—,none
msciworld,464,Fair Isaac,FICO,US3032501047,Technologie,0.036,—,none
msciworld,465,Federal Realty Investment Trust,FRT,US3137451015,Immobilier,0.036,—,none
msciworld,466,FedEx,FDX,US31428X1063,Industrie,0.036,—,none
msciworld,467,Ferguson Enterprises,FERG,JE00BFNWV485,Industrie,0.036,—,none
msciworld,468,Fidelity National Information Services,FIS,US31620M1062,Finance,0.036,—,none
msciworld,469,First Solar,FSLR,US3364331070,Technologie,0.036,—,none
msciworld,470,FirstEnergy,FE,US3379321074,Services aux collectivités,0.036,—,none
msciworld,471,Fiserv,FISV,US3377381088,Finance,0.036,—,none
msciworld,472,Flex Ltd.,FLEX,SG9999000020,Technologie,0.036,—,none
msciworld,473,Ford Motor Company,F,US3453708600,Consommation discrétionnaire,0.036,—,none
msciworld,474,Fortive,FTV,US34959J1088,Industrie,0.036,—,none
msciworld,475,Fox Corporation (Class A),FOXA,US35137L2043,Communication,0.036,—,none
msciworld,476,Franklin Resources,BEN,US3546131018,Finance,0.036,—,none
msciworld,477,Garmin,GRMN,CH0114405324,Consommation discrétionnaire,0.036,—,none
msciworld,478,Gartner,IT,US3666511072,Technologie,0.036,—,none
msciworld,479,GE Vernova,GEV,US36828A1016,Industrie,0.036,—,none
msciworld,480,Generac,GNRC,US3687361044,Industrie,0.036,—,none
msciworld,481,General Dynamics,GD,US3695501086,Industrie,0.036,—,none
msciworld,482,General Motors,GM,US37045V1008,Consommation discrétionnaire,0.036,—,none
msciworld,483,Genuine Parts Company,GPC,US3724601055,Consommation discrétionnaire,0.036,—,none
msciworld,484,Global Payments,GPN,US37940X1028,Finance,0.036,—,none
msciworld,485,Globe Life,GL,US37959E1029,Finance,0.036,—,none
msciworld,486,GoDaddy,GDDY,US3802371076,Technologie,0.036,—,none
msciworld,487,Halliburton,HAL,US4062161017,Énergie,0.036,—,none
msciworld,488,Hasbro,HAS,US4180561072,Consommation discrétionnaire,0.036,—,none
msciworld,489,HCA Healthcare,HCA,US40412C1018,Santé,0.036,—,none
msciworld,490,Healthpeak Properties,DOC,US42250P1030,Immobilier,0.036,—,none
msciworld,491,Henry Schein,HSIC,US8064071025,Santé,0.036,—,none
msciworld,492,Hershey Company (The),HSY,US4278661081,Consommation courante,0.036,—,none
msciworld,493,Hewlett Packard Enterprise,HPE,US42824C1099,Technologie,0.036,—,none
msciworld,494,Hilton Worldwide,HLT,US43300A2033,Consommation discrétionnaire,0.036,—,none
msciworld,495,Hormel Foods,HRL,US4404521001,Consommation courante,0.036,—,none
msciworld,496,Host Hotels & Resorts,HST,US44107P1049,Immobilier,0.036,—,none
msciworld,497,Howmet Aerospace,HWM,US4432011082,Industrie,0.036,—,none
msciworld,498,HP Inc.,HPQ,US4282361033,Technologie,0.036,—,none
msciworld,499,Hubbell Incorporated,HUBB,US4435106079,Industrie,0.036,—,none
msciworld,500,Humana,HUM,US4448591028,Santé,0.036,—,none
msciworld,501,Huntington Ingalls Industries,HII,US4464131063,Industrie,0.036,—,none
msciworld,502,IDEX Corporation,IEX,US45167R1041,Industrie,0.036,—,none
msciworld,503,Incyte,INCY,US45337C1027,Santé,0.036,—,none
msciworld,504,Ingersoll Rand,IR,US45687V1061,Industrie,0.036,—,none
msciworld,505,Interactive Brokers,IBKR,US45841N1072,Finance,0.036,—,none
msciworld,506,Intercontinental Exchange,ICE,US45866F1049,Finance,0.036,—,none
msciworld,507,International Flavors & Fragrances,IFF,US4595061015,Matériaux,0.036,—,none
msciworld,508,International Paper,IP,US4601461035,Matériaux,0.036,—,none
msciworld,509,Invesco,IVZ,BMG491BT1088,Finance,0.036,—,none
msciworld,510,Invitation Homes,INVH,US46187W1071,Immobilier,0.036,—,none
msciworld,511,IQVIA,IQV,US46266C1053,Santé,0.036,—,none
msciworld,512,Iron Mountain,IRM,US46284V1017,Immobilier,0.036,—,none
msciworld,513,J.B. Hunt,JBHT,US4456581077,Industrie,0.036,—,none
msciworld,514,Jabil,JBL,US4663131039,Technologie,0.036,—,none
msciworld,515,Jack Henry & Associates,JKHY,US4262811015,Finance,0.036,—,none
msciworld,516,Jacobs Solutions,J,US4698141078,Industrie,0.036,—,none
msciworld,517,Johnson Controls,JCI,IE00BY7QL619,Industrie,0.036,—,none
msciworld,518,Kenvue|| Consumer Staples,KVUE,US49177J1025,Non classé,0.036,—,none
msciworld,519,KeyCorp,KEY,US4932671088,Finance,0.036,—,none
msciworld,520,Keysight Technologies,KEYS,US49338L1035,Technologie,0.036,—,none
msciworld,521,Kimberly-Clark,KMB,US4943681035,Consommation courante,0.036,—,none
msciworld,522,Kimco Realty,KIM,US49446R1095,Immobilier,0.036,—,none
msciworld,523,KKR & Co.,KKR,US48248M1027,Finance,0.036,—,none
msciworld,524,Kroger,KR,US5010441013,Consommation courante,0.036,—,none
msciworld,525,L3Harris,LHX,US5024311095,Industrie,0.036,—,none
msciworld,526,Labcorp,LH,US50540R4092,Santé,0.036,—,none
msciworld,527,Las Vegas Sands,LVS,US5178341070,Consommation discrétionnaire,0.036,—,none
msciworld,528,Leidos,LDOS,US5253271028,Industrie,0.036,—,none
msciworld,529,Lennar,LEN,US5260571048,Consommation discrétionnaire,0.036,—,none
msciworld,530,Lennox International,LII,US5261071071,Industrie,0.036,—,none
msciworld,531,Live Nation Entertainment,LYV,US5380341090,Communication,0.036,—,none
msciworld,532,Loews Corporation,L,US5404241086,Finance,0.036,—,none
msciworld,533,Lululemon Athletica,LULU,US5500211090,Consommation discrétionnaire,0.036,—,none
msciworld,534,Lumentum,LITE,US55024U1097,Technologie,0.036,—,none
msciworld,535,LyondellBasell,LYB,NL0009434992,Matériaux,0.036,—,none
msciworld,536,M&T Bank,MTB,US55261F1049,Finance,0.036,—,none
msciworld,537,Marriott International,MAR,US5719032022,Consommation discrétionnaire,0.036,—,none
msciworld,538,Martin Marietta Materials,MLM,US5732841060,Matériaux,0.036,—,none
msciworld,539,Masco,MAS,US5745991068,Industrie,0.036,—,none
msciworld,540,McCormick & Company,MKC,US5797802064,Consommation courante,0.036,—,none
msciworld,541,McKesson Corporation,MCK,US58155Q1031,Santé,0.036,—,none
msciworld,542,Mettler Toledo,MTD,US5926881054,Santé,0.036,—,none
msciworld,543,MGM Resorts,MGM,US5529531015,Consommation discrétionnaire,0.036,—,none
msciworld,544,Mid-America Apartment Communities,MAA,US59522J1034,Immobilier,0.036,—,none
msciworld,545,Moderna,MRNA,US60770K1079,Santé,0.036,—,none
msciworld,546,Molson Coors Beverage Company,TAP,US60871R2094,Consommation courante,0.036,—,none
msciworld,547,Monolithic Power Systems,MPWR,US6098391054,Technologie,0.036,—,none
msciworld,548,Monster Beverage,MNST,US6117401017,Consommation courante,0.036,—,none
msciworld,549,Moody's Corporation,MCO,US6153691059,Finance,0.036,—,none
msciworld,550,Mosaic Company (The),MOS,US61945C1036,Matériaux,0.036,—,none
msciworld,551,Motorola Solutions,MSI,US6200763075,Technologie,0.036,—,none
msciworld,552,MSCI,MSCI,US55354G1004,Finance,0.036,—,none
msciworld,553,"Nasdaq, Inc.",NDAQ,US6311031081,Finance,0.036,—,none
msciworld,554,NetApp,NTAP,US64120L1044,Technologie,0.036,—,none
msciworld,555,News Corp (Class A),NWSA,US65249B2088,Communication,0.036,—,none
msciworld,556,NiSource,NI,US65473P1057,Services aux collectivités,0.036,—,none
msciworld,557,Nordson Corporation,NDSN,US6556631025,Industrie,0.036,—,none
msciworld,558,Norfolk Southern,NSC,US6558441084,Industrie,0.036,—,none
msciworld,559,Northern Trust,NTRS,US6658591044,Finance,0.036,—,none
msciworld,560,Northrop Grumman,NOC,US6668071029,Industrie,0.036,—,none
msciworld,561,Norwegian Cruise Line Holdings,NCLH,BMG667211046,Consommation discrétionnaire,0.036,—,none
msciworld,562,NRG Energy,NRG,US6293775085,Services aux collectivités,0.036,—,none
msciworld,563,Nucor,NUE,US6703461052,Matériaux,0.036,—,none
msciworld,564,"NVR, Inc.",NVR,US62944T1051,Consommation discrétionnaire,0.036,—,none
msciworld,565,NXP Semiconductors,NXPI,NL0009538784,Technologie,0.036,—,none
msciworld,566,Occidental Petroleum,OXY,US6745991058,Énergie,0.036,—,none
msciworld,567,Omnicom Group,OMC,US6819191064,Communication,0.036,—,none
msciworld,568,Oneok,OKE,US6826801036,Énergie,0.036,—,none
msciworld,569,Otis Worldwide,OTIS,US68902V1070,Industrie,0.036,—,none
msciworld,570,Packaging Corporation of America,PKG,US6951561090,Matériaux,0.036,—,none
msciworld,571,Paramount Skydance Corporation,PSKY,US69932A2042,Communication,0.036,—,none
msciworld,572,Parker Hannifin,PH,US7010941042,Industrie,0.036,—,none
msciworld,573,Pentair,PNR,IE00BLS09M33,Industrie,0.036,—,none
msciworld,574,PG&E Corporation,PCG,US69331C1080,Services aux collectivités,0.036,—,none
msciworld,575,Philip Morris International,PM,US7181721090,Consommation courante,0.036,—,none
msciworld,576,Pinnacle West Capital,PNW,US7234841010,Services aux collectivités,0.036,—,none
msciworld,577,PPG Industries,PPG,US6935061076,Matériaux,0.036,—,none
msciworld,578,PPL Corporation,PPL,US69351T1060,Services aux collectivités,0.036,—,none
msciworld,579,Prologis,PLD,US74340W1036,Immobilier,0.036,—,none
msciworld,580,Public Service Enterprise Group,PEG,US7445731067,Services aux collectivités,0.036,—,none
msciworld,581,PTC Inc.,PTC,US69370C1009,Technologie,0.036,—,none
msciworld,582,Public Storage,PSA,US74460D1090,Immobilier,0.036,—,none
msciworld,583,PulteGroup,PHM,US7458671010,Consommation discrétionnaire,0.036,—,none
msciworld,584,Quanta Services,PWR,US74762E1029,Industrie,0.036,—,none
msciworld,585,Ralph Lauren Corporation,RL,US7512121010,Consommation discrétionnaire,0.036,—,none
msciworld,586,Raymond James Financial,RJF,US7547301090,Finance,0.036,—,none
msciworld,587,Reddit,RDDT,US75734B1008,Communication,0.036,—,none
msciworld,588,Realty Income,O,US7561091049,Immobilier,0.036,—,none
msciworld,589,Regency Centers,REG,US7588491032,Immobilier,0.036,—,none
msciworld,590,Regions Financial Corporation,RF,US7591EP1005,Finance,0.036,—,none
msciworld,591,Republic Services,RSG,US7607591002,Industrie,0.036,—,none
msciworld,592,ResMed|,RMD,US7611521078,Santé,0.036,—,none
msciworld,593,Robinhood Markets,HOOD,US7707001027,Finance,0.036,—,none
msciworld,594,Rockwell Automation,ROK,US7739031091,Industrie,0.036,—,none
msciworld,595,"Rollins, Inc.",ROL,US7757111049,Industrie,0.036,—,none
msciworld,596,Royal Caribbean Group,RCL,LR0008862868,Consommation discrétionnaire,0.036,—,none
msciworld,597,S&P Global,SPGI,US78409V1044,Finance,0.036,—,none
msciworld,598,SBA Communications,SBAC,US78410G1040,Immobilier,0.036,—,none
msciworld,599,Seagate Technology,STX,IE00BKVD2N49,Technologie,0.036,—,none
msciworld,600,Simon Property Group,SPG,US8288068856,Immobilier,0.036,—,none
msciworld,601,Skyworks Solutions,SWKS,US83088M1027,Technologie,0.036,—,none
msciworld,602,J.M. Smucker Company (The),SJM,US8326964058,Consommation courante,0.036,—,none
msciworld,603,Smurfit Westrock,SW,IE00B1RR8406,Matériaux,0.036,—,none
msciworld,604,Snap-on,SNA,US8330341012,Industrie,0.036,—,none
msciworld,605,Solventum,SOLV,US83444M1018,Santé,0.036,—,none
msciworld,606,Southwest Airlines,LUV,US8447411088,Industrie,0.036,—,none
msciworld,607,Stanley Black & Decker,SWK,US8545021011,Industrie,0.036,—,none
msciworld,608,State Street Corporation,STT,US8574771031,Finance,0.036,—,none
msciworld,609,Steel Dynamics,STLD,US8581191009,Matériaux,0.036,—,none
msciworld,610,Steris,STE,US8591521005,Santé,0.036,—,none
msciworld,611,Supermicro,SMCI,US86800U1043,Technologie,0.036,—,none
msciworld,612,Synchrony Financial,SYF,US87165B1035,Finance,0.036,—,none
msciworld,613,Sysco,SYY,US8718291078,Consommation courante,0.036,—,none
msciworld,614,T. Rowe Price,TROW,US74144T1088,Finance,0.036,—,none
msciworld,615,"Tapestry, Inc.",TPR,US8760301072,Consommation discrétionnaire,0.036,—,none
msciworld,616,Targa Resources,TRGP,US87612G1013,Énergie,0.036,—,none
msciworld,617,Target Corporation,TGT,US87612E1064,Consommation courante,0.036,—,none
msciworld,618,TE Connectivity,TEL,CH0102993182,Technologie,0.036,—,none
msciworld,619,Teledyne Technologies,TDY,US8793601050,Technologie,0.036,—,none
msciworld,620,Teradyne,TER,US8807701029,Technologie,0.036,—,none
msciworld,621,Texas Pacific Land Corporation,TPL,US88262P1021,Énergie,0.036,—,none
msciworld,622,Textron,TXT,US8832031012,Industrie,0.036,—,none
msciworld,623,TJX Companies,TJX,US8725401090,Consommation discrétionnaire,0.036,—,none
msciworld,624,TKO Group Holdings,TKO,US87256C1018,Communication,0.036,—,none
msciworld,625,Trade Desk (The),TTD,US88339J1051,Communication,0.036,—,none
msciworld,626,Trane Technologies,TT,IE00BK9ZQ967,Industrie,0.036,—,none
msciworld,627,TransDigm Group,TDG,US8936411003,Industrie,0.036,—,none
msciworld,628,Trimble Inc.,TRMB,US896239AB68,Technologie,0.036,—,none
msciworld,629,Tyler Technologies,TYL,US9022521051,Technologie,0.036,—,none
msciworld,630,Tyson Foods,TSN,US9024941034,Consommation courante,0.036,—,none
msciworld,631,"UDR, Inc.",UDR,US9026531049,Immobilier,0.036,—,none
msciworld,632,Ulta Beauty,ULTA,US90384S3031,Consommation discrétionnaire,0.036,—,none
msciworld,633,United Airlines Holdings,UAL,US9100471096,Industrie,0.036,—,none
msciworld,634,United Parcel Service,UPS,US9113121068,Industrie,0.036,—,none
msciworld,635,United Rentals,URI,US9113631090,Industrie,0.036,—,none
msciworld,636,Universal Health Services,UHS,US9139031002,Santé,0.036,—,none
msciworld,637,Valero Energy,VLO,US91913Y1001,Énergie,0.036,—,none
msciworld,638,Veeva Systems,VEEV,US9224751084,Santé,0.036,—,none
msciworld,639,Ventas,VTR,US92276F1003,Immobilier,0.036,—,none
msciworld,640,Veralto,VLTO,US92338C1036,Industrie,0.036,—,none
msciworld,641,Verisign,VRSN,US92343E1029,Technologie,0.036,—,none
msciworld,642,Vertiv,VRT,US92537N1081,Industrie,0.036,—,none
msciworld,643,Viatris,VTRS,US92556V1061,Santé,0.036,—,none
msciworld,644,Vici Properties,VICI,US9256521090,Immobilier,0.036,—,none
msciworld,645,Vistra Corp.,VST,US92840M1027,Services aux collectivités,0.036,—,none
msciworld,646,Vivmark Residential,VMRK,US29476L1070,Immobilier,0.036,—,none
msciworld,647,Vulcan Materials Company,VMC,US9291601097,Matériaux,0.036,—,none
msciworld,648,W. R. Berkley Corporation,WRB,US0844231029,Finance,0.036,—,none
msciworld,649,W. W. Grainger,GWW,US3848021040,Industrie,0.036,—,none
msciworld,650,Wabtec,WAB,US9297401088,Industrie,0.036,—,none
msciworld,651,Waters Corporation,WAT,US9418481035,Santé,0.036,—,none
msciworld,652,WEC Energy Group,WEC,US92939U1060,Services aux collectivités,0.036,—,none
msciworld,653,Welltower,WELL,US95040Q1040,Immobilier,0.036,—,none
msciworld,654,West Pharmaceutical Services,WST,US9553061055,Santé,0.036,—,none
msciworld,655,Western Digital,WDC,US9581021055,Technologie,0.036,—,none
msciworld,656,Weyerhaeuser,WY,US9621661043,Immobilier,0.036,—,none
msciworld,657,"Williams-Sonoma, Inc.",WSM,US9699041011,Consommation discrétionnaire,0.036,—,none
msciworld,658,Willis Towers Watson,WTW,IE00BDB6Q211,Finance,0.036,—,none
msciworld,659,"Workday, Inc.",WDAY,US98138H1014,Technologie,0.036,—,none
msciworld,660,Wynn Resorts,WYNN,US9831341071,Consommation discrétionnaire,0.036,—,none
msciworld,661,Xylem Inc.,XYL,US98419M1009,Industrie,0.036,—,none
msciworld,662,Yum! Brands,YUM,US9884981013,Consommation discrétionnaire,0.036,—,none
msciworld,663,Zebra Technologies,ZBRA,US9892071054,Technologie,0.036,—,none
msciworld,664,Zimmer Biomet,ZBH,US98956P1021,Santé,0.036,—,none
msciworld,665,Dexcom,DXCM,US2521311074,Santé,0.036,30 Md$,none
msciworld,666,ON Semiconductor,ON,US6821891057,Technologie,0.036,30 Md$,none
msciworld,667,Take-Two Interactive,TTWO,US8740541094,Communication,0.036,30 Md$,none
msciworld,668,Tractor Supply,TSCO,US8923561067,Consommation discrétionnaire,0.036,30 Md$,none
msciworld,669,EQT,EQT,SE0012853455,Finance,0.036,330 Md SEK,none
msciworld,670,Skandinaviska Enskilda Banken,SEB A,SE0000148884,Finance,0.036,330 Md SEK,none
msciworld,671,Tesco,TSCO,GB0008847096,Consommation courante,0.036,26 Md£,none
msciworld,672,Standard Chartered,STAN,GB0004082847,Finance,0.036,26 Md£,none
msciworld,673,Kering,KER,FR0000121485,Consommation discrétionnaire,0.036,26 Md€,none
msciworld,674,Denso,6902,JP3551500006,Automobile,0.035,6000 Md,none
msciworld,675,Murata Manufacturing,6981,JP3914400001,Technologie,0.035,6000 Md,none
msciworld,676,Oriental Land,4661,JP3198900007,Consommation discrétionnaire,0.035,6000 Md,none
msciworld,677,Imperial Brands,IMB,GB0004544929,Consommation courante,0.035,25 Md£,none
msciworld,678,Siemens Energy,ENR,DE000ENER6Y0,Industrie,0.035,30 Md€,none
msciworld,679,Rio Tinto,RIO,AU000000RIO1,Matériaux,0.034,45 Md,none
msciworld,680,Addtech,ADDTE,SE0014781795,Non classé,0.034,—,none
msciworld,681,Industrivärden,INDUS,SE0000190126,Non classé,0.034,—,none
msciworld,682,Wolters Kluwer,WKL,NL0000395903,Communication,0.034,34 Md€,none
msciworld,683,Pernod Ricard,RI,FR0000120693,Consommation courante,0.034,24 Md€,none
msciworld,684,Global Foundries,GFS,KYG393871085,Technologie,0.034,25 Md$,none
msciworld,685,Zoom Communications,ZM,US98980L1017,Technologie,0.034,25 Md$,none
msciworld,686,Hannover Rück,HNR1,DE0008402215,Assurance,0.034,29 Md€,none
msciworld,687,Wheaton Precious Metals,WPM,CA9628791027,Matériaux,0.034,40 Md,none
msciworld,688,UCB,UCB,BE0003739530,Santé,0.033,36 Md€,none
msciworld,689,Partners Group,PGHN,CH0024608827,Finance,0.033,30 Md CHF,none
msciworld,690,Rheinmetall,RHM,DE0007030009,Aéronautique,0.033,28 Md€,none
msciworld,691,Leonardo,LDO,IT0003856405,Aéronautique,0.033,26 Md€,none
msciworld,692,Transurban Group,TCL,AU000000TCL6,Industrie,0.032,42 Md,none
msciworld,693,Kone,KNEBV,FI0009013403,Industrie,0.032,26 Md€,none
msciworld,694,Daimler Truck,DTG,DE000DTR0CK8,Automobile,0.031,27 Md€,none
msciworld,695,STMicroelectronics,STMPA,NL0000226223,Technologie,0.031,31 Md€,none
msciworld,696,Prudential,PRU,GB0007099541,Assurance,0.031,22 Md£,none
msciworld,697,Ashtead Group,AHT,GB0000536739,Industrie,0.031,22 Md£,none
msciworld,698,Telefonaktiebolaget LM Ericsson,ERIC B,SE0000108656,Technologie,0.031,280 Md SEK,none
msciworld,699,Hexagon,HEXA B,SE0015961909,Technologie,0.031,280 Md SEK,none
msciworld,700,Amadeus IT Group,AMS,ES0109067019,Technologie,0.031,30 Md€,none
msciworld,701,Ferrovial,FER,NL0015001FS8,Industrie,0.031,30 Md€,none
msciworld,702,Aena,AENA,ES0105046009,Industrie,0.031,30 Md€,none
msciworld,703,Aristocrat Leisure,ALL,AU000000ALL7,Consommation discrétionnaire,0.03,40 Md,none
msciworld,704,Biogen,BIIB,US09062X1037,Santé,0.03,25 Md$,none
msciworld,705,CDW Corporation,CDW,US12514G1085,Technologie,0.03,25 Md$,none
msciworld,706,Warner Bros. Discovery,WBD,US9344231041,Communication,0.03,25 Md$,none
msciworld,707,Bayer,BAYN,DE000BAY0017,Santé,0.03,26 Md€,none
msciworld,708,Ahold Delhaize,AD,NL0011794037,Consommation courante,0.03,30 Md€,none
msciworld,709,Fanuc,6954,JP3802400006,Industrie,0.03,5000 Md,none
msciworld,710,Daikin Industries,6367,JP3481800005,Industrie,0.03,5000 Md,none
msciworld,711,Seven & i Holdings,3382,JP3422950000,Consommation courante,0.03,5000 Md,none
msciworld,712,Canon,7751,JP3242800005,Technologie,0.03,5000 Md,none
msciworld,713,Marubeni,8002,JP3877600001,Industrie,0.03,5000 Md,none
msciworld,714,Sumitomo Corporation,8053,JP3404600003,Industrie,0.03,5000 Md,none
msciworld,715,MS&AD Insurance Group,8725,JP3890310000,Assurance,0.03,5000 Md,none
msciworld,716,Mitsubishi Electric,6503,JP3902400005,Industrie,0.03,5000 Md,none
msciworld,717,Japan Post Holdings,6178,JP3752900005,Assurance,0.03,5000 Md,none
msciworld,718,Sandvik,SAND,SE0000667891,Industrie,0.03,270 Md SEK,none
msciworld,719,Swisscom,SCMN,CH0008742519,Télécommunications,0.029,27 Md CHF,none
msciworld,720,Nutrien,NTR,CA67077M1086,Matériaux,0.029,35 Md,none
msciworld,721,Cameco,CCO,CA13321L1085,Énergie,0.029,35 Md,none
msciworld,722,Franco-Nevada,FNV,CA3518581051,Matériaux,0.029,35 Md,none
msciworld,723,George Weston,WN,CA9611485090,Consommation courante,0.029,35 Md,none
msciworld,724,Cenovus Energy,CVE,CA15135U1093,Énergie,0.029,35 Md,none
msciworld,725,Coloplast,COLO B,DK0060448595,Santé,0.029,24 Md€,none
msciworld,726,Ryanair Holdings,RYA,IE00BYTBXV33,Industrie,0.029,24 Md€,none
msciworld,727,Erste Group Bank,EBS,AT0000652011,Finance,0.029,24 Md€,none
msciworld,728,Schindler Holding,SCHP,CH0024638196,Industrie,0.029,24 Md€,none
msciworld,729,Woolworths Group,WOW,AU000000WOW2,Consommation courante,0.029,38 Md,none
msciworld,730,Swedbank,SWED A,SE0000242455,Finance,0.029,260 Md SEK,none
msciworld,731,SSE,SSE,GB0007908733,Services aux collectivités,0.028,20 Md£,none
msciworld,732,RWE,RWE,DE0007037129,Services aux collectivités,0.028,24 Md€,none
msciworld,733,Vonovia,VNA,DE000A1ML7J1,Immobilier,0.028,24 Md€,none
msciworld,734,KBC Group,KBC,BE0003565737,Finance,0.028,30 Md€,none
msciworld,735,MongoDB,MDB,US60937P1066,Technologie,0.027,20 Md$,none
msciworld,736,Fortis,FTS,CA3495531079,Services aux collectivités,0.027,32 Md,none
msciworld,737,Telus,T,CA87971M1032,Télécommunications,0.027,32 Md,none
msciworld,738,Danske Bank,DANSKE,DK0010274414,Finance,0.027,22 Md€,none
msciworld,739,Verbund,VER,AT0000746409,Services aux collectivités,0.027,22 Md€,none
msciworld,740,Dassault Aviation,AM,FR0000121725,Aéronautique,0.027,22 Md€,none
msciworld,741,ArcelorMittal,MT,LU1598757687,Matériaux,0.027,18 Md€,none
msciworld,742,Svenska Handelsbanken,SHB A,SE0007100599,Finance,0.026,240 Md SEK,none
msciworld,743,H & M Hennes & Mauritz,HM B,SE0000106270,Consommation discrétionnaire,0.026,240 Md SEK,none
msciworld,744,Epiroc,EPI A,SE0015658109,Industrie,0.026,240 Md SEK,none
msciworld,745,Telefónica,TEF,ES0178430E18,Télécommunications,0.026,25 Md€,none
msciworld,746,Endesa,ELE,ES0130670112,Services aux collectivités,0.026,25 Md€,none
msciworld,747,Vodafone Group,VOD,GB00BH4HKS39,Télécommunications,0.025,18 Md£,none
msciworld,748,Antofagasta,ANTO,GB0000456144,Matériaux,0.025,18 Md£,none
msciworld,749,Power Corporation of Canada,POW,CA7392391016,Finance,0.025,30 Md,none
msciworld,750,Hydro One,H,CA4488112083,Services aux collectivités,0.025,30 Md,none
msciworld,751,BCE,BCE,CA05534B7604,Télécommunications,0.025,30 Md,none
msciworld,752,CGI,GIB.A,CA12532H1047,Technologie,0.025,30 Md,none
msciworld,753,Restaurant Brands International,QSR,CA76131D1033,Consommation discrétionnaire,0.025,30 Md,none
msciworld,754,Pembina Pipeline,PPL,CA7063271034,Énergie,0.025,30 Md,none
msciworld,755,A.P. Moller-Maersk,MAERSK B,DK0010244508,Industrie,0.024,20 Md€,none
msciworld,756,Kongsberg Gruppen,KOG,NO0003043309,Aéronautique,0.024,20 Md€,none
msciworld,757,Sampo,SAMPO,FI4000552500,Assurance,0.024,20 Md€,none
msciworld,758,PKO Bank Polski,PKO,PLPKO0000016,Finance,0.024,20 Md€,none
msciworld,759,Sandoz Group,SDZ,CH1243598427,Santé,0.024,20 Md€,none
msciworld,760,Talanx,TLX,DE000TLX1005,Assurance,0.024,20 Md€,none
msciworld,761,DSM-Firmenich,DSFIR,CH1216478797,Matériaux,0.024,24 Md€,none
msciworld,762,ASM International,ASM,NL0000334118,Technologie,0.024,24 Md€,none
msciworld,763,Kühne + Nagel,KNIN,CH0025238863,Industrie,0.024,22 Md CHF,none
msciworld,764,Terumo,4543,JP3546800008,Santé,0.024,4000 Md,none
msciworld,765,Ajinomoto,2802,JP3119600009,Consommation courante,0.024,4000 Md,none
msciworld,766,Komatsu,6301,JP3304200003,Industrie,0.024,4000 Md,none
msciworld,767,Bridgestone,5108,JP3830800003,Automobile,0.024,4000 Md,none
msciworld,768,Panasonic Holdings,6752,JP3866800000,Consommation discrétionnaire,0.024,4000 Md,none
msciworld,769,Sompo Holdings,8630,JP3165650007,Assurance,0.024,4000 Md,none
msciworld,770,Disco,6146,JP3548600000,Technologie,0.024,4000 Md,none
msciworld,771,Dai-ichi Life Holdings,8750,JP3476480003,Assurance,0.024,4000 Md,none
msciworld,772,Otsuka Holdings,4578,JP3188220002,Santé,0.024,4000 Md,none
msciworld,773,Associated British Foods,ABF,GB0006731235,Consommation courante,0.024,17 Md£,none
msciworld,774,Cellnex Telecom,CLNX,ES0105066007,Télécommunications,0.024,23 Md€,none
msciworld,775,Naturgy Energy,NTGY,ES0116870314,Services aux collectivités,0.024,23 Md€,none
msciworld,776,Puig,PUIG,ES0105777017,Non classé,0.024,—,none
msciworld,777,Swiss Life,SLHN,CH0014852781,Assurance,0.023,21 Md CHF,none
msciworld,778,REA Group,REA,AU000000REA9,Communication,0.023,30 Md,none
msciworld,779,Avio,AVIO,IT0005119810,Non classé,0.022,—,none
msciworld,780,Fincantieri,FINCA,IT0005599938,Non classé,0.022,—,none
msciworld,781,Lottomatica Group,LOTTO,IT0005541336,Non classé,0.022,—,none
msciworld,782,Scottish Mortgage Investment Trust,SMT,GB00BLDYK618,Finance,0.022,16 Md£,none
msciworld,783,BT Group,BT.A,GB0030913577,Télécommunications,0.022,16 Md£,none
msciworld,784,Accor,AC,FR0000120404,Consommation discrétionnaire,0.022,11 Md€,none
msciworld,785,Exor,EXO,NL0012059018,Finance,0.022,22 Md€,none
msciworld,786,Koninklijke Philips,PHIA,NL0000009538,Santé,0.022,22 Md€,none
msciworld,787,Sartorius Stedim Biotech,DIM,FR0013154002,Santé,0.022,18 Md€,none
msciworld,788,Straumann Holding,STMN,CH1175448666,Santé,0.022,18 Md€,none
msciworld,789,Prysmian,PRY2,IT0004176001,Industrie,0.022,18 Md€,none
msciworld,790,Geberit,GEBN,CH0030170408,Industrie,0.022,20 Md CHF,none
msciworld,791,QBE Insurance Group,QBE,AU000000QBE9,Assurance,0.021,28 Md,none
msciworld,792,Poste Italiane,PST,IT0003796171,Assurance,0.021,17 Md€,none
msciworld,793,Tenaris,TEN,LU0156801721,Énergie,0.021,17 Md€,none
msciworld,794,Heidelberg Materials,HEI,DE0006047004,Matériaux,0.021,18 Md€,none
msciworld,795,Fresenius,FRE,DE0005785604,Santé,0.021,18 Md€,none
msciworld,796,Sartorius,SRT3,DE0007165631,Santé,0.021,18 Md€,none
msciworld,797,Commerzbank,CBK,DE000CBK1001,Finance,0.021,18 Md€,none
msciworld,798,Essity,ESSITY B,SE0009922164,Consommation courante,0.021,190 Md SEK,none
msciworld,799,Teck Resources,TECK.B,CA8787422044,Matériaux,0.021,25 Md,none
msciworld,800,Tourmaline Oil,TOU,CA89156V1067,Énergie,0.021,25 Md,none
msciworld,801,Carrefour,CA,FR0000120172,Consommation courante,0.021,9 Md€,none
msciworld,802,Carlsberg,CARL B,DK0010181759,Consommation courante,0.021,17 Md€,none
msciworld,803,SGS,SGSN,CH1256740924,Industrie,0.021,17 Md€,none
msciworld,804,Rivian Automotive,RIVN,US76954A1034,Automobile,0.02,15 Md$,none
msciworld,805,Terna,TRN,IT0003242622,Services aux collectivités,0.02,16 Md€,none
msciworld,806,Alfa Laval,ALFA,SE0000695876,Industrie,0.02,180 Md SEK,none
msciworld,807,Evolution,EVO,SE0012673267,Consommation discrétionnaire,0.02,180 Md SEK,none
msciworld,808,Coles Group,COL,AU0000030678,Consommation courante,0.02,26 Md,none
msciworld,809,Brambles,BXB,AU000000BXB1,Industrie,0.02,26 Md,none
msciworld,810,Aviva,AV,GB00BPQY8M80,Assurance,0.02,14 Md£,none
msciworld,811,Legal & General,LGEN,GB0005603997,Assurance,0.02,14 Md£,none
msciworld,812,InterContinental Hotels,IHG,GB00BHJYC057,Consommation discrétionnaire,0.02,14 Md£,none
msciworld,813,Genmab,GMAB,DK0010272202,Santé,0.019,16 Md€,none
msciworld,814,Telenor,TEL,NO0010063308,Télécommunications,0.019,16 Md€,none
msciworld,815,AIB Group,A5G,IE00BF0L3536,Finance,0.019,16 Md€,none
msciworld,816,Bolloré,BOL,FR0000039299,Communication,0.019,16 Md€,none
msciworld,817,Bouygues,EN,FR0000120503,Industrie,0.019,13 Md€,none
msciworld,818,Renault,RNO,FR0000131906,Automobile,0.019,13 Md€,none
msciworld,819,Snam,SRG,IT0003153415,Services aux collectivités,0.019,15 Md€,none
msciworld,820,Rogers Communications,RCI.B,CA7751092007,Télécommunications,0.018,22 Md,none
msciworld,821,Metro,MRU,CA59162N1096,Consommation courante,0.018,22 Md,none
msciworld,822,Suncorp Group,SUN,AU000000SUN6,Assurance,0.018,24 Md,none
msciworld,823,Kerry Group,KRZ,IE0004906560,Consommation courante,0.018,15 Md€,none
msciworld,824,Orlen,PKN,PLPKN0000018,Énergie,0.018,15 Md€,none
msciworld,825,EMS-Chemie,EMSN,CH0016440353,Matériaux,0.018,15 Md€,none
msciworld,826,Kubota,6326,JP3266400005,Industrie,0.018,3000 Md,none
msciworld,827,Nippon Steel,5401,JP3381000003,Matériaux,0.018,3000 Md,none
msciworld,828,Nomura Holdings,8604,JP3762600009,Finance,0.018,3000 Md,none
msciworld,829,Olympus,7733,JP3201200007,Santé,0.018,3000 Md,none
msciworld,830,Astellas Pharma,4503,JP3942400007,Santé,0.018,3000 Md,none
msciworld,831,Kao,4452,JP3205800000,Consommation courante,0.018,3000 Md,none
msciworld,832,Asahi Group Holdings,2502,JP3116000005,Consommation courante,0.018,3000 Md,none
msciworld,833,Suzuki Motor,7269,JP3397200001,Automobile,0.018,3000 Md,none
msciworld,834,Daiwa House Industry,1925,JP3505000004,Consommation discrétionnaire,0.018,3000 Md,none
msciworld,835,TDK,6762,JP3538800008,Technologie,0.018,3000 Md,none
msciworld,836,Kyocera,6971,JP3249600002,Technologie,0.018,3000 Md,none
msciworld,837,Renesas Electronics,6723,JP3164720009,Technologie,0.018,3000 Md,none
msciworld,838,Central Japan Railway,9022,JP3566800003,Industrie,0.018,3000 Md,none
msciworld,839,East Japan Railway,9020,JP3783600004,Industrie,0.018,3000 Md,none
msciworld,840,Resona Holdings,8308,JP3500610005,Finance,0.018,3000 Md,none
msciworld,841,Sumitomo Mitsui Trust Group,8309,JP3892100003,Finance,0.018,3000 Md,none
msciworld,842,Bandai Namco,7832,JP3778630008,Communication,0.018,3000 Md,none
msciworld,843,Bureau Veritas,BVI,FR0006174348,Industrie,0.018,13 Md€,none
msciworld,844,Symrise,SY1,DE000SYM9999,Matériaux,0.017,15 Md€,none
msciworld,845,MTU Aero Engines,MTX,DE000A0D9PT0,Aéronautique,0.017,15 Md€,none
msciworld,846,Sonova,SOON,CH0012549785,Santé,0.017,16 Md CHF,none
msciworld,847,Vestas Wind Systems,VWS,DK0061539921,Industrie,0.017,14 Md€,none
msciworld,848,Aker BP,AKRBP,NO0010345853,Énergie,0.017,14 Md€,none
msciworld,849,Galp Energia,GALP,PTGAL0AM0009,Énergie,0.017,14 Md€,none
msciworld,850,Sage Group,SGE,GB00B8C3BL03,Technologie,0.017,12 Md£,none
msciworld,851,Halma,HLMA,GB0004052071,Technologie,0.017,12 Md£,none
msciworld,852,Next,NXT,GB0032089863,Consommation discrétionnaire,0.017,12 Md£,none
msciworld,853,Coca-Cola HBC,CCH,CH0198251305,Consommation courante,0.017,12 Md£,none
msciworld,854,Wise,WISE,GB00BL9YR756,Finance,0.017,12 Md£,none
msciworld,855,Santos,STO,AU000000STO6,Énergie,0.017,22 Md,none
msciworld,856,Northern Star Resources,NST,AU000000NST8,Matériaux,0.017,22 Md,none
msciworld,857,Kinross Gold,K,CA4969024047,Matériaux,0.017,20 Md,none
msciworld,858,Lifco,LIFCO B,SE0006370730,Industrie,0.016,150 Md SEK,none
msciworld,859,Repsol,REP,ES0173516115,Énergie,0.016,16 Md€,none
msciworld,860,Unibail-Rodamco-Westfield,URW,FR0013326246,Immobilier,0.016,11 Md€,none
msciworld,861,Moncler,MONC,IT0004965148,Consommation discrétionnaire,0.016,13 Md€,none
msciworld,862,Mediobanca,MB,IT0000062957,Finance,0.016,13 Md€,none
msciworld,863,Banco BPM,BAMI,IT0005218380,Finance,0.016,13 Md€,none
msciworld,864,Ørsted,ORSTED,DK0060094928,Services aux collectivités,0.016,13 Md€,none
msciworld,865,Tryg,TRYG,DK0060636678,Assurance,0.016,13 Md€,none
msciworld,866,UPM-Kymmene,UPM,FI0009005987,Matériaux,0.016,13 Md€,none
msciworld,867,Fortum,FORTUM,FI0009007132,Services aux collectivités,0.016,13 Md€,none
msciworld,868,Kingspan Group,KRX,IE0004927939,Matériaux,0.016,13 Md€,none
msciworld,869,EDP,EDP,PTEDP0AM0009,Services aux collectivités,0.016,13 Md€,none
msciworld,870,Amundi,AMUN,FR0004125920,Finance,0.016,13 Md€,none
msciworld,871,Biomérieux,BIM,FR0013280286,Santé,0.016,13 Md€,none
msciworld,872,Euronext,ENX,NL0006294274,Finance,0.016,13 Md€,none
msciworld,873,Knorr-Bremse,KBX,DE000KBX1006,Industrie,0.016,13 Md€,none
msciworld,874,Informa,INF,GB00BMJ6DW54,Communication,0.015,11 Md£,none
msciworld,875,International Consolidated Airlines,IAG,ES0177542018,Industrie,0.015,15 Md€,none
msciworld,876,Origin Energy,ORG,AU000000ORG5,Services aux collectivités,0.015,20 Md,none
msciworld,877,Cochlear,COH,AU000000COH5,Santé,0.015,20 Md,none
msciworld,878,Computershare,CPU,AU000000CPU5,Industrie,0.015,20 Md,none
msciworld,879,Koninklijke KPN,KPN,NL0000009082,Télécommunications,0.015,15 Md€,none
msciworld,880,Porsche Automobil Holding,PAH3,DE000PAH0038,Automobile,0.015,13 Md€,none
msciworld,881,Shionogi,4507,JP3347200002,Santé,0.015,2500 Md,none
msciworld,882,Eurofins Scientific,ERF,FR0014000MR3,Santé,0.015,10 Md€,none
msciworld,883,Pandora,PNDORA,DK0060252690,Consommation discrétionnaire,0.015,12 Md€,none
msciworld,884,Norsk Hydro,NHY,NO0005052605,Matériaux,0.015,12 Md€,none
msciworld,885,Wärtsilä,WRT1V,FI0009003727,Industrie,0.015,12 Md€,none
msciworld,886,Bank of Ireland,BIRG,IE00BD1RP616,Finance,0.015,12 Md€,none
msciworld,887,OMV,OMV,AT0000743059,Énergie,0.015,12 Md€,none
msciworld,888,Jerónimo Martins,JMT,PTJMT0AE0001,Consommation courante,0.015,12 Md€,none
msciworld,889,Bank Pekao,PEO,PLPEKAO00016,Finance,0.015,12 Md€,none
msciworld,890,Julius Bär Gruppe,BAER,CH0102484968,Finance,0.015,12 Md€,none
msciworld,891,VAT Group,VACN,CH0311864901,Technologie,0.015,12 Md€,none
msciworld,892,Nemetschek,NEM,DE0006452907,Technologie,0.015,12 Md€,none
msciworld,893,Banco Sabadell,SAB,ES0113860A34,Finance,0.014,14 Md€,none
msciworld,894,Telia Company,TELIA,SE0000667925,Télécommunications,0.014,130 Md SEK,none
msciworld,895,Fresenius Medical Care,FME,DE0005785802,Santé,0.014,12 Md€,none
msciworld,896,Continental,CON,DE0005439004,Automobile,0.014,12 Md€,none
msciworld,897,Segro,SGRO,GB00B5ZN1N88,Immobilier,0.014,10 Md£,none
msciworld,898,Bunzl,BNZL,GB00B0744B38,Industrie,0.014,10 Md£,none
msciworld,899,Admiral Group,ADM,GB00B02J6398,Assurance,0.014,10 Md£,none
msciworld,900,Azelis Group,AZELI,BE0974400328,Non classé,0.014,—,none
msciworld,901,Scentre Group,SCG,AU000000SCG8,Immobilier,0.014,18 Md,none
msciworld,902,James Hardie Industries,JHX,AU000000JHX1,Matériaux,0.014,18 Md,none
msciworld,903,Insurance Australia Group,IAG,AU000000IAG3,Assurance,0.014,18 Md,none
msciworld,904,Recordati,REC,IT0003828271,Santé,0.014,11 Md€,none
msciworld,905,FinecoBank,FBK,IT0000072170,Finance,0.014,11 Md€,none
msciworld,906,Edenred,EDEN,FR0010908533,Technologie,0.013,7 Md€,none
msciworld,907,ACS,ACS,ES0167050915,Industrie,0.013,13 Md€,none
msciworld,908,EDP Renováveis,EDPR,ES0127797019,Services aux collectivités,0.013,11 Md€,none
msciworld,909,Emera,EMA,CA2908761018,Services aux collectivités,0.013,16 Md,none
msciworld,910,NN Group,NN,NL0010773842,Assurance,0.013,13 Md€,none
msciworld,911,Smith & Nephew,SN,GB0009223206,Santé,0.013,9 Md£,none
msciworld,912,Rentokil Initial,RTO,GB00B082RF11,Industrie,0.013,9 Md£,none
msciworld,913,Marks & Spencer,MKS,GB0031274896,Consommation discrétionnaire,0.013,9 Md£,none
msciworld,914,Pershing Square Holdings,PSH,GG00BPFJTF46,Finance,0.013,9 Md£,none
msciworld,915,Infrastrutture Wireless Italiane,INW,IT0005090300,Télécommunications,0.013,10 Md€,none
msciworld,916,Unipol,UNI,IT0004810054,Assurance,0.013,10 Md€,none
msciworld,917,First Quantum Minerals,FM,CA3359341052,Matériaux,0.012,15 Md,none
msciworld,918,Ivanhoe Mines,IVN,CA46579R1047,Matériaux,0.012,15 Md,none
msciworld,919,ARC Resources,ARX,CA00208D4084,Énergie,0.012,15 Md,none
msciworld,920,South32,S32,AU000000S320,Matériaux,0.012,16 Md,none
msciworld,921,PZU,PZU,PLPZU0000011,Assurance,0.012,10 Md€,none
msciworld,922,Santander Bank Polska,SPL,PLBZ00000044,Finance,0.012,10 Md€,none
msciworld,923,Eiffage,FGR,FR0000130452,Industrie,0.012,10 Md€,none
msciworld,924,Svenska Cellulosa SCA,SCA B,SE0000112724,Matériaux,0.012,110 Md SEK,none
msciworld,925,Boliden,BOL,SE0017768716,Matériaux,0.012,110 Md SEK,none
msciworld,926,Daiwa Securities Group,8601,JP3502200003,Finance,0.012,2000 Md,none
msciworld,927,Eisai,4523,JP3160400002,Santé,0.012,2000 Md,none
msciworld,928,Kirin Holdings,2503,JP3258000003,Consommation courante,0.012,2000 Md,none
msciworld,929,Subaru,7270,JP3814800003,Automobile,0.012,2000 Md,none
msciworld,930,Sekisui House,1928,JP3420600003,Consommation discrétionnaire,0.012,2000 Md,none
msciworld,931,Nitto Denko,6988,JP3684000007,Matériaux,0.012,2000 Md,none
msciworld,932,Nippon Yusen,9101,JP3753000003,Industrie,0.012,2000 Md,none
msciworld,933,Secom,9735,JP3421800008,Industrie,0.012,2000 Md,none
msciworld,934,Rakuten Group,4755,JP3967200001,Consommation discrétionnaire,0.012,2000 Md,none
msciworld,935,Z Holdings / LY Corporation,4689,JP3933800009,Communication,0.012,2000 Md,none
msciworld,936,Konami Group,9766,JP3300200007,Communication,0.012,2000 Md,none
msciworld,937,Unicharm,8113,JP3951600000,Consommation courante,0.012,2000 Md,none
msciworld,938,Nitori Holdings,9843,JP3756100008,Consommation discrétionnaire,0.012,2000 Md,none
msciworld,939,Shimano,7309,JP3358000002,Consommation discrétionnaire,0.012,2000 Md,none
msciworld,940,IHI,7013,JP3134800006,Aéronautique,0.012,2000 Md,none
msciworld,941,Magna International,MG,CA5592224011,Automobile,0.012,14 Md,none
msciworld,942,Stantec,STN,CA85472N1096,Industrie,0.012,14 Md,none
msciworld,943,Brenntag,BNR,DE000A1DAHH0,Matériaux,0.012,10 Md€,none
msciworld,944,BPER Banca,BPE,IT0000066123,Finance,0.011,9 Md€,none
msciworld,945,Banca Mediolanum,BMED,IT0004776628,Finance,0.011,9 Md€,none
msciworld,946,SKF,SKF B,SE0000108227,Industrie,0.011,100 Md SEK,none
msciworld,947,Intertek Group,ITRK,GB0031638363,Industrie,0.011,8 Md£,none
msciworld,948,Melrose Industries,MRO,GB00BNGDN821,Aéronautique,0.011,8 Md£,none
msciworld,949,Airtel Africa,AAF,GB00BKDRYJ47,Télécommunications,0.011,8 Md£,none
msciworld,950,Mowi,MOWI,NO0003054108,Consommation courante,0.011,9 Md€,none
msciworld,951,Orkla,ORK,NO0003733800,Consommation courante,0.011,9 Md€,none
msciworld,952,Gjensidige Forsikring,GJF,NO0010582521,Assurance,0.011,9 Md€,none
msciworld,953,Getlink,GET,FR0010533075,Industrie,0.011,9 Md€,none
msciworld,954,Ipsen,IPN,FR0010259150,Santé,0.011,9 Md€,none
msciworld,955,Klépierre,LI,FR0000121964,Immobilier,0.011,9 Md€,none
msciworld,956,Sodexo,SW,FR0000121220,Consommation discrétionnaire,0.011,9 Md€,none
msciworld,957,Evonik Industries,EVK,DE000EVNK013,Matériaux,0.011,9 Md€,none
msciworld,958,GEA Group,G1A,DE0006602006,Industrie,0.011,9 Md€,none
msciworld,959,Rational,RAA,DE0007010803,Industrie,0.011,9 Md€,none
msciworld,960,Hensoldt,HAG,DE000HAG0005,Aéronautique,0.011,9 Md€,none
msciworld,961,Qiagen,QIA,NL0012169213,Santé,0.01,9 Md€,none
msciworld,962,Akzo Nobel,AKZA,NL0013267909,Matériaux,0.01,10 Md€,none
msciworld,963,BE Semiconductor,BESI,NL0012866412,Technologie,0.01,10 Md€,none
msciworld,964,Aegon,AGN,NL0000303709,Assurance,0.01,10 Md€,none
msciworld,965,CAE,CAE,CA1247651088,Aéronautique,0.01,12 Md,none
msciworld,966,Skanska,SKA B,SE0000113250,Industrie,0.01,90 Md SEK,none
msciworld,967,Nibe Industrier,NIBE B,SE0008321293,Industrie,0.01,90 Md SEK,none
msciworld,968,Autoliv,ALIV SDB,SE0000382335,Automobile,0.01,90 Md SEK,none
msciworld,969,Banca Monte dei Paschi di Siena,BMPS,IT0005508921,Finance,0.01,8 Md€,none
msciworld,970,Pearson,PSON,GB0006776081,Communication,0.01,7 Md£,none
msciworld,971,WPP,WPP,JE00B8KF9B49,Communication,0.01,7 Md£,none
msciworld,972,Auto Trader Group,AUTO,GB00BVYVFW23,Communication,0.01,7 Md£,none
msciworld,973,Fresnillo,FRES,GB00B2QPKJ12,Matériaux,0.01,7 Md£,none
msciworld,974,Severn Trent,SVT,GB00B1FH8J72,Services aux collectivités,0.01,7 Md£,none
msciworld,975,United Utilities,UU,GB00BYQ0HV16,Services aux collectivités,0.01,7 Md£,none
msciworld,976,Centrica,CNA,GB00B033F229,Services aux collectivités,0.01,7 Md£,none
msciworld,977,Smiths Group,SMIN,GB00B1WY2338,Industrie,0.01,7 Md£,none
msciworld,978,Mondi,MNDI,GB00BMWC6P49,Matériaux,0.01,7 Md£,none
msciworld,979,Diploma,DPLM,GB0001826634,Industrie,0.01,7 Md£,none
msciworld,980,Yara International,YAR,NO0010208051,Matériaux,0.01,8 Md€,none
msciworld,981,Neste,NESTE,FI0009013296,Énergie,0.01,8 Md€,none
msciworld,982,Metso,METSO,FI0009007835,Industrie,0.01,8 Md€,none
msciworld,983,Kesko,KESKOB,FI0009000202,Consommation courante,0.01,8 Md€,none
msciworld,984,Dino Polska,DNP,PLDINPL00011,Consommation courante,0.01,8 Md€,none
msciworld,985,Swatch Group,UHR,CH0012255151,Consommation discrétionnaire,0.01,8 Md€,none
msciworld,986,Baloise Holding,BALN,CH0012410517,Assurance,0.01,8 Md€,none
msciworld,987,Swiss Prime Site,SPSN,CH0008038389,Immobilier,0.01,8 Md€,none
msciworld,988,Lufthansa,LHA,DE0008232125,Industrie,0.01,8 Md€,none
msciworld,989,Scout24,G24,DE000A12DM80,Communication,0.01,8 Md€,none
msciworld,990,Zalando,ZAL,DE000ZAL1111,Consommation discrétionnaire,0.009,8 Md€,none
msciworld,991,Redeia,RED,ES0173093024,Services aux collectivités,0.009,9 Md€,none
msciworld,992,Ageas,AGS,BE0974264930,Assurance,0.009,10 Md€,none
msciworld,993,Groupe Bruxelles Lambert,GBLB,BE0003797140,Finance,0.009,10 Md€,none
msciworld,994,Stockland,SGP,AU000000SGP0,Immobilier,0.009,12 Md,none
msciworld,995,JDE Peet’s,JDEP,NL0014332678,Consommation courante,0.009,9 Md€,none
msciworld,996,Nissan Motor,7201,JP3672400003,Automobile,0.009,1500 Md,none
msciworld,997,Isuzu Motors,7202,JP3137200006,Automobile,0.009,1500 Md,none
msciworld,998,Yamaha Motor,7272,JP3942800008,Automobile,0.009,1500 Md,none
msciworld,999,Obayashi,1802,JP3190000004,Industrie,0.009,1500 Md,none
msciworld,1000,Kajima,1812,JP3210200006,Industrie,0.009,1500 Md,none
msciworld,1001,Taisei,1801,JP3443600006,Industrie,0.009,1500 Md,none
msciworld,1002,Asahi Kasei,3407,JP3111200006,Matériaux,0.009,1500 Md,none
msciworld,1003,Toray Industries,3402,JP3621000003,Matériaux,0.009,1500 Md,none
msciworld,1004,Nidec,6594,JP3734800000,Industrie,0.009,1500 Md,none
msciworld,1005,West Japan Railway,9021,JP3659000008,Industrie,0.009,1500 Md,none
msciworld,1006,Mitsui O.S.K. Lines,9104,JP3362700001,Industrie,0.009,1500 Md,none
msciworld,1007,Tokyo Gas,9531,JP3573000001,Services aux collectivités,0.009,1500 Md,none
msciworld,1008,Kansai Electric Power,9503,JP3228600007,Services aux collectivités,0.009,1500 Md,none
msciworld,1009,Nexon,3659,JP3758190007,Communication,0.009,1500 Md,none
msciworld,1010,Capcom,9697,JP3224200000,Communication,0.009,1500 Md,none
msciworld,1011,Suntory Beverage,2587,JP3336560002,Consommation courante,0.009,1500 Md,none
msciworld,1012,Sysmex,6869,JP3351100007,Santé,0.009,1500 Md,none
msciworld,1013,Ono Pharmaceutical,4528,JP3197600004,Santé,0.009,1500 Md,none
msciworld,1014,Tele2,TELE2 B,SE0005190238,Télécommunications,0.009,80 Md SEK,none
msciworld,1015,Davide Campari-Milano,CPR,NL0015435975,Consommation courante,0.009,7 Md€,none
msciworld,1016,Telecom Italia,TIT,IT0003497168,Télécommunications,0.009,7 Md€,none
msciworld,1017,A2A,A2A,IT0001233417,Services aux collectivités,0.009,7 Md€,none
msciworld,1018,Buzzi,BZU,IT0001347308,Matériaux,0.009,7 Md€,none
msciworld,1019,J Sainsbury,SBRY,GB00B019KW72,Consommation courante,0.009,6 Md£,none
msciworld,1020,Phoenix Group,PHNX,GB00BGXQNP29,Assurance,0.009,6 Md£,none
msciworld,1021,Weir Group,WEIR,GB0009465807,Industrie,0.009,6 Md£,none
msciworld,1022,Barratt Redrow,BTRW,GB0000811801,Consommation discrétionnaire,0.009,6 Md£,none
msciworld,1023,Entain,ENT,IM00B5VQMV65,Consommation discrétionnaire,0.009,6 Md£,none
msciworld,1024,Beazley,BEZ,GB00BYQ0JC66,Assurance,0.009,6 Md£,none
msciworld,1025,Games Workshop,GAW,GB0003718474,Consommation discrétionnaire,0.009,6 Md£,none
msciworld,1026,Endeavour Mining,EDV,GB00BL6K5J42,Matériaux,0.009,6 Md£,none
msciworld,1027,Intermediate Capital Group,ICG,GB00BYT1DJ19,Finance,0.009,6 Md£,none
msciworld,1028,Demant,DEMANT,DK0060738599,Santé,0.008,7 Md€,none
msciworld,1029,Stora Enso,STERV,FI0009005961,Matériaux,0.008,7 Md€,none
msciworld,1030,Elisa,ELISA,FI0009007884,Télécommunications,0.008,7 Md€,none
msciworld,1031,Orion,ORNBV,FI0009014377,Santé,0.008,7 Md€,none
msciworld,1032,Raiffeisen Bank International,RBI,AT0000606306,Finance,0.008,7 Md€,none
msciworld,1033,LPP,LPP,PLLPP0000011,Consommation discrétionnaire,0.008,7 Md€,none
msciworld,1034,Allegro.eu,ALE,LU2237380790,Consommation discrétionnaire,0.008,7 Md€,none
msciworld,1035,Gecina,GFC,FR0010040865,Immobilier,0.008,7 Md€,none
msciworld,1036,Rexel,RXL,FR0010451203,Industrie,0.008,7 Md€,none
msciworld,1037,SPIE,SPIE,FR0012757854,Industrie,0.008,7 Md€,none
msciworld,1038,InPost,INPST,LU2290522684,Industrie,0.008,7 Md€,none
msciworld,1039,Helvetia Holding,HELN,CH0466642201,Assurance,0.008,7 Md€,none
msciworld,1040,Smith (DS),SMDS,GB0008220112,Matériaux,0.008,7 Md€,none
msciworld,1041,Descartes Systems,DSG,CA2499061083,Technologie,0.008,10 Md,none
msciworld,1042,Saputo,SAP,CA8029121057,Consommation courante,0.008,10 Md,none
msciworld,1043,TFI International,TFII,CA87241L1094,Industrie,0.008,10 Md,none
msciworld,1044,D’Ieteren Group,DIE,BE0974259880,Consommation discrétionnaire,0.008,9 Md€,none
msciworld,1045,Mapfre,MAP,ES0124244E34,Assurance,0.008,8 Md€,none
msciworld,1046,IMCD,IMCD,NL0010801007,Matériaux,0.008,8 Md€,none
msciworld,1047,Open Text,OTEX,CA6837151068,Technologie,0.008,9 Md,none
msciworld,1048,Nexi,NEXI,IT0005366767,Technologie,0.007,6 Md€,none
msciworld,1049,Hera,HER,IT0001250932,Services aux collectivités,0.007,6 Md€,none
msciworld,1050,Brunello Cucinelli,BC,IT0004764699,Consommation discrétionnaire,0.007,6 Md€,none
msciworld,1051,Syensqo,SYENS,BE0974464977,Matériaux,0.007,8 Md€,none
msciworld,1052,Sofina,SOF,BE0003717312,Finance,0.007,8 Md€,none
msciworld,1053,Lotus Bakeries,LOTB,BE0003604155,Consommation courante,0.007,8 Md€,none
msciworld,1054,Schibsted,SCHA,NO0003028904,Communication,0.007,6 Md€,none
msciworld,1055,Storebrand,STB,NO0003053605,Assurance,0.007,6 Md€,none
msciworld,1056,Andritz,ANDR,AT0000730007,Industrie,0.007,6 Md€,none
msciworld,1057,KGHM Polska Miedź,KGH,PLKGHM000017,Matériaux,0.007,6 Md€,none
msciworld,1058,La Française des Jeux,FDJ,FR0013451333,Consommation discrétionnaire,0.007,6 Md€,none
msciworld,1059,Technip Energies,TE,NL0014559478,Énergie,0.007,6 Md€,none
msciworld,1060,Barry Callebaut,BARN,CH0009002962,Consommation courante,0.007,6 Md€,none
msciworld,1061,PSP Swiss Property,PSPN,CH0018294154,Immobilier,0.007,6 Md€,none
msciworld,1062,Flughafen Zürich,FHZN,CH0319416936,Industrie,0.007,6 Md€,none
msciworld,1063,Fuchs,FPE3,DE000A3E5D64,Matériaux,0.007,6 Md€,none
msciworld,1064,Kion Group,KGX,DE000KGX8881,Industrie,0.007,6 Md€,none
msciworld,1065,LEG Immobilien,LEG,DE000LEG1110,Immobilier,0.007,6 Md€,none
msciworld,1066,Delivery Hero,DHER,DE000A2E4K43,Consommation discrétionnaire,0.007,6 Md€,none
msciworld,1067,Bankinter,BKT,ES0113679I37,Finance,0.007,7 Md€,none
msciworld,1068,Grifols,GRF,ES0171996087,Santé,0.007,7 Md€,none
msciworld,1069,Acciona,ANA,ES0125220311,Services aux collectivités,0.007,7 Md€,none
msciworld,1070,Croda International,CRDA,GB00BYZWX769,Matériaux,0.007,5 Md£,none
msciworld,1071,Whitbread,WTB,GB00B1KJJ408,Consommation discrétionnaire,0.007,5 Md£,none
msciworld,1072,Hikma Pharmaceuticals,HIK,GB00B0LCW083,Santé,0.007,5 Md£,none
msciworld,1073,Kingfisher,KGF,GB0033195214,Consommation discrétionnaire,0.007,5 Md£,none
msciworld,1074,Schroders,SDR,GB0002405495,Finance,0.007,5 Md£,none
msciworld,1075,St James’s Place,STJ,GB0007669376,Finance,0.007,5 Md£,none
msciworld,1076,M&G,MNG,GB00BKFB1C65,Finance,0.007,5 Md£,none
msciworld,1077,Rightmove,RMV,GB00BGDT3G23,Communication,0.007,5 Md£,none
msciworld,1078,DCC,DCC,IE0002424939,Industrie,0.007,5 Md£,none
msciworld,1079,Spirax Group,SPX,GB00BWFGQN14,Industrie,0.007,5 Md£,none
msciworld,1080,ConvaTec Group,CTEC,GB00BD3VFW73,Santé,0.007,5 Md£,none
msciworld,1081,JD Sports Fashion,JD,GB00BM8Q5M07,Consommation discrétionnaire,0.007,5 Md£,none
msciworld,1082,Hiscox,HSX,BMG4593F1389,Assurance,0.007,5 Md£,none
msciworld,1083,IMI,IMI,GB00BGLP8L22,Industrie,0.007,5 Md£,none
msciworld,1084,Howden Joinery,HWDN,GB0005576813,Consommation discrétionnaire,0.007,5 Md£,none
msciworld,1085,Babcock International,BAB,GB0009697037,Aéronautique,0.007,5 Md£,none
msciworld,1086,easyJet,EZJ,GB00B7KR2P84,Industrie,0.007,5 Md£,none
msciworld,1087,Mirvac Group,MGR,AU000000MGR9,Immobilier,0.007,9 Md,none
msciworld,1088,Orica,ORI,AU000000ORI1,Matériaux,0.007,9 Md,none
msciworld,1089,Elia Group,ELI,BE0003822393,Services aux collectivités,0.006,7 Md€,none
msciworld,1090,Amplifon,AMP,IT0004056880,Santé,0.006,5 Md€,none
msciworld,1091,DiaSorin,DIA,IT0003492391,Santé,0.006,5 Md€,none
msciworld,1092,Italgas,IG,IT0005211237,Services aux collectivités,0.006,5 Md€,none
msciworld,1093,Saipem,SPM,IT0005495657,Énergie,0.006,5 Md€,none
msciworld,1094,Merlin Properties,MRL,ES0105025003,Immobilier,0.006,6 Md€,none
msciworld,1095,SalMar,SALM,NO0010310956,Consommation courante,0.006,5 Md€,none
msciworld,1096,Subsea 7,SUBC,LU0075646355,Énergie,0.006,5 Md€,none
msciworld,1097,Konecranes,KCR,FI0009005870,Industrie,0.006,5 Md€,none
msciworld,1098,CD Projekt,CDR,PLOPTTC00011,Communication,0.006,5 Md€,none
msciworld,1099,Arkema,AKE,FR0010313833,Matériaux,0.006,5 Md€,none
msciworld,1100,Covivio,COV,FR0000064578,Immobilier,0.006,5 Md€,none
msciworld,1101,Elis,ELIS,FR0012435121,Industrie,0.006,5 Md€,none
msciworld,1102,Nexans,NEX,FR0000044448,Industrie,0.006,5 Md€,none
msciworld,1103,Teleperformance,TEP,FR0000051807,Industrie,0.006,5 Md€,none
msciworld,1104,SEB,SK,FR0000121709,Consommation discrétionnaire,0.006,5 Md€,none
msciworld,1105,Arcadis,ARCAD,NL0006237562,Industrie,0.006,5 Md€,none
msciworld,1106,Vopak,VPK,NL0009432491,Énergie,0.006,5 Md€,none
msciworld,1107,Temenos,TEMN,CH0012453913,Technologie,0.006,5 Md€,none
msciworld,1108,Georg Fischer,GF,CH0001752309,Industrie,0.006,5 Md€,none
msciworld,1109,Avolta,AVOL,CH0023405456,Consommation discrétionnaire,0.006,5 Md€,none
msciworld,1110,Accelleron Industries,ACLN,CH1169360919,Industrie,0.006,5 Md€,none
msciworld,1111,Carl Zeiss Meditec,AFX,DE0005313704,Santé,0.006,5 Md€,none
msciworld,1112,Banca Popolare di Sondrio,BPSO,IT0000784196,Finance,0.006,5 Md€,none
msciworld,1113,Shiseido,4911,JP3351600006,Consommation courante,0.006,1000 Md,none
msciworld,1114,JFE Holdings,5411,JP3386030005,Matériaux,0.006,1000 Md,none
msciworld,1115,Sumitomo Metal Mining,5713,JP3402600005,Matériaux,0.006,1000 Md,none
msciworld,1116,Omron,6645,JP3197800000,Technologie,0.006,1000 Md,none
msciworld,1117,Yaskawa Electric,6506,JP3932000007,Industrie,0.006,1000 Md,none
msciworld,1118,ANA Holdings,9202,JP3429800000,Industrie,0.006,1000 Md,none
msciworld,1119,Tokyo Electric Power,9501,JP3585800000,Services aux collectivités,0.006,1000 Md,none
msciworld,1120,Chubu Electric Power,9502,JP3526600006,Services aux collectivités,0.006,1000 Md,none
msciworld,1121,Yakult Honsha,2267,JP3931600005,Consommation courante,0.006,1000 Md,none
msciworld,1122,Nissin Foods,2897,JP3675600005,Consommation courante,0.006,1000 Md,none
msciworld,1123,Ryohin Keikaku,7453,JP3976300008,Consommation discrétionnaire,0.006,1000 Md,none
msciworld,1124,Taylor Wimpey,TW,GB0008782301,Consommation discrétionnaire,0.006,4 Md£,none
msciworld,1125,Persimmon,PSN,GB0006825383,Consommation discrétionnaire,0.006,4 Md£,none
msciworld,1126,Berkeley Group,BKG,GB00B02L3W35,Consommation discrétionnaire,0.006,4 Md£,none
msciworld,1127,Land Securities,LAND,GB00BYW0PQ60,Immobilier,0.006,4 Md£,none
msciworld,1128,British Land,BLND,GB0001367019,Immobilier,0.006,4 Md£,none
msciworld,1129,Unite Group,UTG,GB0006928617,Immobilier,0.006,4 Md£,none
msciworld,1130,Polar Capital Technology Trust,PCT,GB0004220025,Finance,0.006,4 Md£,none
msciworld,1131,abrdn,ABDN,GB00BF8Q6K64,Finance,0.006,4 Md£,none
msciworld,1132,Burberry Group,BRBY,GB0031743007,Consommation discrétionnaire,0.006,4 Md£,none
msciworld,1133,Ackermans & van Haaren,ACKB,BE0003764785,Finance,0.006,6 Md€,none
msciworld,1134,Getinge,GETI B,SE0000202624,Santé,0.006,50 Md SEK,none
msciworld,1135,Japan Airlines,9201,JP3705200008,Industrie,0.006,900 Md,none
msciworld,1136,Square Enix,9684,JP3164630000,Communication,0.006,900 Md,none
msciworld,1137,Indra Sistemas,IDR,ES0118594417,Technologie,0.005,5 Md€,none
msciworld,1138,Azimut Holding,AZM,IT0003261697,Finance,0.005,4 Md€,none
msciworld,1139,Interpump Group,IP,IT0001078911,Industrie,0.005,4 Md€,none
msciworld,1140,Royal Unibrew,RBREW,DK0060634707,Consommation courante,0.005,4 Md€,none
msciworld,1141,Ambu,AMBU B,DK0060946788,Santé,0.005,4 Md€,none
msciworld,1142,Jyske Bank,JYSK,DK0010307958,Finance,0.005,4 Md€,none
msciworld,1143,Tomra Systems,TOM,NO0005668905,Industrie,0.005,4 Md€,none
msciworld,1144,Huhtamäki,HUH1V,FI0009000459,Matériaux,0.005,4 Md€,none
msciworld,1145,Valmet,VALMT,FI4000074984,Industrie,0.005,4 Md€,none
msciworld,1146,Voestalpine,VOE,AT0000937503,Matériaux,0.005,4 Md€,none
msciworld,1147,Eurazeo,RF,FR0000121121,Finance,0.005,4 Md€,none
msciworld,1148,JCDecaux,DEC,FR0000077919,Communication,0.005,4 Md€,none
msciworld,1149,Vallourec,VK,FR0013506730,Énergie,0.005,4 Md€,none
msciworld,1150,Wendel,MF,FR0000121204,Finance,0.005,4 Md€,none
msciworld,1151,Sopra Steria,SOP,FR0000050809,Technologie,0.005,4 Md€,none
msciworld,1152,SBM Offshore,SBMO,NL0000360618,Énergie,0.005,4 Md€,none
msciworld,1153,Adecco Group,ADEN,CH0012138605,Industrie,0.005,4 Md€,none
msciworld,1154,Clariant,CLN,CH0012142631,Matériaux,0.005,4 Md€,none
msciworld,1155,Galenica,GALE,CH0360674466,Santé,0.005,4 Md€,none
msciworld,1156,DKSH Holding,DKSH,CH0126673539,Industrie,0.005,4 Md€,none
msciworld,1157,Puma,PUM,DE0006969603,Consommation discrétionnaire,0.005,4 Md€,none
msciworld,1158,Bechtle,BC8,DE0005158703,Technologie,0.005,4 Md€,none
msciworld,1159,Aurubis,NDA,DE0006766504,Matériaux,0.005,4 Md€,none
msciworld,1160,Wacker Chemie,WCH,DE000WCH8881,Matériaux,0.005,4 Md€,none
msciworld,1161,De’ Longhi,DLG,IT0003115950,Consommation discrétionnaire,0.005,4 Md€,none
msciworld,1162,Shimizu,1803,JP3358800005,Industrie,0.005,800 Md,none
msciworld,1163,Mitsui Chemicals,4183,JP3888300005,Matériaux,0.005,800 Md,none
msciworld,1164,Rohm,6963,JP3982800009,Technologie,0.005,800 Md,none
msciworld,1165,Treasury Wine Estates,TWE,AU000000TWE9,Consommation courante,0.005,6 Md,none
msciworld,1166,Warehouses De Pauw,WDP,BE0974349814,Immobilier,0.005,5 Md€,none
msciworld,1167,Colruyt,COLR,BE0974256852,Consommation courante,0.005,5 Md€,none
msciworld,1168,Ocado Group,OCDO,GB00B3MBS747,Consommation discrétionnaire,0.004,3 Md£,none
msciworld,1169,Vistry Group,VTY,GB0006834344,Consommation discrétionnaire,0.004,3 Md£,none
msciworld,1170,Unicaja Banco,UNI,ES0180907000,Finance,0.004,4 Md€,none
msciworld,1171,Fluidra,FDR,ES0137650018,Industrie,0.004,4 Md€,none
msciworld,1172,Logista,LOG,ES0105027009,Industrie,0.004,4 Md€,none
msciworld,1173,GN Store Nord,GN,DK0010272632,Santé,0.004,3 Md€,none
msciworld,1174,ISS,ISS,DK0060542181,Industrie,0.004,3 Md€,none
msciworld,1175,Sydbank,SYDB,DK0010311471,Finance,0.004,3 Md€,none
msciworld,1176,Leroy Seafood,LSG,NO0003096208,Consommation courante,0.004,3 Md€,none
msciworld,1177,Kojamo,KOJAMO,FI4000312251,Immobilier,0.004,3 Md€,none
msciworld,1178,Glanbia,GL9,IE0000669501,Consommation courante,0.004,3 Md€,none
msciworld,1179,Wienerberger,WIE,AT0000831706,Matériaux,0.004,3 Md€,none
msciworld,1180,Air France-KLM,AF,FR001400J770,Industrie,0.004,3 Md€,none
msciworld,1181,Rubis,RUI,FR0013269123,Énergie,0.004,3 Md€,none
msciworld,1182,Valeo,FR,FR0013176526,Automobile,0.004,3 Md€,none
msciworld,1183,Verallia,VRLA,FR0013447729,Matériaux,0.004,3 Md€,none
msciworld,1184,Virbac,VIRP,FR0000031577,Santé,0.004,3 Md€,none
msciworld,1185,Aalberts,AALB,NL0000852564,Industrie,0.004,3 Md€,none
msciworld,1186,Signify,LIGHT,NL0011821392,Industrie,0.004,3 Md€,none
msciworld,1187,Bucher Industries,BUCN,CH0002432174,Industrie,0.004,3 Md€,none
msciworld,1188,Hugo Boss,BOSS,DE000A1PHFF7,Consommation discrétionnaire,0.004,3 Md€,none
msciworld,1189,Jungheinrich,JUN3,DE0006219934,Industrie,0.004,3 Md€,none
msciworld,1190,Thyssenkrupp,TKA,DE0007500001,Matériaux,0.004,3 Md€,none
msciworld,1191,TAG Immobilien,TEG,DE0008303504,Immobilier,0.004,3 Md€,none
msciworld,1192,Redcare Pharmacy,RDC,NL0012044747,Consommation discrétionnaire,0.004,3 Md€,none
msciworld,1193,B&M European Value Retail,BME,LU1072616219,Consommation discrétionnaire,0.004,3 Md€,none
msciworld,1194,Tate & Lyle,TATE,GB00BP92CJ43,Consommation courante,0.004,3 Md€,none
msciworld,1195,QinetiQ,QQ,GB00B0WMWD03,Aéronautique,0.004,3 Md€,none
msciworld,1196,Enagás,ENG,ES0130960018,Services aux collectivités,0.003,3 Md€,none
msciworld,1197,Inmobiliaria Colonial,COL,ES0139140174,Immobilier,0.003,3 Md€,none
msciworld,1198,Laboratorios Rovi,ROVI,ES0157261019,Santé,0.003,3 Md€,none
msciworld,1199,Umicore,UMI,BE0974320526,Matériaux,0.003,3 Md€,none
msciworld,1200,Proximus,PROX,BE0003810273,Télécommunications,0.003,3 Md€,none
msciworld,1201,Solvay,SOLB,BE0003470755,Matériaux,0.003,3 Md€,none
msciworld,1202,Melexis,MELE,BE0165385973,Technologie,0.003,3 Md€,none
msciworld,1203,TietoEVRY,TIETO,FI0009000277,Technologie,0.002,2 Md€,none
msciworld,1204,Outokumpu,OUT1V,FI0009002422,Matériaux,0.002,2 Md€,none
msciworld,1205,Alten,ATE,FR0000071946,Technologie,0.002,2 Md€,none
msciworld,1206,Eramet,ERA,FR0000131757,Matériaux,0.002,2 Md€,none
msciworld,1207,Soitec,SOI,FR0013227113,Technologie,0.002,2 Md€,none
msciworld,1208,Ubisoft Entertainment,UBI,FR0000054470,Communication,0.002,2 Md€,none
msciworld,1209,OPmobility,OPM,FR0000124570,Automobile,0.002,2 Md€,none
msciworld,1210,Interparfums,ITP,FR0004024222,Consommation courante,0.002,2 Md€,none
msciworld,1211,Trigano,TRI,FR0005691656,Consommation discrétionnaire,0.002,2 Md€,none
msciworld,1212,Vicat,VCT,FR0000031775,Matériaux,0.002,2 Md€,none
msciworld,1213,TF1,TFI,FR0000054900,Communication,0.002,2 Md€,none
msciworld,1214,Coface,COFA,FR0010667147,Assurance,0.002,2 Md€,none
msciworld,1215,Bic,BB,FR0000120966,Consommation discrétionnaire,0.002,2 Md€,none
msciworld,1216,Fugro,FUR,NL0000352565,Énergie,0.002,2 Md€,none
msciworld,1217,TKH Group,TWEKA,NL0000852523,Technologie,0.002,2 Md€,none
msciworld,1218,OCI,OCI,NL0010558797,Matériaux,0.002,2 Md€,none
msciworld,1219,Aperam,APAM,LU0569974404,Matériaux,0.002,2 Md€,none
msciworld,1220,Lanxess,LXS,DE0005470405,Matériaux,0.002,2 Md€,none
msciworld,1221,Technogym,TGYM,IT0005380602,Consommation discrétionnaire,0.002,2 Md€,none
msciworld,1222,Greggs,GRG,GB00B63QSB39,Consommation discrétionnaire,0.002,2 Md€,none
msciworld,1223,AO World,AO,GB00BJTNFH41,Consommation discrétionnaire,0.002,—,none
msciworld,1224,Ashmore Group,ASHM,GB00B132NW22,Finance,0.002,—,none
msciworld,1225,Aston Martin Lagonda,AML,GB00BFXZC448,Automobile,0.002,—,none
msciworld,1226,Atalaya Mining,ATYM,CY0106002112,Matériaux,0.002,—,none
msciworld,1227,Balfour Beatty,BBY,GB0000961622,Non classé,0.002,—,none
msciworld,1228,A.G. Barr,BAG,GB00B6XZKY75,Consommation courante,0.002,—,none
msciworld,1229,AJ Bell,AJB,GB00BFZNLB60,Finance,0.002,—,none
msciworld,1230,Bellway,BWY,GB0000904986,Non classé,0.002,—,none
msciworld,1231,Berkeley Group Holdings,BKG,GB00BP0RGD03,Non classé,0.002,—,none
msciworld,1232,BH Macro,BHMG,GG00BQBFY362,Non classé,0.002,—,none
msciworld,1233,BlackRock Greater Europe Investment Trust,BRGE,GB00B01RDH75,Finance,0.002,—,none
msciworld,1234,BlackRock World Mining Trust,BRWM,GB0005774855,Finance,0.002,—,none
msciworld,1235,Bloomsbury Publishing,BMY,GB0033147751,Communication,0.002,—,none
msciworld,1236,Bodycote,BOY,GB0006895626,Industrie,0.002,—,none
msciworld,1237,Brunner Investment Trust,BUT,GB0001490001,Finance,0.002,—,none
msciworld,1238,Capital Gearing Trust,CGT,GB0001738615,Finance,0.002,—,none
msciworld,1239,Ceres Power,CWR,GB00BG5KQW09,Énergie,0.002,—,none
msciworld,1240,Chemring Group,CHG,GB00B45C9X44,Non classé,0.002,—,none
msciworld,1241,Chesnara,CSN,GB00B00FPT80,Assurance,0.002,—,none
msciworld,1242,City of London Investment Trust,CTY,GB0001990497,Finance,0.002,—,none
msciworld,1243,Clarkson,CKN,GB0002018363,Industrie,0.002,—,none
msciworld,1244,CMC Markets,CMCX,GB00B14SKR37,Finance,0.002,—,none
msciworld,1245,Coats Group,COA,GB0002068202,Non classé,0.002,—,none
msciworld,1246,Cranswick,CWK,GB0002318888,Consommation courante,0.002,—,none
msciworld,1247,Currys,CURY,GB00B4Y7R145,Non classé,0.002,—,none
msciworld,1248,Domino's Pizza,DOM,US25754A2015,Non classé,0.002,—,none
msciworld,1249,Drax Group,DRX,GB00B1VNSX38,Services aux collectivités,0.002,—,none
msciworld,1250,Energean,ENOG,GB00BG12Y042,Non classé,0.002,—,none
msciworld,1251,Finsbury Growth & Income Trust,FGT,GB0007816068,Non classé,0.002,—,none
msciworld,1252,FirstGroup,FGP,GB0003452173,Non classé,0.002,—,none
msciworld,1253,Frasers Group,FRAS,GB00B1QH8P22,Non classé,0.002,—,none
msciworld,1254,Gamma Communications,GAMA,GB00BQS10J50,Non classé,0.002,—,none
msciworld,1255,GB Group,GBG,EGS673T1C012,Technologie,0.002,—,none
msciworld,1256,Genus,GNS,GB0002074580,Non classé,0.002,—,none
msciworld,1257,Grafton Group,GFTU,IE00B00MZ448,Non classé,0.002,—,none
msciworld,1258,Grainger,GRI,GB00B04V1276,Non classé,0.002,—,none
msciworld,1259,Great Portland Estates,GPE,GB00BF5H9P87,Immobilier,0.002,—,none
msciworld,1260,Greencore,GNC,IE0003864109,Non classé,0.002,—,none
msciworld,1261,Hammerson,HMSO,GB0004065016,Immobilier,0.002,—,none
msciworld,1262,Harbour Energy,HBR,GB00BMBVGQ36,Non classé,0.002,—,none
msciworld,1263,Hays,HAS,GB0004161021,Non classé,0.002,—,none
msciworld,1264,Helios Towers,HTWS,GB00BJVQC708,Non classé,0.002,—,none
msciworld,1265,Hg Capital Trust,HGT,GB00BJ0LT190,Finance,0.002,—,none
msciworld,1266,Hill & Smith,HILS,GB0004270301,Industrie,0.002,—,none
msciworld,1267,Hilton Food Group,HFG,GB00B1V9NW54,Consommation courante,0.002,—,none
msciworld,1268,Hochschild Mining,HOC,GB00B1FW5029,Non classé,0.002,—,none
msciworld,1269,Inchcape,INCH,GB00B61TVQ02,Non classé,0.002,—,none
msciworld,1270,Ithaca Energy,ITH,GB00BPJHV584,Non classé,0.002,—,none
msciworld,1271,ITV,ITV,US45069P1075,Communication,0.002,—,none
msciworld,1272,Johnson Matthey,JMAT,GB00BZ4BQC70,Matériaux,0.002,—,none
msciworld,1273,JPMorgan American Investment Trust,JAM,GB00BKZGVH64,Finance,0.002,—,none
msciworld,1274,JPMorgan Claverhouse Investment Trust,JCH,GB0003422184,Finance,0.002,—,none
msciworld,1275,Keller Group,KLR,GB0004866223,Non classé,0.002,—,none
msciworld,1276,Lancashire Holdings,LRE,BMG5361W1047,Assurance,0.002,—,none
msciworld,1277,Man Group,EMG,GB00B83VD954,Finance,0.002,—,none
msciworld,1278,Mitchells & Butlers,MAB,GB00B1FP6H53,Non classé,0.002,—,none
msciworld,1279,Mondi,MNDI,ZAE000156550,Non classé,0.002,—,none
msciworld,1280,MONY Group,MONY,GB00B1ZBKY84,Communication,0.002,—,none
msciworld,1281,NCC Group,NCC,GB00B01QGK86,Technologie,0.002,—,none
msciworld,1282,Ninety One,N91,ZAE000282356,Finance,0.002,—,none
msciworld,1283,OSB Group,OSB,GB00BLDRH360,Finance,0.002,—,none
msciworld,1284,Oxford Instruments,OXIG,GB0006650450,Non classé,0.002,—,none
msciworld,1285,Oxford Nanopore Technologies,ONT,GB00BP6S8Z30,Non classé,0.002,—,none
msciworld,1286,PageGroup,PAGE,GB0030232317,Non classé,0.002,—,none
msciworld,1287,Pan African Resources,PAF,GB0004300496,Matériaux,0.002,—,none
msciworld,1288,Pantheon International,PIN,GB00BP37WF17,Non classé,0.002,—,none
msciworld,1289,Partners Group Private Equity,PEY,GG00B28C2R28,Finance,0.002,—,none
msciworld,1290,Playtech,PTEC,IM00B7S9G985,Non classé,0.002,—,none
msciworld,1291,Plus500,PLUS,IL0011284465,Finance,0.002,—,none
msciworld,1292,Pollen Street Group,POLN,GB00BYZV3G25,Finance,0.002,—,none
msciworld,1293,Premier Foods,PFD,GB00B7N0K053,Non classé,0.002,—,none
msciworld,1294,Primary Health Properties,PHP,GB00BYRJ5J14,Immobilier,0.002,—,none
msciworld,1295,Quilter,QLT,GB00BNHSJN34,Finance,0.002,—,none
msciworld,1296,Rathbones,RAT,GB0002148343,Finance,0.002,—,none
msciworld,1297,Renishaw,RSW,GB0007323586,Non classé,0.002,—,none
msciworld,1298,RHI Magnesita,RHIM,AT0000676903,Non classé,0.002,—,none
msciworld,1299,RIT Capital Partners,RCP,GB0007366395,Finance,0.002,—,none
msciworld,1300,Rotork,ROR,GB00BVFNZH21,Industrie,0.002,—,none
msciworld,1301,RS Group,RS1,GB0003096442,Non classé,0.002,—,none
msciworld,1302,Saga,SAGA,GB00BMX64W89,Consommation discrétionnaire,0.002,—,none
msciworld,1303,Savills,SVS,GB00B135BJ46,Non classé,0.002,—,none
msciworld,1304,Serco,SRP,GB0007973794,Non classé,0.002,—,none
msciworld,1305,Shaftesbury Capital,SHC,GB00B62G9D36,Immobilier,0.002,—,none
msciworld,1306,Sirius Real Estate,SRE,GG00B1W3VF54,Non classé,0.002,—,none
msciworld,1307,Softcat,SCT,GB00BYZDVK82,Non classé,0.002,—,none
msciworld,1308,Supermarket Income REIT,SUPR,GB00BF345X11,Immobilier,0.002,—,none
msciworld,1309,Tate & Lyle,TATE,GB0008754136,Consommation courante,0.002,—,none
msciworld,1310,Telecom Plus,TEP,GB0008794710,Non classé,0.002,—,none
msciworld,1311,The Renewables Infrastructure Group,TRIG,GG00BBHX2H91,Finance,0.002,—,none
msciworld,1312,THG,THG,GB00BMTV7393,Non classé,0.002,—,none
msciworld,1313,TP ICAP,TCAP,JE00BMDZN391,Non classé,0.002,—,none
msciworld,1314,Trainline,TRN,GB00BKDTK925,Industrie,0.002,—,none
msciworld,1315,Travis Perkins,TPK,GB0007739609,Non classé,0.002,—,none
msciworld,1316,Trustpilot,TRST,GB00BNK9TP58,Non classé,0.002,—,none
msciworld,1317,Vesuvius,VSVS,GB00B82YXW83,Industrie,0.002,—,none
msciworld,1318,Victrex,VCT,GB0009292243,Matériaux,0.002,—,none
msciworld,1319,VinaCapital Vietnam Opportunity Fund,VOF,GG00BYXVT888,Non classé,0.002,—,none
msciworld,1320,Watches of Switzerland,WOSG,GB00BJDQQ870,Consommation discrétionnaire,0.002,—,none
msciworld,1321,WHSmith,SMWH,GB00B2PDGW16,Non classé,0.002,—,none
msciworld,1322,Wickes,WIX,GB00BL6C2002,Non classé,0.002,—,none
msciworld,1323,Wizz Air,WIZZ,JE00BN574F90,Non classé,0.002,—,none
msciworld,1324,XPS Pensions,XPS,GB00BDDN1T20,Finance,0.002,—,none
msciworld,1325,Solaria Energía,SLR,ES0165386014,Services aux collectivités,0.002,2 Md€,none
msciworld,1326,Acerinox,ACX,ES0132105018,Matériaux,0.002,2 Md€,none
msciworld,1327,Meliá Hotels,MEL,ES0176252718,Consommation discrétionnaire,0.002,2 Md€,none
msciworld,1328,Sacyr,SCYR,ES0182870214,Industrie,0.002,2 Md€,none
msciworld,1329,Worldline,WLN,FR0011981968,Technologie,0.001,1 Md€,none
msciworld,1330,Nexity,NXI,FR0010112524,Immobilier,0.001,1 Md€,none
msciworld,1331,Mersen,MRN,FR0000039620,Industrie,0.001,1 Md€,none
msciworld,1332,Lectra,LSS,FR0000065484,Technologie,0.001,1 Md€,none
msciworld,1333,Corbion,CRBN,NL0010583399,Matériaux,0.001,1 Md€,none
msciworld,1334,Basic-Fit,BFIT,NL0011872650,Consommation discrétionnaire,0.001,1 Md€,none
msciworld,1335,Alfen,ALFEN,NL0012817175,Industrie,0.001,1 Md€,none
msciworld,1336,PostNL,PNL,NL0009739416,Industrie,0.001,1 Md€,none
msciworld,1337,4imprint,FOUR,US35104M1027,Communication,0.001,—,none
msciacwi,1,Apple Inc.,AAPL,US0378331005,Technologie,4.435,3400 Md$,none
msciacwi,2,Nvidia,NVDA,US67066G1040,Technologie,3.882,3300 Md$,none
msciacwi,3,Microsoft,MSFT,US5949181045,Technologie,3.762,3200 Md$,none
msciacwi,4,Amazon,AMZN,US0231351067,Consommation discrétionnaire,2.47,2100 Md$,none
msciacwi,5,Meta Platforms,META,US30303M1027,Communication,1.647,1400 Md$,none
msciacwi,6,Alphabet Inc. (Class A),GOOGL,US02079K3059,Communication,1.292,1100 Md$,none
msciacwi,7,Alphabet Inc. (Class C),GOOG,US02079K1079,Communication,1.178,1000 Md$,none
msciacwi,8,Berkshire Hathaway,BRK.B,US0846707026,Finance,1.178,1000 Md$,none
msciacwi,9,Broadcom,AVGO,US11135F1012,Technologie,1.058,900 Md$,none
msciacwi,10,"Tesla, Inc.",TSLA,US88160R1014,Consommation discrétionnaire,1.058,900 Md$,none
msciacwi,11,Lilly (Eli),LLY,US5324571083,Santé,0.937,800 Md$,none
msciacwi,12,JPMorgan Chase,JPM,US46625H1005,Finance,0.823,700 Md$,none
msciacwi,13,Walmart,WMT,US9311421039,Consommation courante,0.823,700 Md$,none
msciacwi,14,Visa Inc.,V,US92826C8394,Finance,0.727,620 Md$,none
msciacwi,15,Mastercard,MA,US57636Q1040,Finance,0.589,500 Md$,none
msciacwi,16,UnitedHealth Group,UNH,US91324P1021,Santé,0.589,500 Md$,none
msciacwi,17,ExxonMobil,XOM,US30231G1022,Énergie,0.565,480 Md$,none
msciacwi,18,Oracle Corporation,ORCL,US68389X1054,Technologie,0.565,480 Md$,none
msciacwi,19,Costco,COST,US22160K1051,Consommation courante,0.469,400 Md$,none
msciacwi,20,Home Depot (The),HD,US4370761029,Consommation discrétionnaire,0.457,390 Md$,none
msciacwi,21,Procter & Gamble,PG,US7427181091,Consommation courante,0.457,390 Md$,none
msciacwi,22,Johnson & Johnson,JNJ,US4781601046,Santé,0.445,380 Md$,none
msciacwi,23,Netflix,NFLX,US64110L1061,Communication,0.445,380 Md$,none
msciacwi,24,Samsung Electronics,005930,KR7005930003,Technologie,0.425,400000 Md,none
msciacwi,25,Tencent Holdings,700,KYG875721634,Communication,0.414,4200 Md,none
msciacwi,26,AbbVie,ABBV,US00287Y1091,Santé,0.391,330 Md$,none
msciacwi,27,Bank of America,BAC,US0605051046,Finance,0.391,330 Md$,none
msciacwi,28,Novo Nordisk,NOVO B,DK0062498333,Santé,0.361,300 Md€,none
msciacwi,29,Chevron Corporation,CVX,US1667641005,Énergie,0.343,290 Md$,none
msciacwi,30,Coca-Cola Company (The),KO,US1912161007,Consommation courante,0.331,280 Md$,none
msciacwi,31,Advanced Micro Devices,AMD,US0079031078,Technologie,0.306,260 Md$,none
msciacwi,32,Salesforce,CRM,US79466L3024,Technologie,0.306,260 Md$,none
msciacwi,33,ASML Holding,ASML,NL0010273215,Technologie,0.3,280 Md€,none
msciacwi,34,Merck & Co.,MRK,US58933Y1055,Santé,0.294,250 Md$,none
msciacwi,35,T-Mobile US,TMUS,US8725901040,Communication,0.294,250 Md$,none
msciacwi,36,Wells Fargo,WFC,US9497461015,Finance,0.282,240 Md$,none
msciacwi,37,SAP,SAP,DE0007164600,Technologie,0.276,240 Md€,none
msciacwi,38,Adobe Inc.,ADBE,US00724F1012,Technologie,0.27,230 Md$,none
msciacwi,39,Cisco,CSCO,US17275R1023,Technologie,0.27,230 Md$,none
msciacwi,40,PepsiCo,PEP,US7134481081,Consommation courante,0.27,230 Md$,none
msciacwi,41,Linde plc,LIN,IE000S9YS762,Matériaux,0.258,220 Md$,none
msciacwi,42,Nestlé,NESN,CH0038863350,Consommation courante,0.249,230 Md CHF,none
msciacwi,43,McDonald's,MCD,US5801351017,Consommation discrétionnaire,0.246,210 Md$,none
msciacwi,44,AstraZeneca,AZN,GB0009895292,Santé,0.24,2200 Md SEK,none
msciacwi,45,Toyota Motor,7203,JP3633400001,Automobile,0.239,42000 Md,none
msciacwi,46,TotalEnergies,TTE,FR0000120271,Énergie,0.237,148 Md€,none
msciacwi,47,Abbott Laboratories,ABT,US0028241000,Santé,0.234,200 Md$,none
msciacwi,48,Accenture,ACN,IE00B4BNMY34,Technologie,0.234,200 Md$,none
msciacwi,49,GE Aerospace,GE,US3696043013,Industrie,0.234,200 Md$,none
msciacwi,50,IBM,IBM,US4592001014,Technologie,0.234,200 Md$,none
msciacwi,51,Morgan Stanley,MS,US6174464486,Finance,0.234,200 Md$,none
msciacwi,52,ServiceNow,NOW,US81762P1021,Technologie,0.234,200 Md$,none
msciacwi,53,Thermo Fisher Scientific,TMO,US8835561023,Santé,0.234,200 Md$,none
msciacwi,54,Walt Disney Company (The),DIS,US2546871060,Communication,0.234,200 Md$,none
msciacwi,55,Roche Holding,ROG,CH0012032048,Santé,0.232,215 Md CHF,none
msciacwi,56,LVMH,MC,FR0000121014,Consommation discrétionnaire,0.223,312 Md€,none
msciacwi,57,American Express,AXP,US0258161092,Finance,0.222,190 Md$,none
msciacwi,58,Qualcomm,QCOM,US7475251036,Technologie,0.222,190 Md$,none
msciacwi,59,Novartis,NOVN,CH0012005267,Santé,0.216,200 Md CHF,none
msciacwi,60,Reliance Industries,RELIANCE,INE002A01018,Énergie,0.213,20000 Md,none
msciacwi,61,Blackstone Inc.,BX,US09260D1072,Finance,0.21,180 Md$,none
msciacwi,62,Intuit,INTU,US4612021034,Technologie,0.21,180 Md$,none
msciacwi,63,Intuitive Surgical,ISRG,US46120E6023,Santé,0.21,180 Md$,none
msciacwi,64,Palantir Technologies,PLTR,US69608A1088,Technologie,0.21,180 Md$,none
msciacwi,65,Texas Instruments,TXN,US8825081040,Technologie,0.21,180 Md$,none
msciacwi,66,Verizon,VZ,US92343V1044,Communication,0.21,180 Md$,none
msciacwi,67,HSBC Holdings,HSBA,GB0005405286,Finance,0.208,150 Md£,none
msciacwi,68,Schneider Electric,SU,FR0000121972,Industrie,0.205,132 Md€,none
msciacwi,69,Shell,SHELL,GB00BP6MXD84,Énergie,0.199,200 Md€,none
msciacwi,70,Amgen,AMGN,US0311621009,Santé,0.198,170 Md$,none
msciacwi,71,Caterpillar Inc.,CAT,US1491231015,Industrie,0.198,170 Md$,none
msciacwi,72,Alibaba Group,9988,KYG017191142,Consommation discrétionnaire,0.197,2000 Md,none
msciacwi,73,Shopify,SHOP,CA82509L1076,Technologie,0.195,150 Md$,none
msciacwi,74,PDD Holdings,PDD,US7223041028,Consommation discrétionnaire,0.195,150 Md$,none
msciacwi,75,Commonwealth Bank of Australia,CBA,AU000000CBA7,Finance,0.188,250 Md,none
msciacwi,76,Applied Materials,AMAT,US0382221051,Technologie,0.186,160 Md$,none
msciacwi,77,Comcast,CMCSA,US20030N1019,Communication,0.186,160 Md$,none
msciacwi,78,Goldman Sachs,GS,US38141G1040,Finance,0.186,160 Md$,none
msciacwi,79,RTX Corporation,RTX,US75513E1010,Industrie,0.186,160 Md$,none
msciacwi,80,Siemens,SIE,DE0007236101,Industrie,0.184,160 Md€,none
msciacwi,81,Arm Holdings,ARM,US0420682058,Technologie,0.182,140 Md$,none
msciacwi,82,Royal Bank of Canada,RY,CA7800871021,Finance,0.182,220 Md,none
msciacwi,83,Industrial and Commercial Bank of China,1398,CNE1000003G1,Finance,0.177,1800 Md,none
msciacwi,84,BlackRock,BLK,US09290D1019,Finance,0.174,150 Md$,none
msciacwi,85,Booking Holdings,BKNG,US09857L1089,Consommation discrétionnaire,0.174,150 Md$,none
msciacwi,86,Danaher Corporation,DHR,US2358511028,Santé,0.174,150 Md$,none
msciacwi,87,NextEra Energy,NEE,US65339F1012,Services aux collectivités,0.174,150 Md$,none
msciacwi,88,Pfizer,PFE,US7170811035,Santé,0.174,150 Md$,none
msciacwi,89,Progressive Corporation,PGR,US7433151039,Finance,0.174,150 Md$,none
msciacwi,90,Uber,UBER,US90353T1007,Industrie,0.174,150 Md$,none
msciacwi,91,Sanofi,SAN,FR0000120578,Santé,0.173,124 Md€,none
msciacwi,92,Deutsche Telekom,DTE,DE0005557508,Télécommunications,0.167,145 Md€,none
msciacwi,93,Charles Schwab Corporation,SCHW,US8085131055,Finance,0.162,140 Md$,none
msciacwi,94,Honeywell Technologies,HON,US4385161066,Industrie,0.162,140 Md$,none
msciacwi,95,Lowe's,LOW,US5486611073,Consommation discrétionnaire,0.162,140 Md$,none
msciacwi,96,Stryker Corporation,SYK,US8636671013,Santé,0.162,140 Md$,none
msciacwi,97,Union Pacific Corporation,UNP,US9078181081,Industrie,0.162,140 Md$,none
msciacwi,98,Inditex,ITX,ES0148396007,Consommation discrétionnaire,0.161,150 Md€,none
msciacwi,99,HDFC Bank,HDFCBANK,INE040A01034,Finance,0.16,15000 Md,none
msciacwi,100,SK Hynix,000660,KR7000660001,Technologie,0.159,150000 Md,none
msciacwi,101,Air Liquide,AI,FR0000120073,Matériaux,0.158,104 Md€,none
msciacwi,102,China Construction Bank,939,CNE1000002H1,Finance,0.158,1600 Md,none
msciacwi,103,BHP Group,BHP,AU000000BHP4,Matériaux,0.151,200 Md,none
msciacwi,104,Arista Networks,ANET,US0404131064,Technologie,0.15,130 Md$,none
msciacwi,105,Boston Scientific,BSX,US1011371077,Santé,0.15,130 Md$,none
msciacwi,106,Citigroup,C,US1729674242,Finance,0.15,130 Md$,none
msciacwi,107,Eaton Corporation,ETN,IE00B8KQN827,Industrie,0.15,130 Md$,none
msciacwi,108,Tata Consultancy Services,TCS,INE467B01029,Technologie,0.149,14000 Md,none
msciacwi,109,Airbus,AIR,NL0000235190,Aéronautique,0.147,128 Md€,none
msciacwi,110,Mitsubishi UFJ Financial Group,8306,JP3902900004,Finance,0.14,24000 Md,none
msciacwi,111,L'Oréal,OR,FR0000120321,Consommation courante,0.14,200 Md€,none
msciacwi,112,ConocoPhillips,COP,US20825C1045,Énergie,0.138,120 Md$,none
msciacwi,113,Deere & Company,DE,US2441991054,Industrie,0.138,120 Md$,none
msciacwi,114,Palo Alto Networks,PANW,US6974351057,Technologie,0.138,120 Md$,none
msciacwi,115,Vertex Pharmaceuticals,VRTX,US92532F1003,Santé,0.138,120 Md$,none
msciacwi,116,Medtronic,MDT,IE00BTN1Y115,Santé,0.138,115 Md$,none
msciacwi,117,Allianz,ALV,DE0008404005,Assurance,0.132,115 Md€,none
msciacwi,118,Toronto-Dominion Bank,TD,CA8911605092,Finance,0.132,160 Md,none
msciacwi,119,MercadoLibre,MELI,US58733R1023,Consommation discrétionnaire,0.131,100 Md$,none
msciacwi,120,Unilever,UNA,GB00B10RZP78,Consommation courante,0.129,130 Md€,none
msciacwi,121,EssilorLuxottica,EL,FR0000121667,Santé,0.129,110 Md€,none
msciacwi,122,Sony Group,6758,JP3435000009,Consommation discrétionnaire,0.129,22000 Md,none
msciacwi,123,Analog Devices,ADI,US0326541051,Technologie,0.126,110 Md$,none
msciacwi,124,Automatic Data Processing,ADP,US0530151036,Industrie,0.126,110 Md$,none
msciacwi,125,Boeing,BA,US0970231058,Industrie,0.126,110 Md$,none
msciacwi,126,Bristol Myers Squibb,BMY,US1101221083,Santé,0.126,110 Md$,none
msciacwi,127,Chubb Limited,CB,CH0044328745,Finance,0.126,110 Md$,none
msciacwi,128,Gilead Sciences,GILD,US3755581036,Santé,0.126,110 Md$,none
msciacwi,129,Lockheed Martin,LMT,US5398301094,Industrie,0.126,110 Md$,none
msciacwi,130,Micron Technology,MU,US5951121038,Technologie,0.126,110 Md$,none
msciacwi,131,"Nike, Inc.",NKE,US6541061031,Consommation discrétionnaire,0.126,110 Md$,none
msciacwi,132,Starbucks,SBUX,US8552441094,Consommation discrétionnaire,0.126,110 Md$,none
msciacwi,133,Intel,INTC,US4581401001,Technologie,0.12,100 Md$,none
msciacwi,134,Lam Research,LRCX,US5128071082,Technologie,0.12,100 Md$,none
msciacwi,135,Bank of China,3988,CNE1000001Z5,Finance,0.118,1200 Md,none
msciacwi,136,PetroChina,857,CNE1000003W8,Énergie,0.118,1200 Md,none
msciacwi,137,Anheuser-Busch InBev,ABI,BE0974293251,Consommation courante,0.118,110 Md€,none
msciacwi,138,Strategy,MSTR,US5949724083,Technologie,0.118,90 Md$,none
msciacwi,139,Hermès International,RMS,FR0000052292,Consommation discrétionnaire,0.117,228 Md€,none
msciacwi,140,Safran,SAF,FR0000073272,Aéronautique,0.114,98 Md€,none
msciacwi,141,Southern Company,SO,US8425871071,Services aux collectivités,0.114,95 Md$,none
msciacwi,142,Altria,MO,US02209S1033,Consommation courante,0.108,90 Md$,none
msciacwi,143,Duke Energy,DUK,US26441C2044,Services aux collectivités,0.108,90 Md$,none
msciacwi,144,Elevance Health,ELV,US0367521038,Santé,0.108,90 Md$,none
msciacwi,145,KLA Corporation,KLAC,US4824801009,Technologie,0.108,90 Md$,none
msciacwi,146,Mondelez International,MDLZ,US6092071058,Consommation courante,0.108,90 Md$,none
msciacwi,147,Sherwin-Williams,SHW,US8243481061,Matériaux,0.108,90 Md$,none
msciacwi,148,Enbridge,ENB,CA29250N1050,Énergie,0.107,130 Md,none
msciacwi,149,Bharti Airtel,BHARTIARTL,INE397D01024,Télécommunications,0.107,10000 Md,none
msciacwi,150,BNP Paribas,BNP,FR0000131104,Finance,0.105,78 Md€,none
msciacwi,151,Hitachi,6501,JP3788600009,Industrie,0.105,18000 Md,none
msciacwi,152,Rolls-Royce Holdings,RR,GB00B63H8491,Aéronautique,0.104,75 Md£,none
msciacwi,153,UBS Group,UBSG,CH0244767585,Finance,0.103,95 Md CHF,none
msciacwi,154,ABB,ABBN,CH0012221716,Industrie,0.103,95 Md CHF,none
msciacwi,155,Cigna,CI,US1255231003,Santé,0.102,85 Md$,none
msciacwi,156,Waste Management,WM,US94106L1098,Industrie,0.102,85 Md$,none
msciacwi,157,Prosus,PRX,NL0013654783,Technologie,0.102,95 Md€,none
msciacwi,158,Iberdrola,IBE,ES0144580Y14,Services aux collectivités,0.102,95 Md€,none
msciacwi,159,AXA,CS,FR0000120628,Assurance,0.1,82 Md€,none
msciacwi,160,Xiaomi,1810,KYG9830T1067,Technologie,0.098,1000 Md,none
msciacwi,161,Argenx,ARGEN,NL0010832176,Non classé,0.098,—,none
msciacwi,162,Investor,INVE B,SE0015811963,Finance,0.098,900 Md SEK,none
msciacwi,163,Cadence Design Systems,CDNS,US1273871087,Technologie,0.096,80 Md$,none
msciacwi,164,Cintas,CTAS,US1729081059,Industrie,0.096,80 Md$,none
msciacwi,165,Regeneron Pharmaceuticals,REGN,US75886F1075,Santé,0.096,80 Md$,none
msciacwi,166,Synopsys,SNPS,US8716071076,Technologie,0.096,80 Md$,none
msciacwi,167,ICICI Bank,ICICIBANK,INE090A01021,Finance,0.096,9000 Md,none
msciacwi,168,LG Energy Solution,373220,KR7373220003,Industrie,0.095,90000 Md,none
msciacwi,169,SoftBank Group,9984,JP3436100006,Technologie,0.093,16000 Md,none
msciacwi,170,Banco Santander,SAN.MC,ES0113900J37,Finance,0.091,85 Md€,none
msciacwi,171,Brookfield Corporation,BN,CA11271J1075,Finance,0.091,110 Md,none
msciacwi,172,Vinci,DG,FR0000125486,Industrie,0.091,68 Md€,none
msciacwi,173,CSL,CSL,AU000000CSL8,Santé,0.09,120 Md,none
msciacwi,174,National Australia Bank,NAB,AU000000NAB4,Finance,0.09,120 Md,none
msciacwi,175,Aon plc,AON,IE00BLP1HW54,Finance,0.09,75 Md$,none
msciacwi,176,"Block, Inc.",XYZ,US8522341036,Finance,0.09,75 Md$,none
msciacwi,177,Colgate-Palmolive,CL,US1941621039,Consommation courante,0.09,75 Md$,none
msciacwi,178,PNC Financial Services,PNC,US6934751057,Finance,0.09,75 Md$,none
msciacwi,179,U.S. Bancorp,USB,US9029733048,Finance,0.09,75 Md$,none
msciacwi,180,Zoetis,ZTS,US98978V1035,Santé,0.09,75 Md$,none
msciacwi,181,BP,BP,GB0007980591,Énergie,0.09,65 Md£,none
msciacwi,182,British American Tobacco,BATS,GB0002875804,Consommation courante,0.09,65 Md£,none
msciacwi,183,Meituan,3690,KYG596691041,Consommation discrétionnaire,0.089,900 Md,none
msciacwi,184,CNOOC,883,HK0883013259,Énergie,0.089,900 Md,none
msciacwi,185,Keyence,6861,JP3236200006,Technologie,0.088,15000 Md,none
msciacwi,186,Sumitomo Mitsui Financial Group,8316,JP3890350006,Finance,0.088,15000 Md,none
msciacwi,187,Westpac Banking,WBC,AU000000WBC1,Finance,0.087,115 Md,none
msciacwi,188,Bank of Montreal,BMO,CA0636711016,Finance,0.087,105 Md,none
msciacwi,189,Richemont,CFR,CH0210483332,Consommation discrétionnaire,0.086,80 Md CHF,none
msciacwi,190,Atlas Copco,ATCO A,SE0017486889,Industrie,0.085,780 Md SEK,none
msciacwi,191,Zurich Insurance,ZURN,CH0011075394,Assurance,0.084,78 Md CHF,none
msciacwi,192,Equinor,EQNR,NO0010096985,Énergie,0.084,70 Md€,none
msciacwi,193,3M,MMM,US88579Y1010,Industrie,0.084,70 Md$,none
msciacwi,194,Constellation Energy,CEG,US21037T1097,Services aux collectivités,0.084,70 Md$,none
msciacwi,195,CVS Health,CVS,US1266501006,Santé,0.084,70 Md$,none
msciacwi,196,Emerson Electric,EMR,US2910111044,Industrie,0.084,70 Md$,none
msciacwi,197,Fortinet,FTNT,US34959E1091,Technologie,0.084,70 Md$,none
msciacwi,198,Marvell Technology,MRVL,US5738741041,Technologie,0.084,70 Md$,none
msciacwi,199,O'Reilly Automotive,ORLY,US67103H1077,Consommation discrétionnaire,0.084,70 Md$,none
msciacwi,200,PayPal,PYPL,US70450Y1038,Finance,0.084,70 Md$,none
msciacwi,201,GSK,GSK,GB00BN7SWP63,Santé,0.083,60 Md£,none
msciacwi,202,Rio Tinto,RIO,GB0007188757,Matériaux,0.083,60 Md£,none
msciacwi,203,Canadian Pacific Kansas City,CP,CA13646K1084,Industrie,0.083,100 Md,none
msciacwi,204,Fast Retailing,9983,JP3802300008,Consommation discrétionnaire,0.082,14000 Md,none
msciacwi,205,Infosys,INFY,INE009A01021,Technologie,0.08,7500 Md,none
msciacwi,206,RELX,REN,GB00B2B0DG97,Communication,0.079,80 Md€,none
msciacwi,207,Itaú Unibanco,ITUB4,BRITUBACNPR1,Finance,0.079,300 Md,none
msciacwi,208,Canadian National Railway,CNR,CA1363751027,Industrie,0.079,95 Md,none
msciacwi,209,Bank of Nova Scotia,BNS,CA0641491075,Finance,0.079,95 Md,none
msciacwi,210,Thomson Reuters,TRI,CA8849037095,Communication,0.079,95 Md,none
msciacwi,211,CSX Corporation,CSX,US1264081035,Industrie,0.078,65 Md$,none
msciacwi,212,Williams Companies,WMB,US9694571004,Énergie,0.078,65 Md$,none
msciacwi,213,Enel,ENEL,IT0003128367,Services aux collectivités,0.077,72 Md€,none
msciacwi,214,Intesa Sanpaolo,ISP,IT0000072618,Finance,0.077,72 Md€,none
msciacwi,215,Diageo,DGE,GB0002374006,Consommation courante,0.076,55 Md£,none
msciacwi,216,London Stock Exchange Group,LSEG,GB00B0SWJX34,Finance,0.076,55 Md£,none
msciacwi,217,BAE Systems,BA,GB0002634946,Aéronautique,0.076,55 Md£,none
msciacwi,218,Tokyo Electron,8035,JP3571400005,Technologie,0.076,13000 Md,none
msciacwi,219,Recruit Holdings,6098,JP3970300004,Industrie,0.076,13000 Md,none
msciacwi,220,Nippon Telegraph and Telephone,9432,JP3735400008,Télécommunications,0.076,13000 Md,none
msciacwi,221,Porsche AG,P911,DE000PAG9113,Automobile,0.075,65 Md€,none
msciacwi,222,State Bank of India,SBIN,INE062A01020,Finance,0.075,7000 Md,none
msciacwi,223,Amrize AG,AMRIZ,CH1430134226,Non classé,0.074,—,none
msciacwi,224,Constellation Software,CSU,CA21037X1006,Technologie,0.074,90 Md,none
msciacwi,225,Canadian Natural Resources,CNQ,CA1363851017,Énergie,0.074,90 Md,none
msciacwi,226,Samsung Biologics,207940,KR7207940008,Santé,0.074,70000 Md,none
msciacwi,227,Vale,VALE3,BRVALEACNOR0,Matériaux,0.074,280 Md,none
msciacwi,228,Munich Re,MUV2,DE0008430026,Assurance,0.074,64 Md€,none
msciacwi,229,Ferrari,RACE,NL0011585146,Automobile,0.073,68 Md€,none
msciacwi,230,Freeport-McMoRan,FCX,US35671D8570,Matériaux,0.072,60 Md$,none
msciacwi,231,Kinder Morgan,KMI,US49456B1017,Énergie,0.072,60 Md$,none
msciacwi,232,Newmont,NEM,US6516391066,Matériaux,0.072,60 Md$,none
msciacwi,233,Merck KGaA,MRK,DE0006599905,Santé,0.071,62 Md€,none
msciacwi,234,Nintendo,7974,JP3756600007,Communication,0.07,12000 Md,none
msciacwi,235,Mitsubishi Corporation,8058,JP3898400001,Industrie,0.07,12000 Md,none
msciacwi,236,BBVA,BBVA,ES0113211835,Finance,0.07,65 Md€,none
msciacwi,237,AIA Group,1299,HK0000069689,Assurance,0.069,700 Md,none
msciacwi,238,BYD,1211,CNE100000296,Automobile,0.069,700 Md,none
msciacwi,239,ANZ Group,ANZ,AU000000ANZ3,Finance,0.068,90 Md,none
msciacwi,240,Siemens Healthineers,SHL,DE000SHL1006,Santé,0.067,58 Md€,none
msciacwi,241,National Grid,NG,GB00BDR05C01,Services aux collectivités,0.067,48 Md£,none
msciacwi,242,Copart,CPRT,US2172041061,Industrie,0.066,55 Md$,none
msciacwi,243,MetLife,MET,US59156R1086,Finance,0.066,55 Md$,none
msciacwi,244,Paccar,PCAR,US6937181088,Industrie,0.066,55 Md$,none
msciacwi,245,Roper Technologies,ROP,US7766961061,Technologie,0.066,55 Md$,none
msciacwi,246,Sempra,SRE,US8168511090,Services aux collectivités,0.066,55 Md$,none
msciacwi,247,Travelers Companies (The),TRV,US89417E1091,Finance,0.066,55 Md$,none
msciacwi,248,Truist Financial,TFC,US89832Q1094,Finance,0.066,55 Md$,none
msciacwi,249,Petrobras,PETR4,BRPETRACNPR6,Énergie,0.066,250 Md,none
msciacwi,250,UniCredit,UCG,IT0005239360,Finance,0.064,60 Md€,none
msciacwi,251,Shin-Etsu Chemical,4063,JP3371200001,Matériaux,0.064,11000 Md,none
msciacwi,252,KDDI,9433,JP3496400007,Télécommunications,0.064,11000 Md,none
msciacwi,253,ITOCHU,8001,JP3143600009,Industrie,0.064,11000 Md,none
msciacwi,254,Wesfarmers,WES,AU000000WES1,Consommation discrétionnaire,0.064,85 Md,none
msciacwi,255,Monster Beverage,MNST,US61174X1090,Consommation courante,0.064,50 Md$,none
msciacwi,256,Atlassian,TEAM,US0494681010,Technologie,0.064,50 Md$,none
msciacwi,257,Barclays,BARC,GB0031348658,Finance,0.062,45 Md£,none
msciacwi,258,Mercedes-Benz Group,MBG,DE0007100000,Automobile,0.062,54 Md€,none
msciacwi,259,Canadian Imperial Bank of Commerce,CM,CA1360691010,Finance,0.062,75 Md,none
msciacwi,260,Dassault Systèmes,DSY,FR0014003TT8,Technologie,0.061,44 Md€,none
msciacwi,261,Volvo,VOLV B,SE0000115446,Industrie,0.061,560 Md SEK,none
msciacwi,262,Macquarie Group,MQG,AU000000MQG1,Finance,0.06,80 Md,none
msciacwi,263,Allstate,ALL,US0200021014,Finance,0.06,50 Md$,none
msciacwi,264,American Electric Power,AEP,US0255371017,Services aux collectivités,0.06,50 Md$,none
msciacwi,265,Charter Communications,CHTR,US16119P1084,Communication,0.06,50 Md$,none
msciacwi,266,Marathon Petroleum,MPC,US56585A1025,Énergie,0.06,50 Md$,none
msciacwi,267,Paychex,PAYX,US7043261079,Industrie,0.06,50 Md$,none
msciacwi,268,Phillips 66,PSX,US7185461040,Énergie,0.06,50 Md$,none
msciacwi,269,Ross Stores,ROST,US7782961038,Consommation discrétionnaire,0.06,50 Md$,none
msciacwi,270,Ping An Insurance,2318,CNE1000003X6,Assurance,0.059,600 Md,none
msciacwi,271,China Petroleum & Chemical,386,CNE1000002Q2,Énergie,0.059,600 Md,none
msciacwi,272,ITC,ITC,INE154A01025,Consommation courante,0.059,5500 Md,none
msciacwi,273,Hindustan Unilever,HINDUNILVR,INE030A01027,Consommation courante,0.059,5500 Md,none
msciacwi,274,Mizuho Financial Group,8411,JP3885780001,Finance,0.058,10000 Md,none
msciacwi,275,Mitsui & Co.,8031,JP3893600001,Industrie,0.058,10000 Md,none
msciacwi,276,Tokio Marine Holdings,8766,JP3910660004,Assurance,0.058,10000 Md,none
msciacwi,277,Lloyds Banking Group,LLOY,GB0008706128,Finance,0.058,42 Md£,none
msciacwi,278,Compass Group,CPG,GB00BD6K4575,Consommation discrétionnaire,0.058,42 Md£,none
msciacwi,279,Glencore,GLEN,JE00B4T3BW64,Matériaux,0.058,42 Md£,none
msciacwi,280,Suncor Energy,SU,CA8672241079,Énergie,0.058,70 Md,none
msciacwi,281,Manulife Financial,MFC,CA56501R1064,Assurance,0.058,70 Md,none
msciacwi,282,BMW,BMW,DE0005190003,Automobile,0.058,50 Md€,none
msciacwi,283,Axon Enterprise,AXON,US05464C1018,Industrie,0.057,45 Md$,none
msciacwi,284,Thales,HO,FR0000121329,Aéronautique,0.056,36 Md€,none
msciacwi,285,ING Groep,INGA,NL0011821202,Finance,0.056,52 Md€,none
msciacwi,286,NatWest Group,NWG,GB00BM8PJY71,Finance,0.055,40 Md£,none
msciacwi,287,Haleon,HLN,GB00BMX86B70,Santé,0.055,40 Md£,none
msciacwi,288,Engie,ENGI,FR0010208488,Services aux collectivités,0.054,42 Md€,none
msciacwi,289,Danone,BN,FR0000120644,Consommation courante,0.054,44 Md€,none
msciacwi,290,DSV,DSV,DK0060079531,Industrie,0.054,45 Md€,none
msciacwi,291,Flutter Entertainment,FLTR,IE00BWT6H894,Consommation discrétionnaire,0.054,45 Md€,none
msciacwi,292,American International Group,AIG,US0268747849,Finance,0.054,45 Md$,none
msciacwi,293,Diamondback Energy,FANG,US25278X1090,Énergie,0.054,45 Md$,none
msciacwi,294,Fastenal,FAST,US3119001044,Industrie,0.054,45 Md$,none
msciacwi,295,Keurig Dr Pepper,KDP,US49271V1008,Consommation courante,0.054,45 Md$,none
msciacwi,296,Agnico Eagle Mines,AEM,CA0084741085,Matériaux,0.054,65 Md,none
msciacwi,297,Alimentation Couche-Tard,ATD,CA01626P4033,Consommation courante,0.054,65 Md,none
msciacwi,298,Larsen & Toubro,LT,INE018A01030,Industrie,0.053,5000 Md,none
msciacwi,299,Hyundai Motor,005380,KR7005380001,Automobile,0.053,50000 Md,none
msciacwi,300,Daiichi Sankyo,4568,JP3475350009,Santé,0.053,9000 Md,none
ftseallworld,1,Apple Inc.,AAPL,US0378331005,Technologie,4.23,3400 Md$,none
ftseallworld,2,Nvidia,NVDA,US67066G1040,Technologie,3.703,3300 Md$,none
ftseallworld,3,Microsoft,MSFT,US5949181045,Technologie,3.588,3200 Md$,none
ftseallworld,4,Amazon,AMZN,US0231351067,Consommation discrétionnaire,2.356,2100 Md$,none
ftseallworld,5,Meta Platforms,META,US30303M1027,Communication,1.571,1400 Md$,none
ftseallworld,6,Alphabet Inc. (Class A),GOOGL,US02079K3059,Communication,1.232,1100 Md$,none
ftseallworld,7,Alphabet Inc. (Class C),GOOG,US02079K1079,Communication,1.123,1000 Md$,none
ftseallworld,8,Berkshire Hathaway,BRK.B,US0846707026,Finance,1.123,1000 Md$,none
ftseallworld,9,Broadcom,AVGO,US11135F1012,Technologie,1.009,900 Md$,none
ftseallworld,10,"Tesla, Inc.",TSLA,US88160R1014,Consommation discrétionnaire,1.009,900 Md$,none
ftseallworld,11,Lilly (Eli),LLY,US5324571083,Santé,0.894,800 Md$,none
ftseallworld,12,JPMorgan Chase,JPM,US46625H1005,Finance,0.785,700 Md$,none
ftseallworld,13,Walmart,WMT,US9311421039,Consommation courante,0.785,700 Md$,none
ftseallworld,14,Visa Inc.,V,US92826C8394,Finance,0.694,620 Md$,none
ftseallworld,15,Mastercard,MA,US57636Q1040,Finance,0.562,500 Md$,none
ftseallworld,16,UnitedHealth Group,UNH,US91324P1021,Santé,0.562,500 Md$,none
ftseallworld,17,ExxonMobil,XOM,US30231G1022,Énergie,0.539,480 Md$,none
ftseallworld,18,Oracle Corporation,ORCL,US68389X1054,Technologie,0.539,480 Md$,none
ftseallworld,19,Costco,COST,US22160K1051,Consommation courante,0.447,400 Md$,none
ftseallworld,20,Home Depot (The),HD,US4370761029,Consommation discrétionnaire,0.436,390 Md$,none
ftseallworld,21,Procter & Gamble,PG,US7427181091,Consommation courante,0.436,390 Md$,none
ftseallworld,22,Johnson & Johnson,JNJ,US4781601046,Santé,0.424,380 Md$,none
ftseallworld,23,Netflix,NFLX,US64110L1061,Communication,0.424,380 Md$,none
ftseallworld,24,Samsung Electronics,005930,KR7005930003,Technologie,0.405,400000 Md,none
ftseallworld,25,Tencent Holdings,700,KYG875721634,Communication,0.395,4200 Md,none
ftseallworld,26,AbbVie,ABBV,US00287Y1091,Santé,0.373,330 Md$,none
ftseallworld,27,Bank of America,BAC,US0605051046,Finance,0.373,330 Md$,none
ftseallworld,28,Novo Nordisk,NOVO B,DK0062498333,Santé,0.344,300 Md€,none
ftseallworld,29,Chevron Corporation,CVX,US1667641005,Énergie,0.327,290 Md$,none
ftseallworld,30,Coca-Cola Company (The),KO,US1912161007,Consommation courante,0.315,280 Md$,none
ftseallworld,31,Advanced Micro Devices,AMD,US0079031078,Technologie,0.292,260 Md$,none
ftseallworld,32,Salesforce,CRM,US79466L3024,Technologie,0.292,260 Md$,none
ftseallworld,33,ASML Holding,ASML,NL0010273215,Technologie,0.286,280 Md€,none
ftseallworld,34,Merck & Co.,MRK,US58933Y1055,Santé,0.281,250 Md$,none
ftseallworld,35,T-Mobile US,TMUS,US8725901040,Communication,0.281,250 Md$,none
ftseallworld,36,Wells Fargo,WFC,US9497461015,Finance,0.269,240 Md$,none
ftseallworld,37,SAP,SAP,DE0007164600,Technologie,0.263,240 Md€,none
ftseallworld,38,Adobe Inc.,ADBE,US00724F1012,Technologie,0.258,230 Md$,none
ftseallworld,39,Cisco,CSCO,US17275R1023,Technologie,0.258,230 Md$,none
ftseallworld,40,PepsiCo,PEP,US7134481081,Consommation courante,0.258,230 Md$,none
ftseallworld,41,Linde plc,LIN,IE000S9YS762,Matériaux,0.246,220 Md$,none
ftseallworld,42,Nestlé,NESN,CH0038863350,Consommation courante,0.237,230 Md CHF,none
ftseallworld,43,McDonald's,MCD,US5801351017,Consommation discrétionnaire,0.235,210 Md$,none
ftseallworld,44,AstraZeneca,AZN,GB0009895292,Santé,0.229,2200 Md SEK,none
ftseallworld,45,Toyota Motor,7203,JP3633400001,Automobile,0.228,42000 Md,none
ftseallworld,46,TotalEnergies,TTE,FR0000120271,Énergie,0.226,148 Md€,none
ftseallworld,47,Abbott Laboratories,ABT,US0028241000,Santé,0.224,200 Md$,none
ftseallworld,48,Accenture,ACN,IE00B4BNMY34,Technologie,0.224,200 Md$,none
ftseallworld,49,GE Aerospace,GE,US3696043013,Industrie,0.224,200 Md$,none
ftseallworld,50,IBM,IBM,US4592001014,Technologie,0.224,200 Md$,none
ftseallworld,51,Morgan Stanley,MS,US6174464486,Finance,0.224,200 Md$,none
ftseallworld,52,ServiceNow,NOW,US81762P1021,Technologie,0.224,200 Md$,none
ftseallworld,53,Thermo Fisher Scientific,TMO,US8835561023,Santé,0.224,200 Md$,none
ftseallworld,54,Walt Disney Company (The),DIS,US2546871060,Communication,0.224,200 Md$,none
ftseallworld,55,Roche Holding,ROG,CH0012032048,Santé,0.222,215 Md CHF,none
ftseallworld,56,LVMH,MC,FR0000121014,Consommation discrétionnaire,0.212,312 Md€,none
ftseallworld,57,American Express,AXP,US0258161092,Finance,0.212,190 Md$,none
ftseallworld,58,Qualcomm,QCOM,US7475251036,Technologie,0.212,190 Md$,none
ftseallworld,59,Novartis,NOVN,CH0012005267,Santé,0.206,200 Md CHF,none
ftseallworld,60,Reliance Industries,RELIANCE,INE002A01018,Énergie,0.203,20000 Md,none
ftseallworld,61,Blackstone Inc.,BX,US09260D1072,Finance,0.201,180 Md$,none
ftseallworld,62,Intuit,INTU,US4612021034,Technologie,0.201,180 Md$,none
ftseallworld,63,Intuitive Surgical,ISRG,US46120E6023,Santé,0.201,180 Md$,none
ftseallworld,64,Palantir Technologies,PLTR,US69608A1088,Technologie,0.201,180 Md$,none
ftseallworld,65,Texas Instruments,TXN,US8825081040,Technologie,0.201,180 Md$,none
ftseallworld,66,Verizon,VZ,US92343V1044,Communication,0.201,180 Md$,none
ftseallworld,67,HSBC Holdings,HSBA,GB0005405286,Finance,0.198,150 Md£,none
ftseallworld,68,Schneider Electric,SU,FR0000121972,Industrie,0.196,132 Md€,none
ftseallworld,69,Shell,SHELL,GB00BP6MXD84,Énergie,0.189,200 Md€,none
ftseallworld,70,Amgen,AMGN,US0311621009,Santé,0.189,170 Md$,none
ftseallworld,71,Caterpillar Inc.,CAT,US1491231015,Industrie,0.189,170 Md$,none
ftseallworld,72,Alibaba Group,9988,KYG017191142,Consommation discrétionnaire,0.188,2000 Md,none
ftseallworld,73,Shopify,SHOP,CA82509L1076,Technologie,0.186,150 Md$,none
ftseallworld,74,PDD Holdings,PDD,US7223041028,Consommation discrétionnaire,0.186,150 Md$,none
ftseallworld,75,Commonwealth Bank of Australia,CBA,AU000000CBA7,Finance,0.179,250 Md,none
ftseallworld,76,Applied Materials,AMAT,US0382221051,Technologie,0.178,160 Md$,none
ftseallworld,77,Comcast,CMCSA,US20030N1019,Communication,0.178,160 Md$,none
ftseallworld,78,Goldman Sachs,GS,US38141G1040,Finance,0.178,160 Md$,none
ftseallworld,79,RTX Corporation,RTX,US75513E1010,Industrie,0.178,160 Md$,none
ftseallworld,80,Siemens,SIE,DE0007236101,Industrie,0.176,160 Md€,none
ftseallworld,81,Arm Holdings,ARM,US0420682058,Technologie,0.173,140 Md$,none
ftseallworld,82,Royal Bank of Canada,RY,CA7800871021,Finance,0.173,220 Md,none
ftseallworld,83,Industrial and Commercial Bank of China,1398,CNE1000003G1,Finance,0.169,1800 Md,none
ftseallworld,84,BlackRock,BLK,US09290D1019,Finance,0.166,150 Md$,none
ftseallworld,85,Booking Holdings,BKNG,US09857L1089,Consommation discrétionnaire,0.166,150 Md$,none
ftseallworld,86,Danaher Corporation,DHR,US2358511028,Santé,0.166,150 Md$,none
ftseallworld,87,NextEra Energy,NEE,US65339F1012,Services aux collectivités,0.166,150 Md$,none
ftseallworld,88,Pfizer,PFE,US7170811035,Santé,0.166,150 Md$,none
ftseallworld,89,Progressive Corporation,PGR,US7433151039,Finance,0.166,150 Md$,none
ftseallworld,90,Uber,UBER,US90353T1007,Industrie,0.166,150 Md$,none
ftseallworld,91,Sanofi,SAN,FR0000120578,Santé,0.165,124 Md€,none
ftseallworld,92,Deutsche Telekom,DTE,DE0005557508,Télécommunications,0.159,145 Md€,none
ftseallworld,93,Charles Schwab Corporation,SCHW,US8085131055,Finance,0.155,140 Md$,none
ftseallworld,94,Honeywell Technologies,HON,US4385161066,Industrie,0.155,140 Md$,none
ftseallworld,95,Lowe's,LOW,US5486611073,Consommation discrétionnaire,0.155,140 Md$,none
ftseallworld,96,Stryker Corporation,SYK,US8636671013,Santé,0.155,140 Md$,none
ftseallworld,97,Union Pacific Corporation,UNP,US9078181081,Industrie,0.155,140 Md$,none
ftseallworld,98,Inditex,ITX,ES0148396007,Consommation discrétionnaire,0.153,150 Md€,none
ftseallworld,99,HDFC Bank,HDFCBANK,INE040A01034,Finance,0.152,15000 Md,none
ftseallworld,100,SK Hynix,000660,KR7000660001,Technologie,0.152,150000 Md,none
ftseallworld,101,Air Liquide,AI,FR0000120073,Matériaux,0.151,104 Md€,none
ftseallworld,102,China Construction Bank,939,CNE1000002H1,Finance,0.15,1600 Md,none
ftseallworld,103,BHP Group,BHP,AU000000BHP4,Matériaux,0.144,200 Md,none
ftseallworld,104,Arista Networks,ANET,US0404131064,Technologie,0.143,130 Md$,none
ftseallworld,105,Boston Scientific,BSX,US1011371077,Santé,0.143,130 Md$,none
ftseallworld,106,Citigroup,C,US1729674242,Finance,0.143,130 Md$,none
ftseallworld,107,Eaton Corporation,ETN,IE00B8KQN827,Industrie,0.143,130 Md$,none
ftseallworld,108,Tata Consultancy Services,TCS,INE467B01029,Technologie,0.142,14000 Md,none
ftseallworld,109,Airbus,AIR,NL0000235190,Aéronautique,0.14,128 Md€,none
ftseallworld,110,Mitsubishi UFJ Financial Group,8306,JP3902900004,Finance,0.134,24000 Md,none
ftseallworld,111,L'Oréal,OR,FR0000120321,Consommation courante,0.134,200 Md€,none
ftseallworld,112,ConocoPhillips,COP,US20825C1045,Énergie,0.132,120 Md$,none
ftseallworld,113,Deere & Company,DE,US2441991054,Industrie,0.132,120 Md$,none
ftseallworld,114,Palo Alto Networks,PANW,US6974351057,Technologie,0.132,120 Md$,none
ftseallworld,115,Vertex Pharmaceuticals,VRTX,US92532F1003,Santé,0.132,120 Md$,none
ftseallworld,116,Medtronic,MDT,IE00BTN1Y115,Santé,0.132,115 Md$,none
ftseallworld,117,Allianz,ALV,DE0008404005,Assurance,0.126,115 Md€,none
ftseallworld,118,Toronto-Dominion Bank,TD,CA8911605092,Finance,0.126,160 Md,none
ftseallworld,119,MercadoLibre,MELI,US58733R1023,Consommation discrétionnaire,0.125,100 Md$,none
ftseallworld,120,Unilever,UNA,GB00B10RZP78,Consommation courante,0.123,130 Md€,none
ftseallworld,121,EssilorLuxottica,EL,FR0000121667,Santé,0.123,110 Md€,none
ftseallworld,122,Sony Group,6758,JP3435000009,Consommation discrétionnaire,0.123,22000 Md,none
ftseallworld,123,Analog Devices,ADI,US0326541051,Technologie,0.12,110 Md$,none
ftseallworld,124,Automatic Data Processing,ADP,US0530151036,Industrie,0.12,110 Md$,none
ftseallworld,125,Boeing,BA,US0970231058,Industrie,0.12,110 Md$,none
ftseallworld,126,Bristol Myers Squibb,BMY,US1101221083,Santé,0.12,110 Md$,none
ftseallworld,127,Chubb Limited,CB,CH0044328745,Finance,0.12,110 Md$,none
ftseallworld,128,Gilead Sciences,GILD,US3755581036,Santé,0.12,110 Md$,none
ftseallworld,129,Lockheed Martin,LMT,US5398301094,Industrie,0.12,110 Md$,none
ftseallworld,130,Micron Technology,MU,US5951121038,Technologie,0.12,110 Md$,none
ftseallworld,131,"Nike, Inc.",NKE,US6541061031,Consommation discrétionnaire,0.12,110 Md$,none
ftseallworld,132,Starbucks,SBUX,US8552441094,Consommation discrétionnaire,0.12,110 Md$,none
ftseallworld,133,Intel,INTC,US4581401001,Technologie,0.115,100 Md$,none
ftseallworld,134,Lam Research,LRCX,US5128071082,Technologie,0.115,100 Md$,none
ftseallworld,135,Bank of China,3988,CNE1000001Z5,Finance,0.113,1200 Md,none
ftseallworld,136,PetroChina,857,CNE1000003W8,Énergie,0.113,1200 Md,none
ftseallworld,137,Anheuser-Busch InBev,ABI,BE0974293251,Consommation courante,0.113,110 Md€,none
ftseallworld,138,Strategy,MSTR,US5949724083,Technologie,0.112,90 Md$,none
ftseallworld,139,Hermès International,RMS,FR0000052292,Consommation discrétionnaire,0.112,228 Md€,none
ftseallworld,140,Safran,SAF,FR0000073272,Aéronautique,0.109,98 Md€,none
ftseallworld,141,Southern Company,SO,US8425871071,Services aux collectivités,0.109,95 Md$,none
ftseallworld,142,Altria,MO,US02209S1033,Consommation courante,0.103,90 Md$,none
ftseallworld,143,Duke Energy,DUK,US26441C2044,Services aux collectivités,0.103,90 Md$,none
ftseallworld,144,Elevance Health,ELV,US0367521038,Santé,0.103,90 Md$,none
ftseallworld,145,KLA Corporation,KLAC,US4824801009,Technologie,0.103,90 Md$,none
ftseallworld,146,Mondelez International,MDLZ,US6092071058,Consommation courante,0.103,90 Md$,none
ftseallworld,147,Sherwin-Williams,SHW,US8243481061,Matériaux,0.103,90 Md$,none
ftseallworld,148,Enbridge,ENB,CA29250N1050,Énergie,0.102,130 Md,none
ftseallworld,149,Bharti Airtel,BHARTIARTL,INE397D01024,Télécommunications,0.102,10000 Md,none
ftseallworld,150,BNP Paribas,BNP,FR0000131104,Finance,0.1,78 Md€,none
ftseallworld,151,Hitachi,6501,JP3788600009,Industrie,0.1,18000 Md,none
ftseallworld,152,Rolls-Royce Holdings,RR,GB00B63H8491,Aéronautique,0.099,75 Md£,none
ftseallworld,153,UBS Group,UBSG,CH0244767585,Finance,0.098,95 Md CHF,none
ftseallworld,154,ABB,ABBN,CH0012221716,Industrie,0.098,95 Md CHF,none
ftseallworld,155,Cigna,CI,US1255231003,Santé,0.097,85 Md$,none
ftseallworld,156,Waste Management,WM,US94106L1098,Industrie,0.097,85 Md$,none
ftseallworld,157,Prosus,PRX,NL0013654783,Technologie,0.097,95 Md€,none
ftseallworld,158,Iberdrola,IBE,ES0144580Y14,Services aux collectivités,0.097,95 Md€,none
ftseallworld,159,AXA,CS,FR0000120628,Assurance,0.095,82 Md€,none
ftseallworld,160,Xiaomi,1810,KYG9830T1067,Technologie,0.094,1000 Md,none
ftseallworld,161,Argenx,ARGEN,NL0010832176,Non classé,0.094,—,none
ftseallworld,162,Investor,INVE B,SE0015811963,Finance,0.094,900 Md SEK,none
ftseallworld,163,Cadence Design Systems,CDNS,US1273871087,Technologie,0.092,80 Md$,none
ftseallworld,164,Cintas,CTAS,US1729081059,Industrie,0.092,80 Md$,none
ftseallworld,165,Regeneron Pharmaceuticals,REGN,US75886F1075,Santé,0.092,80 Md$,none
ftseallworld,166,Synopsys,SNPS,US8716071076,Technologie,0.092,80 Md$,none
ftseallworld,167,ICICI Bank,ICICIBANK,INE090A01021,Finance,0.091,9000 Md,none
ftseallworld,168,LG Energy Solution,373220,KR7373220003,Industrie,0.091,90000 Md,none
ftseallworld,169,SoftBank Group,9984,JP3436100006,Technologie,0.089,16000 Md,none
ftseallworld,170,Banco Santander,SAN.MC,ES0113900J37,Finance,0.087,85 Md€,none
ftseallworld,171,Brookfield Corporation,BN,CA11271J1075,Finance,0.087,110 Md,none
ftseallworld,172,Vinci,DG,FR0000125486,Industrie,0.087,68 Md€,none
ftseallworld,173,CSL,CSL,AU000000CSL8,Santé,0.086,120 Md,none
ftseallworld,174,National Australia Bank,NAB,AU000000NAB4,Finance,0.086,120 Md,none
ftseallworld,175,Aon plc,AON,IE00BLP1HW54,Finance,0.086,75 Md$,none
ftseallworld,176,"Block, Inc.",XYZ,US8522341036,Finance,0.086,75 Md$,none
ftseallworld,177,Colgate-Palmolive,CL,US1941621039,Consommation courante,0.086,75 Md$,none
ftseallworld,178,PNC Financial Services,PNC,US6934751057,Finance,0.086,75 Md$,none
ftseallworld,179,U.S. Bancorp,USB,US9029733048,Finance,0.086,75 Md$,none
ftseallworld,180,Zoetis,ZTS,US98978V1035,Santé,0.086,75 Md$,none
ftseallworld,181,BP,BP,GB0007980591,Énergie,0.086,65 Md£,none
ftseallworld,182,British American Tobacco,BATS,GB0002875804,Consommation courante,0.086,65 Md£,none
ftseallworld,183,Meituan,3690,KYG596691041,Consommation discrétionnaire,0.085,900 Md,none
ftseallworld,184,CNOOC,883,HK0883013259,Énergie,0.085,900 Md,none
ftseallworld,185,Keyence,6861,JP3236200006,Technologie,0.084,15000 Md,none
ftseallworld,186,Sumitomo Mitsui Financial Group,8316,JP3890350006,Finance,0.084,15000 Md,none
ftseallworld,187,Westpac Banking,WBC,AU000000WBC1,Finance,0.083,115 Md,none
ftseallworld,188,Bank of Montreal,BMO,CA0636711016,Finance,0.083,105 Md,none
ftseallworld,189,Richemont,CFR,CH0210483332,Consommation discrétionnaire,0.082,80 Md CHF,none
ftseallworld,190,Atlas Copco,ATCO A,SE0017486889,Industrie,0.081,780 Md SEK,none
ftseallworld,191,Zurich Insurance,ZURN,CH0011075394,Assurance,0.08,78 Md CHF,none
ftseallworld,192,Equinor,EQNR,NO0010096985,Énergie,0.08,70 Md€,none
ftseallworld,193,3M,MMM,US88579Y1010,Industrie,0.08,70 Md$,none
ftseallworld,194,Constellation Energy,CEG,US21037T1097,Services aux collectivités,0.08,70 Md$,none
ftseallworld,195,CVS Health,CVS,US1266501006,Santé,0.08,70 Md$,none
ftseallworld,196,Emerson Electric,EMR,US2910111044,Industrie,0.08,70 Md$,none
ftseallworld,197,Fortinet,FTNT,US34959E1091,Technologie,0.08,70 Md$,none
ftseallworld,198,Marvell Technology,MRVL,US5738741041,Technologie,0.08,70 Md$,none
ftseallworld,199,O'Reilly Automotive,ORLY,US67103H1077,Consommation discrétionnaire,0.08,70 Md$,none
ftseallworld,200,PayPal,PYPL,US70450Y1038,Finance,0.08,70 Md$,none
ftseallworld,201,GSK,GSK,GB00BN7SWP63,Santé,0.079,60 Md£,none
ftseallworld,202,Rio Tinto,RIO,GB0007188757,Matériaux,0.079,60 Md£,none
ftseallworld,203,Canadian Pacific Kansas City,CP,CA13646K1084,Industrie,0.079,100 Md,none
ftseallworld,204,Fast Retailing,9983,JP3802300008,Consommation discrétionnaire,0.078,14000 Md,none
ftseallworld,205,Infosys,INFY,INE009A01021,Technologie,0.076,7500 Md,none
ftseallworld,206,RELX,REN,GB00B2B0DG97,Communication,0.076,80 Md€,none
ftseallworld,207,Itaú Unibanco,ITUB4,BRITUBACNPR1,Finance,0.075,300 Md,none
ftseallworld,208,Canadian National Railway,CNR,CA1363751027,Industrie,0.075,95 Md,none
ftseallworld,209,Bank of Nova Scotia,BNS,CA0641491075,Finance,0.075,95 Md,none
ftseallworld,210,Thomson Reuters,TRI,CA8849037095,Communication,0.075,95 Md,none
ftseallworld,211,CSX Corporation,CSX,US1264081035,Industrie,0.075,65 Md$,none
ftseallworld,212,Williams Companies,WMB,US9694571004,Énergie,0.075,65 Md$,none
ftseallworld,213,Enel,ENEL,IT0003128367,Services aux collectivités,0.074,72 Md€,none
ftseallworld,214,Intesa Sanpaolo,ISP,IT0000072618,Finance,0.074,72 Md€,none
ftseallworld,215,Diageo,DGE,GB0002374006,Consommation courante,0.073,55 Md£,none
ftseallworld,216,London Stock Exchange Group,LSEG,GB00B0SWJX34,Finance,0.073,55 Md£,none
ftseallworld,217,BAE Systems,BA,GB0002634946,Aéronautique,0.073,55 Md£,none
ftseallworld,218,Tokyo Electron,8035,JP3571400005,Technologie,0.073,13000 Md,none
ftseallworld,219,Recruit Holdings,6098,JP3970300004,Industrie,0.073,13000 Md,none
ftseallworld,220,Nippon Telegraph and Telephone,9432,JP3735400008,Télécommunications,0.073,13000 Md,none
ftseallworld,221,Porsche AG,P911,DE000PAG9113,Automobile,0.071,65 Md€,none
ftseallworld,222,State Bank of India,SBIN,INE062A01020,Finance,0.071,7000 Md,none
ftseallworld,223,Amrize AG,AMRIZ,CH1430134226,Non classé,0.071,—,none
ftseallworld,224,Constellation Software,CSU,CA21037X1006,Technologie,0.071,90 Md,none
ftseallworld,225,Canadian Natural Resources,CNQ,CA1363851017,Énergie,0.071,90 Md,none
ftseallworld,226,Samsung Biologics,207940,KR7207940008,Santé,0.071,70000 Md,none
ftseallworld,227,Vale,VALE3,BRVALEACNOR0,Matériaux,0.07,280 Md,none
ftseallworld,228,Munich Re,MUV2,DE0008430026,Assurance,0.07,64 Md€,none
ftseallworld,229,Ferrari,RACE,NL0011585146,Automobile,0.069,68 Md€,none
ftseallworld,230,Freeport-McMoRan,FCX,US35671D8570,Matériaux,0.069,60 Md$,none
ftseallworld,231,Kinder Morgan,KMI,US49456B1017,Énergie,0.069,60 Md$,none
ftseallworld,232,Newmont,NEM,US6516391066,Matériaux,0.069,60 Md$,none
ftseallworld,233,Merck KGaA,MRK,DE0006599905,Santé,0.068,62 Md€,none
ftseallworld,234,Nintendo,7974,JP3756600007,Communication,0.067,12000 Md,none
ftseallworld,235,Mitsubishi Corporation,8058,JP3898400001,Industrie,0.067,12000 Md,none
ftseallworld,236,BBVA,BBVA,ES0113211835,Finance,0.067,65 Md€,none
ftseallworld,237,AIA Group,1299,HK0000069689,Assurance,0.066,700 Md,none
ftseallworld,238,BYD,1211,CNE100000296,Automobile,0.066,700 Md,none
ftseallworld,239,ANZ Group,ANZ,AU000000ANZ3,Finance,0.065,90 Md,none
ftseallworld,240,Siemens Healthineers,SHL,DE000SHL1006,Santé,0.064,58 Md€,none
ftseallworld,241,National Grid,NG,GB00BDR05C01,Services aux collectivités,0.063,48 Md£,none
ftseallworld,242,Copart,CPRT,US2172041061,Industrie,0.063,55 Md$,none
ftseallworld,243,MetLife,MET,US59156R1086,Finance,0.063,55 Md$,none
ftseallworld,244,Paccar,PCAR,US6937181088,Industrie,0.063,55 Md$,none
ftseallworld,245,Roper Technologies,ROP,US7766961061,Technologie,0.063,55 Md$,none
ftseallworld,246,Sempra,SRE,US8168511090,Services aux collectivités,0.063,55 Md$,none
ftseallworld,247,Travelers Companies (The),TRV,US89417E1091,Finance,0.063,55 Md$,none
ftseallworld,248,Truist Financial,TFC,US89832Q1094,Finance,0.063,55 Md$,none
ftseallworld,249,Petrobras,PETR4,BRPETRACNPR6,Énergie,0.063,250 Md,none
ftseallworld,250,UniCredit,UCG,IT0005239360,Finance,0.061,60 Md€,none
ftseallworld,251,Shin-Etsu Chemical,4063,JP3371200001,Matériaux,0.061,11000 Md,none
ftseallworld,252,KDDI,9433,JP3496400007,Télécommunications,0.061,11000 Md,none
ftseallworld,253,ITOCHU,8001,JP3143600009,Industrie,0.061,11000 Md,none
ftseallworld,254,Wesfarmers,WES,AU000000WES1,Consommation discrétionnaire,0.061,85 Md,none
ftseallworld,255,Monster Beverage,MNST,US61174X1090,Consommation courante,0.061,50 Md$,none
ftseallworld,256,Atlassian,TEAM,US0494681010,Technologie,0.061,50 Md$,none
ftseallworld,257,Barclays,BARC,GB0031348658,Finance,0.06,45 Md£,none
ftseallworld,258,Mercedes-Benz Group,MBG,DE0007100000,Automobile,0.059,54 Md€,none
ftseallworld,259,Canadian Imperial Bank of Commerce,CM,CA1360691010,Finance,0.059,75 Md,none
ftseallworld,260,Dassault Systèmes,DSY,FR0014003TT8,Technologie,0.059,44 Md€,none
ftseallworld,261,Volvo,VOLV B,SE0000115446,Industrie,0.058,560 Md SEK,none
ftseallworld,262,Macquarie Group,MQG,AU000000MQG1,Finance,0.058,80 Md,none
ftseallworld,263,Allstate,ALL,US0200021014,Finance,0.057,50 Md$,none
ftseallworld,264,American Electric Power,AEP,US0255371017,Services aux collectivités,0.057,50 Md$,none
ftseallworld,265,Charter Communications,CHTR,US16119P1084,Communication,0.057,50 Md$,none
ftseallworld,266,Marathon Petroleum,MPC,US56585A1025,Énergie,0.057,50 Md$,none
ftseallworld,267,Paychex,PAYX,US7043261079,Industrie,0.057,50 Md$,none
ftseallworld,268,Phillips 66,PSX,US7185461040,Énergie,0.057,50 Md$,none
ftseallworld,269,Ross Stores,ROST,US7782961038,Consommation discrétionnaire,0.057,50 Md$,none
ftseallworld,270,Ping An Insurance,2318,CNE1000003X6,Assurance,0.057,600 Md,none
ftseallworld,271,China Petroleum & Chemical,386,CNE1000002Q2,Énergie,0.057,600 Md,none
ftseallworld,272,ITC,ITC,INE154A01025,Consommation courante,0.056,5500 Md,none
ftseallworld,273,Hindustan Unilever,HINDUNILVR,INE030A01027,Consommation courante,0.056,5500 Md,none
ftseallworld,274,Mizuho Financial Group,8411,JP3885780001,Finance,0.056,10000 Md,none
ftseallworld,275,Mitsui & Co.,8031,JP3893600001,Industrie,0.056,10000 Md,none
ftseallworld,276,Tokio Marine Holdings,8766,JP3910660004,Assurance,0.056,10000 Md,none
ftseallworld,277,Lloyds Banking Group,LLOY,GB0008706128,Finance,0.055,42 Md£,none
ftseallworld,278,Compass Group,CPG,GB00BD6K4575,Consommation discrétionnaire,0.055,42 Md£,none
ftseallworld,279,Glencore,GLEN,JE00B4T3BW64,Matériaux,0.055,42 Md£,none
ftseallworld,280,Suncor Energy,SU,CA8672241079,Énergie,0.055,70 Md,none
ftseallworld,281,Manulife Financial,MFC,CA56501R1064,Assurance,0.055,70 Md,none
ftseallworld,282,BMW,BMW,DE0005190003,Automobile,0.055,50 Md€,none
ftseallworld,283,Axon Enterprise,AXON,US05464C1018,Industrie,0.055,45 Md$,none
ftseallworld,284,Thales,HO,FR0000121329,Aéronautique,0.053,36 Md€,none
ftseallworld,285,ING Groep,INGA,NL0011821202,Finance,0.053,52 Md€,none
ftseallworld,286,NatWest Group,NWG,GB00BM8PJY71,Finance,0.053,40 Md£,none
ftseallworld,287,Haleon,HLN,GB00BMX86B70,Santé,0.053,40 Md£,none
ftseallworld,288,Engie,ENGI,FR0010208488,Services aux collectivités,0.052,42 Md€,none
ftseallworld,289,Danone,BN,FR0000120644,Consommation courante,0.052,44 Md€,none
ftseallworld,290,DSV,DSV,DK0060079531,Industrie,0.052,45 Md€,none
ftseallworld,291,Flutter Entertainment,FLTR,IE00BWT6H894,Consommation discrétionnaire,0.052,45 Md€,none
ftseallworld,292,American International Group,AIG,US0268747849,Finance,0.052,45 Md$,none
ftseallworld,293,Diamondback Energy,FANG,US25278X1090,Énergie,0.052,45 Md$,none
ftseallworld,294,Fastenal,FAST,US3119001044,Industrie,0.052,45 Md$,none
ftseallworld,295,Keurig Dr Pepper,KDP,US49271V1008,Consommation courante,0.052,45 Md$,none
ftseallworld,296,Agnico Eagle Mines,AEM,CA0084741085,Matériaux,0.051,65 Md,none
ftseallworld,297,Alimentation Couche-Tard,ATD,CA01626P4033,Consommation courante,0.051,65 Md,none
ftseallworld,298,Larsen & Toubro,LT,INE018A01030,Industrie,0.051,5000 Md,none
ftseallworld,299,Hyundai Motor,005380,KR7005380001,Automobile,0.051,50000 Md,none
ftseallworld,300,Daiichi Sankyo,4568,JP3475350009,Santé,0.051,9000 Md,none
